{"type":"FeatureCollection","features":[{"type":"Feature","properties":{"id":"1431490200001","name":"Restinga : Morro Sul","city":"4314902","ivs":0.302,"idhm":0.681,"income":610.25,"cnes":0},"geometry":{"type":"Polygon","coordinates":[[[-51.087211,-30.181048],[-51.087518,-30.181714],[-51.088793,-30.182615],[-51.090221,-30.182442],[-51.091037,-30.181969],[-51.091699,-30.181088],[-51.092591,-30.180744],[-51.093279,-30.180163],[-51.094521,-30.179959],[-51.095641,-30.178949],[-51.096635,-30.178885],[-51.097321,-30.177811],[-51.097347,-30.176801],[-51.09764,-30.176416],[-51.098736,-30.175488],[-51.099687,-30.173868],[-51.101427,-30.172827],[-51.114504,-30.170161],[-51.124441,-30.146489],[-51.126386,-30.142945],[-51.125718,-30.142981],[-51.124649,-30.143478],[-51.1214,-30.14347],[-51.11937,-30.14413],[-51.116306,-30.143733],[-51.114245,-30.145176],[-51.112027,-30.146165],[-51.109865,-30.146401],[-51.109006,-30.150013],[-51.1075,-30.151145],[-51.107029,-30.15179],[-51.097744,-30.166851],[-51.095199,-30.169796],[-51.093295,-30.170691],[-51.091614,-30.172198],[-51.090647,-30.174757],[-51.090243,-30.177716],[-51.089708,-30.179221],[-51.087211,-30.181048]]]}},{"type":"Feature","properties":{"id":"1431490200002","name":"Restinga : Pitinga","city":"4314902","ivs":0.37,"idhm":0.646,"income":489.26,"cnes":0},"geometry":{"type":"Polygon","coordinates":[[[-51.104078,-30.149607],[-51.104631,-30.152196],[-51.107157,-30.151615],[-51.109006,-30.150013],[-51.109865,-30.146401],[-51.108826,-30.146285],[-51.108239,-30.14571],[-51.107448,-30.14711],[-51.104784,-30.149309],[-51.104821,-30.149558],[-51.104531,-30.14941],[-51.104078,-30.149607]]]}},{"type":"Feature","properties":{"id":"1431490200003","name":"Hípica : Moradas da Hípica","city":"4314902","ivs":0.296,"idhm":0.724,"income":709.69,"cnes":3},"geometry":{"type":"Polygon","coordinates":[[[-51.169343,-30.159325],[-51.169416,-30.163207],[-51.175596,-30.164863],[-51.176431,-30.164951],[-51.178167,-30.16436],[-51.178133,-30.1621],[-51.177171,-30.162009],[-51.176547,-30.162267],[-51.176441,-30.16187],[-51.176385,-30.156412],[-51.176065,-30.155631],[-51.173152,-30.156197],[-51.170429,-30.156421],[-51.170505,-30.159317],[-51.169343,-30.159325]]]}},{"type":"Feature","properties":{"id":"1431490200004","name":"Lomba do Pinheiro : Parque dos Eucaliptos / Vila Pitinga","city":"4314902","ivs":0.381,"idhm":0.654,"income":544.22,"cnes":0},"geometry":{"type":"Polygon","coordinates":[[[-51.078614,-30.160745],[-51.07935,-30.163954],[-51.081541,-30.165739],[-51.08071,-30.167057],[-51.080352,-30.168942],[-51.080428,-30.170016],[-51.081271,-30.171694],[-51.082755,-30.177292],[-51.082475,-30.178961],[-51.082909,-30.17967],[-51.083649,-30.180229],[-51.087068,-30.181581],[-51.088701,-30.182827],[-51.088818,-30.182599],[-51.087518,-30.181714],[-51.087211,-30.181048],[-51.089708,-30.179221],[-51.090243,-30.177716],[-51.090647,-30.174757],[-51.091614,-30.172198],[-51.093295,-30.170691],[-51.095199,-30.169796],[-51.097857,-30.166682],[-51.092403,-30.155707],[-51.087578,-30.155147],[-51.085914,-30.154419],[-51.085665,-30.154906],[-51.082063,-30.157136],[-51.080824,-30.158757],[-51.078825,-30.160151],[-51.078614,-30.160745]]]}},{"type":"Feature","properties":{"id":"1431490200005","name":"Hípica : Edgar Pires de Castro / Juca Batista / Dorival Castilho Machado","city":"4314902","ivs":0.207,"idhm":0.862,"income":1595.35,"cnes":23},"geometry":{"type":"Polygon","coordinates":[[[-51.171018,-30.153413],[-51.173713,-30.156117],[-51.176065,-30.155631],[-51.176385,-30.156412],[-51.176441,-30.16187],[-51.176547,-30.162267],[-51.177171,-30.162009],[-51.178133,-30.1621],[-51.178167,-30.16436],[-51.183395,-30.162535],[-51.183441,-30.16341],[-51.183759,-30.162844],[-51.187681,-30.169151],[-51.188795,-30.168499],[-51.1916,-30.172884],[-51.194118,-30.173036],[-51.199201,-30.173949],[-51.201789,-30.174016],[-51.20396,-30.173717],[-51.204626,-30.174054],[-51.204962,-30.174938],[-51.205665,-30.175846],[-51.207644,-30.17652],[-51.212008,-30.175518],[-51.214045,-30.175426],[-51.215234,-30.174924],[-51.215196,-30.17304],[-51.215526,-30.171736],[-51.214431,-30.170859],[-51.214056,-30.170266],[-51.213841,-30.16904],[-51.214176,-30.168003],[-51.215902,-30.165056],[-51.220069,-30.162446],[-51.220626,-30.161593],[-51.220664,-30.160889],[-51.215336,-30.16152],[-51.214145,-30.162005],[-51.213571,-30.163024],[-51.208685,-30.163447],[-51.21038,-30.154562],[-51.209075,-30.153917],[-51.206509,-30.158241],[-51.199863,-30.154954],[-51.196373,-30.157985],[-51.194319,-30.158767],[-51.19239,-30.15904],[-51.189747,-30.158546],[-51.186667,-30.156743],[-51.184014,-30.156641],[-51.183112,-30.15622],[-51.182958,-30.154447],[-51.181706,-30.154036],[-51.181205,-30.153635],[-51.180653,-30.152644],[-51.178649,-30.151782],[-51.175671,-30.151001],[-51.174949,-30.15032],[-51.173396,-30.150592],[-51.17341,-30.151431],[-51.172875,-30.15283],[-51.17104,-30.152822],[-51.171018,-30.153413]]]}},{"type":"Feature","properties":{"id":"1431490200006","name":"Ipanema : Rossatos / Biazetto","city":"4314902","ivs":0.284,"idhm":0.761,"income":899.92,"cnes":13},"geometry":{"type":"Polygon","coordinates":[[[-51.177222,-30.151403],[-51.180653,-30.152644],[-51.181205,-30.153635],[-51.181706,-30.154036],[-51.182958,-30.154447],[-51.183112,-30.15622],[-51.183864,-30.156578],[-51.186016,-30.156575],[-51.186667,-30.156743],[-51.189747,-30.158546],[-51.19239,-30.15904],[-51.193336,-30.158973],[-51.196373,-30.157985],[-51.200148,-30.154693],[-51.201018,-30.153462],[-51.20176,-30.15065],[-51.204082,-30.148385],[-51.205197,-30.147861],[-51.207761,-30.147759],[-51.209797,-30.147317],[-51.208683,-30.145603],[-51.2091,-30.145453],[-51.208604,-30.143953],[-51.207342,-30.144394],[-51.206127,-30.144219],[-51.206233,-30.143896],[-51.20825,-30.143336],[-51.206102,-30.142692],[-51.203325,-30.139024],[-51.198976,-30.140452],[-51.198531,-30.139513],[-51.196645,-30.140764],[-51.196755,-30.14031],[-51.195177,-30.13811],[-51.190352,-30.132505],[-51.18926,-30.133181],[-51.188754,-30.134045],[-51.187137,-30.135522],[-51.185062,-30.139912],[-51.184765,-30.14168],[-51.183164,-30.143775],[-51.18044,-30.145876],[-51.177222,-30.151403]]]}},{"type":"Feature","properties":{"id":"1431490200007","name":"Ipanema ( bairro)","city":"4314902","ivs":0.082,"idhm":0.905,"income":2910.87,"cnes":30},"geometry":{"type":"Polygon","coordinates":[[[-51.21833,-30.132902],[-51.218812,-30.134744],[-51.220833,-30.139168],[-51.219973,-30.140973],[-51.226235,-30.144489],[-51.228225,-30.140512],[-51.228827,-30.139762],[-51.230901,-30.137636],[-51.234354,-30.135712],[-51.233265,-30.134649],[-51.231541,-30.134017],[-51.231462,-30.133729],[-51.233591,-30.132595],[-51.236334,-30.131619],[-51.233666,-30.129155],[-51.231627,-30.131429],[-51.226871,-30.129681],[-51.226127,-30.130201],[-51.223476,-30.130436],[-51.223506,-30.131435],[-51.218402,-30.13195],[-51.21833,-30.132902]]]}},{"type":"Feature","properties":{"id":"1431490200008","name":"Tristeza","city":"4314902","ivs":0.068,"idhm":0.925,"income":3371.41,"cnes":122},"geometry":{"type":"Polygon","coordinates":[[[-51.241102,-30.117325],[-51.246485,-30.119137],[-51.244282,-30.12543],[-51.248472,-30.123476],[-51.250139,-30.123059],[-51.25257,-30.123062],[-51.253148,-30.122283],[-51.253844,-30.119853],[-51.253853,-30.119234],[-51.253456,-30.118202],[-51.253501,-30.11725],[-51.262048,-30.120345],[-51.258922,-30.111968],[-51.260684,-30.111208],[-51.26113,-30.112775],[-51.262899,-30.112215],[-51.262922,-30.109375],[-51.261649,-30.110797],[-51.258428,-30.110754],[-51.260076,-30.107343],[-51.261787,-30.106367],[-51.252715,-30.103982],[-51.251425,-30.103123],[-51.249491,-30.101284],[-51.248522,-30.104014],[-51.247198,-30.103678],[-51.241102,-30.117325]]]}},{"type":"Feature","properties":{"id":"1431490200009","name":"Cascata : Santiago Dantas","city":"4314902","ivs":0.207,"idhm":0.862,"income":1595.35,"cnes":5},"geometry":{"type":"Polygon","coordinates":[[[-51.193311,-30.083427],[-51.193461,-30.083865],[-51.194559,-30.08359],[-51.194578,-30.084494],[-51.194114,-30.084593],[-51.196603,-30.08731],[-51.197016,-30.086672],[-51.199579,-30.084839],[-51.198076,-30.084409],[-51.197707,-30.082955],[-51.201084,-30.080737],[-51.198634,-30.078807],[-51.197129,-30.077228],[-51.195136,-30.078812],[-51.194556,-30.078688],[-51.194377,-30.079944],[-51.195127,-30.080571],[-51.195641,-30.082065],[-51.194974,-30.082948],[-51.193311,-30.083427]]]}},{"type":"Feature","properties":{"id":"1431490200010","name":"Belém Velho : Hospital Parque Belém","city":"4314902","ivs":0.285,"idhm":0.761,"income":899.92,"cnes":7},"geometry":{"type":"Polygon","coordinates":[[[-51.157679,-30.120211],[-51.159867,-30.122845],[-51.162558,-30.124889],[-51.164418,-30.125546],[-51.166202,-30.125599],[-51.168066,-30.125139],[-51.171451,-30.125464],[-51.17373,-30.124731],[-51.173538,-30.125919],[-51.174206,-30.126569],[-51.1755,-30.127139],[-51.176371,-30.127885],[-51.176493,-30.128568],[-51.175946,-30.13358],[-51.177856,-30.131262],[-51.180719,-30.128917],[-51.183794,-30.125927],[-51.185868,-30.125441],[-51.188062,-30.125253],[-51.190588,-30.124461],[-51.192964,-30.12453],[-51.192803,-30.122773],[-51.19559,-30.122053],[-51.197083,-30.120368],[-51.195551,-30.119728],[-51.195348,-30.118677],[-51.194805,-30.118618],[-51.194364,-30.118082],[-51.191292,-30.118718],[-51.18935,-30.118791],[-51.187464,-30.118207],[-51.184284,-30.117836],[-51.181968,-30.117181],[-51.181137,-30.116716],[-51.18028,-30.115685],[-51.179565,-30.115216],[-51.178892,-30.114074],[-51.176883,-30.113469],[-51.176712,-30.114508],[-51.177094,-30.115532],[-51.176052,-30.116131],[-51.172269,-30.116698],[-51.17004,-30.116221],[-51.168159,-30.114509],[-51.166753,-30.11419],[-51.164783,-30.114855],[-51.164104,-30.115259],[-51.162794,-30.116759],[-51.161674,-30.116989],[-51.157679,-30.120211]]]}},{"type":"Feature","properties":{"id":"1431490200011","name":"Belém Velho : Boqueirão / Watanabe","city":"4314902","ivs":0.23,"idhm":0.714,"income":727.98,"cnes":4},"geometry":{"type":"Polygon","coordinates":[[[-51.133539,-30.133448],[-51.134522,-30.134902],[-51.135463,-30.135717],[-51.140304,-30.134115],[-51.141088,-30.133207],[-51.142114,-30.132523],[-51.142175,-30.132005],[-51.140029,-30.128465],[-51.13964,-30.127191],[-51.140228,-30.12565],[-51.14136,-30.124563],[-51.142833,-30.121475],[-51.142571,-30.120369],[-51.143169,-30.119781],[-51.145046,-30.118792],[-51.14741,-30.118034],[-51.150075,-30.119031],[-51.152625,-30.121124],[-51.154823,-30.120624],[-51.156441,-30.121055],[-51.161674,-30.116989],[-51.162794,-30.116759],[-51.164104,-30.115259],[-51.166753,-30.11419],[-51.168159,-30.114509],[-51.17004,-30.116221],[-51.172269,-30.116698],[-51.176052,-30.116131],[-51.177094,-30.115532],[-51.176712,-30.114508],[-51.176883,-30.113469],[-51.177115,-30.113509],[-51.179147,-30.114269],[-51.179565,-30.115216],[-51.18125,-30.116779],[-51.182974,-30.116058],[-51.182951,-30.115503],[-51.182497,-30.114637],[-51.183679,-30.113871],[-51.184688,-30.113792],[-51.186511,-30.114486],[-51.187307,-30.115035],[-51.188688,-30.114206],[-51.189575,-30.114696],[-51.190695,-30.113982],[-51.190438,-30.113533],[-51.190699,-30.11294],[-51.191442,-30.112448],[-51.192093,-30.11149],[-51.193704,-30.111619],[-51.194148,-30.110216],[-51.195776,-30.10959],[-51.197678,-30.109551],[-51.19873,-30.110764],[-51.199828,-30.110812],[-51.199889,-30.111307],[-51.200485,-30.111216],[-51.200154,-30.109823],[-51.199569,-30.108652],[-51.197735,-30.106581],[-51.197165,-30.104967],[-51.195891,-30.104765],[-51.195459,-30.103404],[-51.193627,-30.102292],[-51.190528,-30.101726],[-51.187257,-30.101976],[-51.18682,-30.101771],[-51.186572,-30.100956],[-51.186035,-30.100806],[-51.184713,-30.099713],[-51.177915,-30.096922],[-51.177696,-30.097901],[-51.177235,-30.09827],[-51.175844,-30.09811],[-51.174886,-30.09851],[-51.172949,-30.099747],[-51.17284,-30.10029],[-51.172159,-30.100299],[-51.17122,-30.09982],[-51.170301,-30.100949],[-51.169574,-30.101006],[-51.168749,-30.101629],[-51.167994,-30.101838],[-51.16612,-30.101736],[-51.165301,-30.101994],[-51.164445,-30.101411],[-51.163975,-30.101355],[-51.159755,-30.101528],[-51.157739,-30.101243],[-51.153712,-30.101207],[-51.152714,-30.101376],[-51.150102,-30.102688],[-51.148935,-30.103536],[-51.151487,-30.105474],[-51.155042,-30.110609],[-51.158215,-30.112761],[-51.159077,-30.113739],[-51.159297,-30.115168],[-51.158825,-30.116404],[-51.156972,-30.118324],[-51.15619,-30.117668],[-51.155684,-30.117963],[-51.153509,-30.118041],[-51.151234,-30.116428],[-51.148331,-30.115368],[-51.147171,-30.11524],[-51.143404,-30.11638],[-51.140969,-30.117764],[-51.139703,-30.119156],[-51.139331,-30.120244],[-51.139416,-30.121439],[-51.138515,-30.123181],[-51.13724,-30.12464],[-51.136509,-30.126611],[-51.136597,-30.128361],[-51.138363,-30.131765],[-51.133539,-30.133448]]]}},{"type":"Feature","properties":{"id":"1431490200012","name":"Vila Nova : Ventura Pinto","city":"4314902","ivs":0.306,"idhm":0.735,"income":846.68,"cnes":1},"geometry":{"type":"Polygon","coordinates":[[[-51.18125,-30.116779],[-51.184284,-30.117836],[-51.185373,-30.117644],[-51.187721,-30.115913],[-51.190511,-30.11496],[-51.194584,-30.111855],[-51.195047,-30.110886],[-51.197587,-30.110403],[-51.199593,-30.111613],[-51.199968,-30.112364],[-51.201053,-30.112667],[-51.201454,-30.113006],[-51.20234,-30.114436],[-51.204592,-30.115949],[-51.206028,-30.117896],[-51.206715,-30.118],[-51.2073,-30.117634],[-51.206912,-30.11503],[-51.204436,-30.113691],[-51.202134,-30.111384],[-51.201482,-30.111134],[-51.199889,-30.111307],[-51.199828,-30.110812],[-51.19873,-30.110764],[-51.197678,-30.109551],[-51.195776,-30.10959],[-51.194148,-30.110216],[-51.193704,-30.111619],[-51.192093,-30.11149],[-51.191442,-30.112448],[-51.190699,-30.11294],[-51.190438,-30.113533],[-51.190695,-30.113982],[-51.189575,-30.114696],[-51.188688,-30.114206],[-51.187307,-30.115035],[-51.186511,-30.114486],[-51.184688,-30.113792],[-51.183679,-30.113871],[-51.182497,-30.114637],[-51.182951,-30.115503],[-51.182974,-30.116058],[-51.18125,-30.116779]]]}},{"type":"Feature","properties":{"id":"1431490200013","name":"Serraria : Vila dos Sargentos","city":"4314902","ivs":0.384,"idhm":0.618,"income":400.1,"cnes":1},"geometry":{"type":"Polygon","coordinates":[[[-51.224538,-30.163105],[-51.225796,-30.163801],[-51.226946,-30.164115],[-51.227447,-30.164893],[-51.227523,-30.165314],[-51.226655,-30.167548],[-51.226929,-30.1678],[-51.226651,-30.168152],[-51.22683,-30.169075],[-51.232906,-30.165434],[-51.233368,-30.164017],[-51.232398,-30.16295],[-51.230669,-30.163222],[-51.229835,-30.162742],[-51.224538,-30.163105]]]}},{"type":"Feature","properties":{"id":"1431490200014","name":"Restinga : Chácara do Banco","city":"4314902","ivs":0.237,"idhm":0.688,"income":662.53,"cnes":6},"geometry":{"type":"Polygon","coordinates":[[[-51.114483,-30.170165],[-51.114988,-30.179329],[-51.121437,-30.182612],[-51.121718,-30.182676],[-51.121768,-30.182332],[-51.122444,-30.182643],[-51.122672,-30.18231],[-51.13086,-30.181907],[-51.13179,-30.182024],[-51.136123,-30.183869],[-51.137213,-30.184039],[-51.138935,-30.184788],[-51.141105,-30.183309],[-51.141717,-30.182405],[-51.14206,-30.180448],[-51.143111,-30.178699],[-51.146021,-30.176017],[-51.150115,-30.171547],[-51.154145,-30.168087],[-51.154944,-30.166755],[-51.1555,-30.164913],[-51.154032,-30.16429],[-51.150628,-30.160453],[-51.150129,-30.160662],[-51.149769,-30.160228],[-51.146502,-30.159186],[-51.144831,-30.157731],[-51.143901,-30.159237],[-51.145755,-30.160058],[-51.144397,-30.162468],[-51.144364,-30.162872],[-51.145216,-30.1629],[-51.145169,-30.163464],[-51.143446,-30.163444],[-51.140169,-30.163944],[-51.137218,-30.162635],[-51.135346,-30.162858],[-51.133999,-30.16364],[-51.134607,-30.164168],[-51.134934,-30.164073],[-51.134985,-30.165328],[-51.135835,-30.165928],[-51.138094,-30.168657],[-51.114483,-30.170165]]]}},{"type":"Feature","properties":{"id":"1431490200015","name":"Vila Nova : João Salomoni / Joaquim de Carvalho","city":"4314902","ivs":0.21,"idhm":0.808,"income":1220.08,"cnes":0},"geometry":{"type":"Polygon","coordinates":[[[-51.218051,-30.113931],[-51.219154,-30.117512],[-51.220677,-30.1172],[-51.220551,-30.116796],[-51.221332,-30.116638],[-51.220251,-30.113428],[-51.218051,-30.113931]]]}},{"type":"Feature","properties":{"id":"1431490200016","name":"Restinga : Governador Walter Perachi ( 4ª Unidade )","city":"4314902","ivs":0.343,"idhm":0.61,"income":414.6,"cnes":1},"geometry":{"type":"Polygon","coordinates":[[[-51.145575,-30.158446],[-51.146502,-30.159186],[-51.149769,-30.160228],[-51.150129,-30.160662],[-51.150628,-30.160453],[-51.154032,-30.16429],[-51.1555,-30.164913],[-51.15585,-30.163837],[-51.15621,-30.163459],[-51.158355,-30.162324],[-51.158215,-30.161134],[-51.157392,-30.159107],[-51.157367,-30.158714],[-51.15795,-30.15852],[-51.157949,-30.158196],[-51.157527,-30.158024],[-51.156942,-30.157194],[-51.156804,-30.156493],[-51.157387,-30.155981],[-51.157399,-30.155549],[-51.157238,-30.155301],[-51.155921,-30.155302],[-51.154753,-30.154948],[-51.154136,-30.154226],[-51.153798,-30.152497],[-51.154308,-30.152486],[-51.154506,-30.15213],[-51.154753,-30.151461],[-51.154566,-30.150706],[-51.154771,-30.149918],[-51.153769,-30.14957],[-51.153122,-30.148578],[-51.153177,-30.14797],[-51.152489,-30.148173],[-51.152934,-30.149186],[-51.150602,-30.150127],[-51.150294,-30.150827],[-51.149782,-30.151098],[-51.153016,-30.153996],[-51.145575,-30.158446]]]}},{"type":"Feature","properties":{"id":"1431490200017","name":"Restinga : Vila Bita","city":"4314902","ivs":0.369,"idhm":0.646,"income":489.26,"cnes":0},"geometry":{"type":"Polygon","coordinates":[[[-51.135423,-30.135733],[-51.140806,-30.145688],[-51.141864,-30.147147],[-51.143522,-30.146591],[-51.150722,-30.147061],[-51.152397,-30.147199],[-51.15301,-30.148016],[-51.153177,-30.14797],[-51.153007,-30.146923],[-51.15179,-30.146352],[-51.150156,-30.144995],[-51.147312,-30.144826],[-51.1455,-30.145248],[-51.142772,-30.143778],[-51.141292,-30.142015],[-51.139495,-30.14116],[-51.138565,-30.140263],[-51.138031,-30.138872],[-51.1367,-30.138035],[-51.136416,-30.136462],[-51.135423,-30.135733]]]}},{"type":"Feature","properties":{"id":"1431490200018","name":"Restinga : Restinga Nova ( 3ª Unidade ) / Nilo Wulf","city":"4314902","ivs":0.306,"idhm":0.716,"income":713.05,"cnes":11},"geometry":{"type":"Polygon","coordinates":[[[-51.139279,-30.155141],[-51.140514,-30.155375],[-51.140033,-30.156159],[-51.143673,-30.157864],[-51.144157,-30.157075],[-51.145575,-30.158446],[-51.153016,-30.153996],[-51.14949,-30.150785],[-51.147605,-30.151779],[-51.14737,-30.152339],[-51.146314,-30.151608],[-51.14468,-30.152305],[-51.144182,-30.151452],[-51.142338,-30.152211],[-51.139279,-30.155141]]]}},{"type":"Feature","properties":{"id":"1431490200019","name":"Restinga : Restinga Velha","city":"4314902","ivs":0.317,"idhm":0.627,"income":531.9,"cnes":3},"geometry":{"type":"Polygon","coordinates":[[[-51.135354,-30.156617],[-51.137696,-30.157697],[-51.136194,-30.160229],[-51.138163,-30.161266],[-51.139937,-30.161835],[-51.140545,-30.160835],[-51.138853,-30.16007],[-51.139139,-30.159643],[-51.14083,-30.160397],[-51.141463,-30.159403],[-51.143312,-30.160231],[-51.142692,-30.161223],[-51.144586,-30.162058],[-51.145755,-30.160058],[-51.143901,-30.159237],[-51.144831,-30.157731],[-51.144157,-30.157075],[-51.143673,-30.157864],[-51.140033,-30.156159],[-51.140514,-30.155375],[-51.13679,-30.154208],[-51.135354,-30.156617]]]}},{"type":"Feature","properties":{"id":"1431490200020","name":"Restinga : Restinga Nova / Área Fleck / Strighini / Vale do Salso / Rincão","city":"4314902","ivs":0.308,"idhm":0.735,"income":846.68,"cnes":5},"geometry":{"type":"Polygon","coordinates":[[[-51.135468,-30.135714],[-51.136416,-30.136462],[-51.1367,-30.138035],[-51.138031,-30.138872],[-51.138565,-30.140263],[-51.139186,-30.140904],[-51.141292,-30.142015],[-51.142772,-30.143778],[-51.1455,-30.145248],[-51.147312,-30.144826],[-51.150156,-30.144995],[-51.15179,-30.146352],[-51.153007,-30.146923],[-51.153184,-30.147953],[-51.153468,-30.147853],[-51.153841,-30.148075],[-51.154657,-30.147952],[-51.154656,-30.147264],[-51.156473,-30.146836],[-51.158408,-30.146713],[-51.15792,-30.147523],[-51.156034,-30.149389],[-51.155568,-30.149795],[-51.15459,-30.150113],[-51.154753,-30.151461],[-51.154308,-30.152486],[-51.153786,-30.152616],[-51.153937,-30.153762],[-51.154753,-30.154948],[-51.155921,-30.155302],[-51.157238,-30.155301],[-51.157399,-30.155549],[-51.157387,-30.155981],[-51.156804,-30.156493],[-51.156942,-30.157194],[-51.157527,-30.158024],[-51.157949,-30.158196],[-51.15795,-30.15852],[-51.157367,-30.158714],[-51.157392,-30.159107],[-51.158215,-30.161134],[-51.158355,-30.162324],[-51.159617,-30.161852],[-51.16148,-30.158429],[-51.16118,-30.157631],[-51.161103,-30.156319],[-51.161416,-30.152483],[-51.161722,-30.152399],[-51.161635,-30.153277],[-51.163007,-30.153065],[-51.162848,-30.152444],[-51.163463,-30.152306],[-51.163705,-30.151548],[-51.165237,-30.151981],[-51.165492,-30.151582],[-51.16794,-30.152462],[-51.167726,-30.150535],[-51.167418,-30.150624],[-51.167153,-30.147937],[-51.171627,-30.147906],[-51.171701,-30.146546],[-51.172126,-30.146302],[-51.174174,-30.145723],[-51.176223,-30.145846],[-51.175134,-30.141522],[-51.17418,-30.139704],[-51.172901,-30.138904],[-51.172377,-30.137667],[-51.173886,-30.136994],[-51.175534,-30.135131],[-51.176193,-30.132111],[-51.176163,-30.130522],[-51.176493,-30.128568],[-51.176371,-30.127885],[-51.1755,-30.127139],[-51.174206,-30.126569],[-51.173538,-30.125919],[-51.17373,-30.124731],[-51.171451,-30.125464],[-51.167604,-30.125148],[-51.165675,-30.125641],[-51.164418,-30.125546],[-51.162558,-30.124889],[-51.159867,-30.122845],[-51.157679,-30.120211],[-51.156441,-30.121055],[-51.154823,-30.120624],[-51.152625,-30.121124],[-51.150075,-30.119031],[-51.14741,-30.118034],[-51.145046,-30.118792],[-51.143169,-30.119781],[-51.142528,-30.120472],[-51.142833,-30.121475],[-51.142087,-30.123101],[-51.14136,-30.124563],[-51.140228,-30.12565],[-51.13964,-30.127191],[-51.140029,-30.128465],[-51.142175,-30.132005],[-51.142114,-30.132523],[-51.141088,-30.133207],[-51.140304,-30.134115],[-51.135468,-30.135714]]]}},{"type":"Feature","properties":{"id":"1431490200021","name":"Jardim Isabel","city":"4314902","ivs":0.055,"idhm":0.958,"income":4403.05,"cnes":5},"geometry":{"type":"Polygon","coordinates":[[[-51.229652,-30.126731],[-51.234133,-30.129446],[-51.236334,-30.131619],[-51.238385,-30.130681],[-51.240279,-30.129356],[-51.242732,-30.127425],[-51.243183,-30.126622],[-51.241103,-30.124944],[-51.236337,-30.123832],[-51.233031,-30.122566],[-51.231152,-30.122197],[-51.229652,-30.126731]]]}},{"type":"Feature","properties":{"id":"1431490200022","name":"Hípica : Vila Guabiroba / Juca Batista 6005","city":"4314902","ivs":0.371,"idhm":0.646,"income":489.26,"cnes":0},"geometry":{"type":"Polygon","coordinates":[[[-51.180671,-30.169962],[-51.183691,-30.171392],[-51.185141,-30.171831],[-51.188342,-30.17252],[-51.1916,-30.172884],[-51.188795,-30.168499],[-51.187681,-30.169151],[-51.183759,-30.162844],[-51.180671,-30.169962]]]}},{"type":"Feature","properties":{"id":"1431490200023","name":"Hípica : Beco do Adelar","city":"4314902","ivs":0.241,"idhm":0.688,"income":662.53,"cnes":2},"geometry":{"type":"Polygon","coordinates":[[[-51.199863,-30.154954],[-51.206509,-30.158241],[-51.209075,-30.153917],[-51.203658,-30.151348],[-51.202064,-30.150252],[-51.201537,-30.15131],[-51.201018,-30.153462],[-51.199863,-30.154954]]]}},{"type":"Feature","properties":{"id":"1431490200024","name":"Guarujá : Vila Oliveira / Beco do Picapau / Beco Guará","city":"4314902","ivs":0.373,"idhm":0.646,"income":489.26,"cnes":1},"geometry":{"type":"MultiPolygon","coordinates":[[[[-51.210887,-30.15769],[-51.21133,-30.160112],[-51.219732,-30.158744],[-51.219239,-30.157578],[-51.219477,-30.156662],[-51.210887,-30.15769]]],[[[-51.219751,-30.158753],[-51.220005,-30.158826],[-51.220462,-30.159779],[-51.220664,-30.160889],[-51.222856,-30.160135],[-51.222719,-30.159691],[-51.222507,-30.159698],[-51.222201,-30.158536],[-51.219751,-30.158753]]]]}},{"type":"Feature","properties":{"id":"1431490200025","name":"Guarujá : Vila Guarujá / Santina","city":"4314902","ivs":0.094,"idhm":0.845,"income":1451.48,"cnes":0},"geometry":{"type":"Polygon","coordinates":[[[-51.224548,-30.163083],[-51.229835,-30.162742],[-51.229084,-30.162562],[-51.227286,-30.159344],[-51.227129,-30.157941],[-51.226499,-30.156628],[-51.226025,-30.156704],[-51.226578,-30.158291],[-51.224548,-30.163083]]]}},{"type":"Feature","properties":{"id":"1431490200026","name":"Espírito Santo : Jardim Esplanada","city":"4314902","ivs":0.168,"idhm":0.816,"income":1108.86,"cnes":0},"geometry":{"type":"Polygon","coordinates":[[[-51.214253,-30.153195],[-51.214495,-30.15388],[-51.219624,-30.152748],[-51.218479,-30.151297],[-51.217303,-30.151658],[-51.217557,-30.152467],[-51.214253,-30.153195]]]}},{"type":"Feature","properties":{"id":"1431490200027","name":"Restinga : Vila Baltimore / Costa Gama / Barro Vermelho","city":"4314902","ivs":0.318,"idhm":0.627,"income":531.9,"cnes":0},"geometry":{"type":"Polygon","coordinates":[[[-51.138853,-30.16007],[-51.140545,-30.160835],[-51.139652,-30.162303],[-51.140921,-30.162874],[-51.140649,-30.163382],[-51.141398,-30.163293],[-51.141549,-30.163762],[-51.143446,-30.163444],[-51.145169,-30.163464],[-51.145216,-30.1629],[-51.144364,-30.162872],[-51.144586,-30.162058],[-51.142692,-30.161223],[-51.143312,-30.160231],[-51.141463,-30.159403],[-51.14083,-30.160397],[-51.139139,-30.159643],[-51.138853,-30.16007]]]}},{"type":"Feature","properties":{"id":"1431490200028","name":"Restinga : Pires de Castro","city":"4314902","ivs":0.124,"idhm":0.846,"income":1515.14,"cnes":7},"geometry":{"type":"Polygon","coordinates":[[[-51.161416,-30.152483],[-51.16118,-30.157631],[-51.16148,-30.158429],[-51.163337,-30.156888],[-51.168819,-30.156651],[-51.173713,-30.156117],[-51.171018,-30.153413],[-51.17104,-30.152822],[-51.172875,-30.15283],[-51.17341,-30.151431],[-51.173396,-30.150592],[-51.174949,-30.15032],[-51.175166,-30.148456],[-51.176207,-30.145879],[-51.174174,-30.145723],[-51.172126,-30.146302],[-51.171701,-30.146546],[-51.171627,-30.147906],[-51.167153,-30.147937],[-51.167418,-30.150624],[-51.167726,-30.150535],[-51.16794,-30.152462],[-51.165492,-30.151582],[-51.165237,-30.151981],[-51.163705,-30.151548],[-51.163463,-30.152306],[-51.162848,-30.152444],[-51.163007,-30.153065],[-51.161635,-30.153277],[-51.161722,-30.152399],[-51.161416,-30.152483]]]}},{"type":"Feature","properties":{"id":"1431490200029","name":"Espírito Santo : Altos do Ipê","city":"4314902","ivs":0.097,"idhm":0.94,"income":3591.85,"cnes":3},"geometry":{"type":"Polygon","coordinates":[[[-51.20907,-30.147594],[-51.20951,-30.150279],[-51.209918,-30.151107],[-51.210216,-30.152637],[-51.21355,-30.151781],[-51.21674,-30.151818],[-51.218479,-30.151297],[-51.217,-30.149543],[-51.216214,-30.148181],[-51.216071,-30.146623],[-51.216407,-30.143721],[-51.21289,-30.14595],[-51.20907,-30.147594]]]}},{"type":"Feature","properties":{"id":"1431490200030","name":"Ipanema : Dea Coufal / Parque Residencial Knorr / Jardim do Sol","city":"4314902","ivs":0.055,"idhm":0.958,"income":4403.05,"cnes":6},"geometry":{"type":"Polygon","coordinates":[[[-51.218402,-30.13195],[-51.223506,-30.131435],[-51.223476,-30.130436],[-51.226127,-30.130201],[-51.226871,-30.129681],[-51.231627,-30.131429],[-51.233666,-30.129155],[-51.229652,-30.126731],[-51.231126,-30.12224],[-51.224461,-30.120206],[-51.225127,-30.12133],[-51.225323,-30.122542],[-51.223914,-30.124343],[-51.221407,-30.123244],[-51.221034,-30.123744],[-51.2204,-30.12527],[-51.220151,-30.127044],[-51.219171,-30.128707],[-51.218402,-30.13195]]]}},{"type":"Feature","properties":{"id":"1431490200032","name":"Vila Assunção : Vila dos Pescadores","city":"4314902","ivs":0.237,"idhm":0.736,"income":818.43,"cnes":1},"geometry":{"type":"Polygon","coordinates":[[[-51.252389,-30.096764],[-51.256431,-30.097767],[-51.261048,-30.097419],[-51.262713,-30.098287],[-51.262724,-30.09779],[-51.261268,-30.096887],[-51.258653,-30.097079],[-51.257466,-30.096091],[-51.257463,-30.097222],[-51.256766,-30.097129],[-51.256358,-30.095757],[-51.252907,-30.096567],[-51.252481,-30.096342],[-51.252389,-30.096764]]]}},{"type":"Feature","properties":{"id":"1431490200033","name":"Vila Assunção ( bairro )","city":"4314902","ivs":0.062,"idhm":0.953,"income":3931.41,"cnes":28},"geometry":{"type":"Polygon","coordinates":[[[-51.249482,-30.101278],[-51.251425,-30.103123],[-51.252715,-30.103982],[-51.261787,-30.106367],[-51.263487,-30.105398],[-51.266683,-30.104775],[-51.266707,-30.102788],[-51.264839,-30.099101],[-51.262724,-30.09779],[-51.262713,-30.098287],[-51.261048,-30.097419],[-51.256431,-30.097767],[-51.252389,-30.096764],[-51.251831,-30.097066],[-51.251662,-30.09724],[-51.251895,-30.097348],[-51.251291,-30.097609],[-51.250554,-30.098588],[-51.249482,-30.101278]]]}},{"type":"Feature","properties":{"id":"1431490200034","name":"Vila Conceição ( bairro )","city":"4314902","ivs":0.063,"idhm":0.953,"income":3931.41,"cnes":0},"geometry":{"type":"Polygon","coordinates":[[[-51.25303,-30.123013],[-51.257967,-30.122629],[-51.260482,-30.123316],[-51.262012,-30.121795],[-51.285332,-30.122137],[-51.28836,-30.122757],[-51.288619,-30.120465],[-51.261624,-30.119441],[-51.262048,-30.120345],[-51.253501,-30.11725],[-51.253456,-30.118202],[-51.253849,-30.119808],[-51.254074,-30.11988],[-51.254174,-30.119431],[-51.253734,-30.117573],[-51.254968,-30.118014],[-51.254911,-30.119092],[-51.254095,-30.120295],[-51.254148,-30.12099],[-51.254605,-30.121918],[-51.256061,-30.122392],[-51.253446,-30.122633],[-51.25303,-30.123013]]]}},{"type":"Feature","properties":{"id":"1431490200035","name":"Vila Conceição : Vila Pellin / Santa Bárbara","city":"4314902","ivs":0.379,"idhm":0.654,"income":544.22,"cnes":0},"geometry":{"type":"Polygon","coordinates":[[[-51.25257,-30.123062],[-51.25303,-30.123013],[-51.253446,-30.122633],[-51.256061,-30.122392],[-51.254605,-30.121918],[-51.254148,-30.12099],[-51.254095,-30.120295],[-51.254911,-30.119092],[-51.255009,-30.118202],[-51.254968,-30.118014],[-51.253734,-30.117573],[-51.254124,-30.119781],[-51.253849,-30.119808],[-51.253148,-30.122283],[-51.25257,-30.123062]]]}},{"type":"Feature","properties":{"id":"1431490200036","name":"Ipanema : Cavalhada","city":"4314902","ivs":0.211,"idhm":0.808,"income":1220.08,"cnes":0},"geometry":{"type":"Polygon","coordinates":[[[-51.221407,-30.123244],[-51.223914,-30.124343],[-51.225323,-30.122542],[-51.225127,-30.12133],[-51.22446,-30.12016],[-51.221407,-30.123244]]]}},{"type":"Feature","properties":{"id":"1431490200037","name":"Camaquã : Otto Niemeyer / Teotônia","city":"4314902","ivs":0.283,"idhm":0.761,"income":899.92,"cnes":2},"geometry":{"type":"Polygon","coordinates":[[[-51.241422,-30.1058],[-51.245623,-30.107225],[-51.246635,-30.104937],[-51.242456,-30.103547],[-51.241422,-30.1058]],[[-51.241763,-30.10562],[-51.242544,-30.103849],[-51.24608,-30.105087],[-51.245311,-30.106825],[-51.241763,-30.10562]]]}},{"type":"Feature","properties":{"id":"1431490200038","name":"Camaquã : Vila São Vicente Martir","city":"4314902","ivs":0.369,"idhm":0.646,"income":489.26,"cnes":2},"geometry":{"type":"Polygon","coordinates":[[[-51.241763,-30.10562],[-51.245311,-30.106825],[-51.24608,-30.105087],[-51.242544,-30.103849],[-51.241763,-30.10562]]]}},{"type":"Feature","properties":{"id":"1431490200039","name":"Camaquã : Delfina da Cunha","city":"4314902","ivs":0.245,"idhm":0.781,"income":1012.04,"cnes":7},"geometry":{"type":"Polygon","coordinates":[[[-51.232125,-30.109508],[-51.23476,-30.110477],[-51.235901,-30.108132],[-51.238686,-30.109129],[-51.239196,-30.108087],[-51.233718,-30.106106],[-51.232125,-30.109508]]]}},{"type":"Feature","properties":{"id":"1431490200040","name":"Ipanema : Vila Mutirantes V","city":"4314902","ivs":0.348,"idhm":0.615,"income":417.1,"cnes":0},"geometry":{"type":"Polygon","coordinates":[[[-51.227896,-30.116919],[-51.228377,-30.117064],[-51.228252,-30.117481],[-51.231064,-30.117239],[-51.231303,-30.11591],[-51.230152,-30.115879],[-51.228558,-30.115331],[-51.227896,-30.116919]]]}},{"type":"Feature","properties":{"id":"1431490200041","name":"Camaquã : Travessa Escobar","city":"4314902","ivs":0.097,"idhm":0.852,"income":1680.17,"cnes":21},"geometry":{"type":"Polygon","coordinates":[[[-51.232781,-30.105763],[-51.239196,-30.108087],[-51.238686,-30.109129],[-51.235901,-30.108132],[-51.235348,-30.109258],[-51.23812,-30.110288],[-51.237533,-30.111482],[-51.24027,-30.112484],[-51.239783,-30.113553],[-51.242412,-30.114478],[-51.245623,-30.107225],[-51.241422,-30.1058],[-51.242456,-30.103547],[-51.246635,-30.104937],[-51.247198,-30.103678],[-51.248522,-30.104014],[-51.249486,-30.101265],[-51.248998,-30.100937],[-51.245726,-30.100957],[-51.235996,-30.098464],[-51.232781,-30.105763]]]}},{"type":"Feature","properties":{"id":"1431490200042","name":"Passo das Pedras : Jardim Planalto I","city":"4314902","ivs":0.223,"idhm":0.878,"income":2152.15,"cnes":4},"geometry":{"type":"Polygon","coordinates":[[[-51.131696,-30.02683],[-51.133054,-30.030218],[-51.134828,-30.031933],[-51.140441,-30.030383],[-51.139743,-30.028771],[-51.139546,-30.026489],[-51.137179,-30.026616],[-51.136843,-30.02332],[-51.136032,-30.02336],[-51.136336,-30.026637],[-51.131696,-30.02683]]]}},{"type":"Feature","properties":{"id":"1431490200043","name":"Passo das Pedras : Jardim dos Coqueiros II","city":"4314902","ivs":0.207,"idhm":0.862,"income":1595.35,"cnes":1},"geometry":{"type":"Polygon","coordinates":[[[-51.131632,-30.024296],[-51.131696,-30.02683],[-51.136336,-30.026637],[-51.136032,-30.02336],[-51.135357,-30.023394],[-51.135397,-30.024147],[-51.131632,-30.024296]]]}},{"type":"Feature","properties":{"id":"1431490200044","name":"Vila Nova : Praça Suiça","city":"4314902","ivs":0.082,"idhm":0.905,"income":2910.87,"cnes":2},"geometry":{"type":"Polygon","coordinates":[[[-51.211388,-30.130697],[-51.214384,-30.136951],[-51.216404,-30.13608],[-51.219095,-30.135415],[-51.21833,-30.132902],[-51.218506,-30.130882],[-51.216626,-30.130673],[-51.216254,-30.132168],[-51.213569,-30.132266],[-51.212359,-30.131092],[-51.211388,-30.130697]]]}},{"type":"Feature","properties":{"id":"1431490200045","name":"Vila Nova : Vila Monte Cristo e Vila Monte Cristo II","city":"4314902","ivs":0.378,"idhm":0.654,"income":544.22,"cnes":3},"geometry":{"type":"Polygon","coordinates":[[[-51.212541,-30.131356],[-51.213569,-30.132266],[-51.214835,-30.13222],[-51.214503,-30.1317],[-51.214445,-30.130577],[-51.213671,-30.130368],[-51.21404,-30.130329],[-51.215289,-30.128953],[-51.217307,-30.129866],[-51.217221,-30.130357],[-51.216626,-30.130673],[-51.218506,-30.130882],[-51.219171,-30.128707],[-51.220151,-30.127044],[-51.2204,-30.12527],[-51.221407,-30.123244],[-51.217295,-30.121437],[-51.216569,-30.12452],[-51.216849,-30.124735],[-51.216457,-30.125928],[-51.216338,-30.127288],[-51.21497,-30.127174],[-51.214873,-30.128134],[-51.214038,-30.128035],[-51.214145,-30.127039],[-51.213446,-30.126924],[-51.213381,-30.127593],[-51.213883,-30.127639],[-51.213815,-30.128271],[-51.21332,-30.128227],[-51.21323,-30.129232],[-51.212541,-30.131356]]]}},{"type":"Feature","properties":{"id":"1431490200046","name":"Vila Nova : Cohab Cavalhada","city":"4314902","ivs":0.229,"idhm":0.714,"income":727.98,"cnes":1},"geometry":{"type":"Polygon","coordinates":[[[-51.213671,-30.130368],[-51.214445,-30.130577],[-51.214503,-30.1317],[-51.214835,-30.13222],[-51.216254,-30.132168],[-51.216626,-30.130673],[-51.217221,-30.130357],[-51.217307,-30.129866],[-51.215289,-30.128953],[-51.21404,-30.130329],[-51.213671,-30.130368]]]}},{"type":"Feature","properties":{"id":"1431490200047","name":"Vila Nova : Igreja São José","city":"4314902","ivs":0.218,"idhm":0.816,"income":1244.93,"cnes":15},"geometry":{"type":"MultiPolygon","coordinates":[[[[-51.192234,-30.101959],[-51.193627,-30.102292],[-51.195459,-30.103404],[-51.195891,-30.104765],[-51.197165,-30.104967],[-51.197735,-30.106581],[-51.19988,-30.109174],[-51.200485,-30.111216],[-51.201482,-30.111134],[-51.202134,-30.111384],[-51.204436,-30.113691],[-51.206912,-30.11503],[-51.2073,-30.117634],[-51.206715,-30.118],[-51.207618,-30.118048],[-51.207114,-30.120443],[-51.203117,-30.119139],[-51.205033,-30.122486],[-51.207684,-30.122866],[-51.206786,-30.124703],[-51.207336,-30.12484],[-51.20684,-30.126202],[-51.206379,-30.126115],[-51.20596,-30.127247],[-51.207474,-30.127484],[-51.20732,-30.12845],[-51.209277,-30.128758],[-51.209783,-30.126288],[-51.211612,-30.126561],[-51.213142,-30.119683],[-51.219131,-30.122245],[-51.220161,-30.119759],[-51.219696,-30.119111],[-51.220883,-30.118109],[-51.220653,-30.117205],[-51.219154,-30.117512],[-51.218051,-30.113931],[-51.22193,-30.113027],[-51.226077,-30.113223],[-51.226816,-30.112802],[-51.227045,-30.110784],[-51.22587,-30.110541],[-51.225373,-30.110245],[-51.225068,-30.109635],[-51.221942,-30.110196],[-51.220617,-30.110025],[-51.218835,-30.110928],[-51.220076,-30.109403],[-51.222214,-30.107454],[-51.222968,-30.104924],[-51.220469,-30.103563],[-51.212859,-30.103364],[-51.212195,-30.10301],[-51.212128,-30.102371],[-51.209364,-30.100024],[-51.209188,-30.099646],[-51.192234,-30.101959]]],[[[-51.18448,-30.117802],[-51.187496,-30.118025],[-51.189584,-30.118645],[-51.191816,-30.118449],[-51.192009,-30.116747],[-51.194348,-30.116655],[-51.194379,-30.11809],[-51.194805,-30.118618],[-51.195348,-30.118677],[-51.195551,-30.119728],[-51.197083,-30.120368],[-51.198221,-30.118891],[-51.200259,-30.119001],[-51.201494,-30.118474],[-51.203605,-30.118422],[-51.204972,-30.117647],[-51.206028,-30.117896],[-51.204592,-30.115949],[-51.20234,-30.114436],[-51.201454,-30.113006],[-51.201053,-30.112667],[-51.199968,-30.112364],[-51.199593,-30.111613],[-51.197587,-30.110403],[-51.195047,-30.110886],[-51.194584,-30.111855],[-51.190511,-30.11496],[-51.187721,-30.115913],[-51.185373,-30.117644],[-51.18448,-30.117802]]]]}},{"type":"Feature","properties":{"id":"1431490200048","name":"Vila Nova : Condomínio Village / Moradas da Luz / Jardim Vila Nova","city":"4314902","ivs":0.082,"idhm":0.905,"income":2910.87,"cnes":7},"geometry":{"type":"Polygon","coordinates":[[[-51.219131,-30.122245],[-51.221407,-30.123244],[-51.224466,-30.120153],[-51.224569,-30.1184],[-51.225454,-30.11601],[-51.226429,-30.11426],[-51.226816,-30.112802],[-51.226077,-30.113223],[-51.22193,-30.113027],[-51.220251,-30.113428],[-51.221332,-30.116638],[-51.220551,-30.116796],[-51.220883,-30.118109],[-51.219696,-30.119111],[-51.220161,-30.119759],[-51.219131,-30.122245]]]}},{"type":"Feature","properties":{"id":"1431490200049","name":"Vila Nova : Parque Knijnik","city":"4314902","ivs":0.236,"idhm":0.736,"income":818.43,"cnes":0},"geometry":{"type":"Polygon","coordinates":[[[-51.202264,-30.126714],[-51.203261,-30.126878],[-51.203328,-30.126441],[-51.205852,-30.126809],[-51.204355,-30.130139],[-51.206221,-30.130657],[-51.207545,-30.127935],[-51.207338,-30.127831],[-51.207474,-30.127484],[-51.20596,-30.127247],[-51.206379,-30.126115],[-51.20684,-30.126202],[-51.207336,-30.12484],[-51.206786,-30.124703],[-51.207684,-30.122866],[-51.205033,-30.122486],[-51.203117,-30.119139],[-51.202264,-30.126714]]]}},{"type":"Feature","properties":{"id":"1431490200050","name":"Vila Nova : Condomínio Cristal II","city":"4314902","ivs":0.317,"idhm":0.627,"income":531.9,"cnes":0},"geometry":{"type":"Polygon","coordinates":[[[-51.199399,-30.12245],[-51.20267,-30.122925],[-51.203002,-30.119614],[-51.203435,-30.118412],[-51.202271,-30.118352],[-51.201085,-30.118773],[-51.199399,-30.12245]]]}},{"type":"Feature","properties":{"id":"1431490200051","name":"Vila Nova : Vila Morro Quente","city":"4314902","ivs":0.241,"idhm":0.736,"income":818.43,"cnes":5},"geometry":{"type":"Polygon","coordinates":[[[-51.203117,-30.119139],[-51.207114,-30.120443],[-51.207618,-30.118048],[-51.204972,-30.117647],[-51.203435,-30.118412],[-51.203117,-30.119139]]]}},{"type":"Feature","properties":{"id":"1431490200052","name":"Vila Nova : Kanazawa I e II","city":"4314902","ivs":0.412,"idhm":0.593,"income":385.91,"cnes":0},"geometry":{"type":"Polygon","coordinates":[[[-51.184417,-30.117813],[-51.187464,-30.118207],[-51.18935,-30.118791],[-51.191292,-30.118718],[-51.194379,-30.11809],[-51.194348,-30.116655],[-51.192009,-30.116747],[-51.191816,-30.118449],[-51.189584,-30.118645],[-51.187496,-30.118025],[-51.184417,-30.117813]]]}},{"type":"Feature","properties":{"id":"1431490200053","name":"Vila Nova : Cristiano Kraemer / Cinco Mil Cento e Vinte","city":"4314902","ivs":0.413,"idhm":0.593,"income":385.91,"cnes":0},"geometry":{"type":"Polygon","coordinates":[[[-51.200544,-30.123754],[-51.202539,-30.124095],[-51.200833,-30.122823],[-51.200544,-30.123754]]]}},{"type":"Feature","properties":{"id":"1431490200054","name":"Vila Nova : Atílio Supertti / Pedro Rodrigues Bitencourt","city":"4314902","ivs":0.283,"idhm":0.761,"income":899.92,"cnes":0},"geometry":{"type":"Polygon","coordinates":[[[-51.206221,-30.130657],[-51.207061,-30.13107],[-51.210792,-30.130379],[-51.212541,-30.131356],[-51.21323,-30.129232],[-51.21332,-30.128227],[-51.213815,-30.128271],[-51.213883,-30.127639],[-51.213381,-30.127593],[-51.213446,-30.126924],[-51.214145,-30.127039],[-51.214038,-30.128035],[-51.214873,-30.128134],[-51.21497,-30.127174],[-51.216338,-30.127288],[-51.216457,-30.125928],[-51.216849,-30.124735],[-51.216569,-30.12452],[-51.217295,-30.121437],[-51.213142,-30.119683],[-51.211612,-30.126561],[-51.209783,-30.126288],[-51.209277,-30.128758],[-51.20732,-30.12845],[-51.206221,-30.130657]]]}},{"type":"Feature","properties":{"id":"1431490200055","name":"Ipanema : Tapete Verde / Jardim Verde / Parque Imperial","city":"4314902","ivs":0.082,"idhm":0.905,"income":2910.87,"cnes":8},"geometry":{"type":"Polygon","coordinates":[[[-51.21329,-30.138927],[-51.214852,-30.140597],[-51.216045,-30.143925],[-51.219256,-30.141956],[-51.219789,-30.14135],[-51.220833,-30.139168],[-51.219095,-30.135415],[-51.216404,-30.13608],[-51.214409,-30.13696],[-51.213982,-30.136809],[-51.213317,-30.137042],[-51.21329,-30.138927]]]}},{"type":"Feature","properties":{"id":"1431490200056","name":"Ipanema : Morro Alto","city":"4314902","ivs":0.299,"idhm":0.724,"income":709.69,"cnes":1},"geometry":{"type":"Polygon","coordinates":[[[-51.20288,-30.133249],[-51.204853,-30.1351],[-51.206671,-30.135296],[-51.209321,-30.135124],[-51.212775,-30.142385],[-51.216045,-30.143925],[-51.214852,-30.140597],[-51.21329,-30.138927],[-51.213317,-30.137042],[-51.213982,-30.136809],[-51.214384,-30.136951],[-51.211309,-30.130619],[-51.210571,-30.130379],[-51.209128,-30.130796],[-51.207061,-30.13107],[-51.206462,-30.130925],[-51.20288,-30.133249]]]}},{"type":"Feature","properties":{"id":"1431490200057","name":"Passo das Pedras : Passo das Pedras II","city":"4314902","ivs":0.08,"idhm":0.883,"income":2185.42,"cnes":4},"geometry":{"type":"Polygon","coordinates":[[[-51.130899,-30.011466],[-51.131243,-30.017466],[-51.132835,-30.017382],[-51.132882,-30.018045],[-51.134995,-30.017849],[-51.135381,-30.021646],[-51.136632,-30.021352],[-51.135459,-30.010755],[-51.13558,-30.010289],[-51.134459,-30.01027],[-51.130899,-30.011466]]]}},{"type":"Feature","properties":{"id":"1431490200058","name":"Partenon : Praça Franklin Verissimo","city":"4314902","ivs":0.092,"idhm":0.845,"income":1451.48,"cnes":3},"geometry":{"type":"Polygon","coordinates":[[[-51.196307,-30.073004],[-51.199805,-30.073658],[-51.200447,-30.071926],[-51.201761,-30.069608],[-51.200823,-30.067999],[-51.198728,-30.068884],[-51.199873,-30.071267],[-51.198517,-30.071183],[-51.197604,-30.070075],[-51.196307,-30.073004]]]}},{"type":"Feature","properties":{"id":"1431490200059","name":"Cristal : Bororó","city":"4314902","ivs":0.068,"idhm":0.925,"income":3371.41,"cnes":5},"geometry":{"type":"Polygon","coordinates":[[[-51.248167,-30.098618],[-51.248627,-30.100633],[-51.249486,-30.101265],[-51.250554,-30.098588],[-51.251291,-30.097609],[-51.251895,-30.097348],[-51.251662,-30.09724],[-51.251831,-30.097066],[-51.252389,-30.096764],[-51.250861,-30.096103],[-51.250398,-30.095466],[-51.248167,-30.098618]]]}},{"type":"Feature","properties":{"id":"1431490200060","name":"Cristal : Diário de Notícias / Estaleiro","city":"4314902","ivs":0.36,"idhm":0.643,"income":499.5,"cnes":85},"geometry":{"type":"Polygon","coordinates":[[[-51.232744,-30.064752],[-51.235631,-30.067002],[-51.239754,-30.070943],[-51.241071,-30.073367],[-51.244255,-30.077132],[-51.246633,-30.078505],[-51.24717,-30.079253],[-51.247017,-30.080512],[-51.246001,-30.081424],[-51.243989,-30.08212],[-51.240325,-30.084412],[-51.242513,-30.093312],[-51.244145,-30.09272],[-51.246614,-30.092278],[-51.245085,-30.092639],[-51.245187,-30.093981],[-51.245826,-30.0939],[-51.24585,-30.09419],[-51.244919,-30.094249],[-51.244185,-30.094752],[-51.247861,-30.097227],[-51.248157,-30.098633],[-51.250398,-30.095466],[-51.250861,-30.096103],[-51.252389,-30.096764],[-51.252481,-30.096342],[-51.250611,-30.0952],[-51.249969,-30.093619],[-51.24713,-30.082439],[-51.249558,-30.081148],[-51.24819,-30.078735],[-51.246019,-30.077965],[-51.244661,-30.077134],[-51.242796,-30.074296],[-51.237586,-30.061931],[-51.232744,-30.064752]]]}},{"type":"Feature","properties":{"id":"1431490200061","name":"Belém Velho : Condomínio Mariante","city":"4314902","ivs":0.378,"idhm":0.654,"income":544.22,"cnes":0},"geometry":{"type":"Polygon","coordinates":[[[-51.152938,-30.112635],[-51.15511,-30.114492],[-51.157389,-30.112294],[-51.155154,-30.110696],[-51.152938,-30.112635]]]}},{"type":"Feature","properties":{"id":"1431490200062","name":"Cascata : São Lourenço","city":"4314902","ivs":0.378,"idhm":0.654,"income":544.22,"cnes":0},"geometry":{"type":"Polygon","coordinates":[[[-51.151022,-30.092258],[-51.152395,-30.092906],[-51.152306,-30.095406],[-51.153836,-30.096796],[-51.153665,-30.098688],[-51.154202,-30.101207],[-51.157739,-30.101243],[-51.159755,-30.101528],[-51.163975,-30.101355],[-51.164445,-30.101411],[-51.165301,-30.101994],[-51.16612,-30.101736],[-51.167074,-30.101927],[-51.168749,-30.101629],[-51.169574,-30.101006],[-51.170301,-30.100949],[-51.171026,-30.100125],[-51.171704,-30.098835],[-51.17148,-30.097902],[-51.173085,-30.096667],[-51.174355,-30.096331],[-51.176118,-30.094952],[-51.175354,-30.093851],[-51.174762,-30.09378],[-51.174111,-30.093775],[-51.173764,-30.094274],[-51.173117,-30.094275],[-51.172777,-30.094997],[-51.172083,-30.095403],[-51.17085,-30.094471],[-51.171501,-30.093806],[-51.168909,-30.090919],[-51.170095,-30.087694],[-51.16777,-30.08806],[-51.167048,-30.087733],[-51.166484,-30.082536],[-51.16233,-30.082235],[-51.153989,-30.090345],[-51.152282,-30.090537],[-51.151022,-30.092258]]]}},{"type":"Feature","properties":{"id":"1431490200063","name":"Cristal : Coronel Claudino / Chico Pedro","city":"4314902","ivs":0.207,"idhm":0.862,"income":1595.35,"cnes":9},"geometry":{"type":"Polygon","coordinates":[[[-51.236768,-30.098654],[-51.245726,-30.100957],[-51.248998,-30.100937],[-51.248627,-30.100633],[-51.247861,-30.097227],[-51.244185,-30.094752],[-51.243333,-30.095054],[-51.242651,-30.094864],[-51.242074,-30.096329],[-51.238568,-30.095464],[-51.237672,-30.095867],[-51.236768,-30.098654]]]}},{"type":"Feature","properties":{"id":"1431490200064","name":"Cristal : São Martilho","city":"4314902","ivs":0.382,"idhm":0.618,"income":400.1,"cnes":2},"geometry":{"type":"Polygon","coordinates":[[[-51.237459,-30.094903],[-51.237791,-30.095479],[-51.237672,-30.095867],[-51.238568,-30.095464],[-51.242074,-30.096329],[-51.242651,-30.094864],[-51.243333,-30.095054],[-51.244919,-30.094249],[-51.24585,-30.09419],[-51.245826,-30.0939],[-51.245187,-30.093981],[-51.245085,-30.092639],[-51.246658,-30.092369],[-51.246614,-30.092278],[-51.243301,-30.092946],[-51.240879,-30.094411],[-51.237459,-30.094903]]]}},{"type":"Feature","properties":{"id":"1431490200065","name":"Cristal : Resbalo","city":"4314902","ivs":0.3,"idhm":0.724,"income":709.69,"cnes":0},"geometry":{"type":"Polygon","coordinates":[[[-51.236995,-30.094489],[-51.237146,-30.094883],[-51.237459,-30.094903],[-51.241229,-30.094294],[-51.242552,-30.093389],[-51.242165,-30.091994],[-51.241977,-30.092651],[-51.240204,-30.093224],[-51.239723,-30.09296],[-51.239682,-30.093397],[-51.239202,-30.093557],[-51.238565,-30.093167],[-51.238608,-30.09389],[-51.237676,-30.093884],[-51.236995,-30.094489]]]}},{"type":"Feature","properties":{"id":"1431490200066","name":"Ipanema : Morro do Osso","city":"4314902","ivs":0.213,"idhm":0.808,"income":1220.08,"cnes":0},"geometry":{"type":"Polygon","coordinates":[[[-51.22446,-30.12016],[-51.231126,-30.12224],[-51.233031,-30.122566],[-51.236337,-30.123832],[-51.241103,-30.124944],[-51.243183,-30.126622],[-51.244282,-30.12543],[-51.246485,-30.119137],[-51.23531,-30.115374],[-51.236211,-30.113676],[-51.233211,-30.11266],[-51.232686,-30.11223],[-51.23115,-30.116366],[-51.231064,-30.117239],[-51.226253,-30.117653],[-51.225134,-30.116898],[-51.224569,-30.1184],[-51.22446,-30.12016]]]}},{"type":"Feature","properties":{"id":"1431490200067","name":"Cidade Baixa","city":"4314902","ivs":0.111,"idhm":0.931,"income":2586.31,"cnes":92},"geometry":{"type":"Polygon","coordinates":[[[-51.214839,-30.043738],[-51.218267,-30.045723],[-51.217331,-30.048273],[-51.218366,-30.048404],[-51.218874,-30.046461],[-51.219362,-30.045553],[-51.220233,-30.044698],[-51.221936,-30.043968],[-51.224751,-30.043707],[-51.224999,-30.043047],[-51.227953,-30.043397],[-51.228262,-30.041215],[-51.228775,-30.041002],[-51.228579,-30.038979],[-51.227438,-30.038791],[-51.224182,-30.03551],[-51.221518,-30.035079],[-51.214839,-30.043738]]]}},{"type":"Feature","properties":{"id":"1431490200068","name":"Farrapos : Vila Liberdade e Tio Zeca","city":"4314902","ivs":0.344,"idhm":0.61,"income":414.6,"cnes":3},"geometry":{"type":"Polygon","coordinates":[[[-51.194026,-29.986231],[-51.196126,-29.992458],[-51.197205,-29.991165],[-51.197646,-29.990022],[-51.20041,-29.988929],[-51.203769,-29.989128],[-51.208091,-29.989961],[-51.20788,-29.988875],[-51.206431,-29.985846],[-51.204455,-29.978344],[-51.20286,-29.974354],[-51.199371,-29.975933],[-51.198929,-29.975114],[-51.198105,-29.975926],[-51.196869,-29.9755],[-51.195674,-29.975938],[-51.197174,-29.980521],[-51.19678,-29.980627],[-51.197554,-29.983056],[-51.197968,-29.982952],[-51.198962,-29.985941],[-51.19633,-29.986731],[-51.195989,-29.985755],[-51.194026,-29.986231]]]}},{"type":"Feature","properties":{"id":"1431490200069","name":"Floresta : Loteamento Santa Terezinha / Vila Central","city":"4314902","ivs":0.415,"idhm":0.593,"income":385.91,"cnes":2},"geometry":{"type":"Polygon","coordinates":[[[-51.212672,-30.015887],[-51.213412,-30.017665],[-51.214293,-30.017344],[-51.213455,-30.01561],[-51.212672,-30.015887]]]}},{"type":"Feature","properties":{"id":"1431490200070","name":"Arquipélago : Ilhas do Pavão, dos Marinheiros e Flores ( norte ) / João Inácio da Silveira","city":"4314902","ivs":0.304,"idhm":0.681,"income":610.25,"cnes":1},"geometry":{"type":"Polygon","coordinates":[[[-51.200956,-29.971637],[-51.202001,-29.97262],[-51.203327,-29.975422],[-51.204455,-29.978344],[-51.206431,-29.985846],[-51.20788,-29.988875],[-51.208084,-29.989889],[-51.2183,-29.983305],[-51.219809,-29.984409],[-51.220797,-29.986245],[-51.222879,-29.993173],[-51.223696,-29.992891],[-51.22356,-29.995753],[-51.222202,-30.000588],[-51.222402,-30.002909],[-51.223059,-30.0054],[-51.223779,-30.007211],[-51.226195,-30.010151],[-51.227499,-30.011169],[-51.228801,-30.010996],[-51.228863,-30.009751],[-51.225956,-30.00601],[-51.22551,-30.003639],[-51.224178,-30.000575],[-51.22457,-29.998001],[-51.225403,-29.996527],[-51.228914,-29.9956],[-51.228575,-29.99132],[-51.237462,-29.98838],[-51.236894,-29.985647],[-51.236888,-29.983202],[-51.237507,-29.981636],[-51.240965,-29.980184],[-51.241727,-29.979437],[-51.24156,-29.978785],[-51.242125,-29.977222],[-51.243463,-29.975784],[-51.245124,-29.975057],[-51.24726,-29.974788],[-51.248934,-29.975148],[-51.250702,-29.976229],[-51.252425,-29.978836],[-51.258175,-29.984171],[-51.271918,-29.988635],[-51.286909,-29.969222],[-51.297315,-29.963044],[-51.305833,-29.950306],[-51.295474,-29.949204],[-51.286643,-29.945769],[-51.278982,-29.938993],[-51.265662,-29.934631],[-51.255703,-29.932866],[-51.247092,-29.932302],[-51.23364,-29.937715],[-51.22885,-29.947324],[-51.226389,-29.958984],[-51.220696,-29.967093],[-51.218653,-29.967144],[-51.211769,-29.96472],[-51.208481,-29.964792],[-51.206433,-29.965744],[-51.203506,-29.969698],[-51.200956,-29.971637]],[[-51.222272,-29.983928],[-51.222523,-29.981543],[-51.22387,-29.977805],[-51.226135,-29.973694],[-51.226856,-29.972851],[-51.22733,-29.971662],[-51.229022,-29.969112],[-51.230055,-29.966937],[-51.230289,-29.965836],[-51.232053,-29.966078],[-51.231416,-29.968255],[-51.228951,-29.97231],[-51.228376,-29.973678],[-51.227711,-29.97442],[-51.22465,-29.98077],[-51.22358,-29.983717],[-51.223461,-29.985834],[-51.223707,-29.987668],[-51.222381,-29.987717],[-51.222272,-29.983928]]]}},{"type":"Feature","properties":{"id":"1431490200071","name":"Arquipélago : Ilha da Pintada ( norte )","city":"4314902","ivs":0.307,"idhm":0.735,"income":846.68,"cnes":2},"geometry":{"type":"Polygon","coordinates":[[[-51.251746,-30.03139],[-51.260394,-30.034349],[-51.266654,-30.03589],[-51.269442,-30.035154],[-51.270409,-30.036013],[-51.27046,-30.037944],[-51.271899,-30.038972],[-51.273388,-30.037661],[-51.273365,-30.035537],[-51.268095,-30.031378],[-51.261984,-30.011192],[-51.261812,-30.009643],[-51.260474,-30.011447],[-51.256902,-30.014682],[-51.255669,-30.016181],[-51.255672,-30.017654],[-51.254767,-30.02026],[-51.253501,-30.022846],[-51.25535,-30.022859],[-51.256672,-30.023182],[-51.256191,-30.023543],[-51.255016,-30.025821],[-51.253758,-30.028425],[-51.253349,-30.029907],[-51.251746,-30.03139]]]}},{"type":"Feature","properties":{"id":"1431490200072","name":"Independência : Barros Cassal","city":"4314902","ivs":0.068,"idhm":0.925,"income":3371.41,"cnes":29},"geometry":{"type":"Polygon","coordinates":[[[-51.214689,-30.026995],[-51.21499,-30.027636],[-51.21477,-30.028906],[-51.215193,-30.029637],[-51.219582,-30.029797],[-51.219788,-30.028213],[-51.215815,-30.027934],[-51.214689,-30.026995]]]}},{"type":"Feature","properties":{"id":"1431490200073","name":"Farrapos : Famello","city":"4314902","ivs":0.124,"idhm":0.846,"income":1515.14,"cnes":2},"geometry":{"type":"Polygon","coordinates":[[[-51.191171,-29.977203],[-51.192876,-29.982616],[-51.193675,-29.982439],[-51.193109,-29.980802],[-51.195025,-29.980303],[-51.194453,-29.978583],[-51.192618,-29.979052],[-51.192414,-29.978403],[-51.193509,-29.978124],[-51.193377,-29.977808],[-51.19267,-29.97797],[-51.192457,-29.977216],[-51.192071,-29.977311],[-51.191904,-29.976842],[-51.191171,-29.977203]]]}},{"type":"Feature","properties":{"id":"1431490200074","name":"Farrapos : SESI / Igreja Santíssima Trindade","city":"4314902","ivs":0.235,"idhm":0.736,"income":818.43,"cnes":2},"geometry":{"type":"Polygon","coordinates":[[[-51.191904,-29.976842],[-51.192071,-29.977311],[-51.192457,-29.977216],[-51.19267,-29.97797],[-51.193377,-29.977808],[-51.193509,-29.978124],[-51.192414,-29.978403],[-51.192618,-29.979052],[-51.194453,-29.978583],[-51.195025,-29.980303],[-51.193109,-29.980802],[-51.193675,-29.982439],[-51.192876,-29.982616],[-51.194026,-29.986231],[-51.195989,-29.985755],[-51.19633,-29.986731],[-51.198962,-29.985941],[-51.197968,-29.982952],[-51.197554,-29.983056],[-51.19678,-29.980627],[-51.197174,-29.980521],[-51.195674,-29.975938],[-51.191904,-29.976842]]]}},{"type":"Feature","properties":{"id":"1431490200075","name":"Navagantes : DC Navegantes / Casa de Passagem","city":"4314902","ivs":0.381,"idhm":0.618,"income":400.1,"cnes":0},"geometry":{"type":"Polygon","coordinates":[[[-51.196126,-29.992458],[-51.196632,-29.994019],[-51.201264,-29.992889],[-51.201811,-29.99444],[-51.20512,-29.993552],[-51.203756,-29.989128],[-51.20041,-29.988929],[-51.197916,-29.989872],[-51.197646,-29.990022],[-51.196921,-29.991619],[-51.196126,-29.992458]]]}},{"type":"Feature","properties":{"id":"1431490200076","name":"Navagantes ( bairro )","city":"4314902","ivs":0.21,"idhm":0.808,"income":1220.08,"cnes":18},"geometry":{"type":"Polygon","coordinates":[[[-51.189669,-29.996159],[-51.193746,-30.00683],[-51.205119,-30.003322],[-51.205437,-30.004148],[-51.207611,-30.00348],[-51.20617,-29.998936],[-51.206814,-29.999133],[-51.20772,-29.998244],[-51.208514,-29.997864],[-51.208506,-29.993016],[-51.208091,-29.989961],[-51.203756,-29.989128],[-51.20512,-29.993552],[-51.201811,-29.99444],[-51.201264,-29.992889],[-51.196632,-29.994019],[-51.196126,-29.992458],[-51.194981,-29.993205],[-51.192902,-29.993923],[-51.189669,-29.996159]]]}},{"type":"Feature","properties":{"id":"1431490200077","name":"Anchieta ( bairro )","city":"4314902","ivs":0.236,"idhm":0.736,"income":818.43,"cnes":1},"geometry":{"type":"Polygon","coordinates":[[[-51.152338,-29.967697],[-51.152347,-29.968173],[-51.1591,-29.968474],[-51.159094,-29.968748],[-51.158124,-29.96909],[-51.157908,-29.969526],[-51.156626,-29.969846],[-51.156548,-29.97008],[-51.155875,-29.985333],[-51.161802,-29.985537],[-51.175372,-29.988665],[-51.181222,-29.988458],[-51.18237,-29.988077],[-51.181828,-29.986993],[-51.176957,-29.970864],[-51.176868,-29.968374],[-51.166711,-29.96721],[-51.164667,-29.966013],[-51.160715,-29.967405],[-51.15762,-29.964897],[-51.155963,-29.964748],[-51.155346,-29.966849],[-51.153752,-29.96722],[-51.152865,-29.966696],[-51.152338,-29.967697]]]}},{"type":"Feature","properties":{"id":"1431490200078","name":"Cristal : Av. Doutor Campos Velho","city":"4314902","ivs":0.083,"idhm":0.905,"income":2910.87,"cnes":44},"geometry":{"type":"Polygon","coordinates":[[[-51.231919,-30.093575],[-51.232774,-30.095758],[-51.237113,-30.094783],[-51.236995,-30.094489],[-51.237676,-30.093884],[-51.238608,-30.09389],[-51.238565,-30.093167],[-51.239202,-30.093557],[-51.239682,-30.093397],[-51.239723,-30.09296],[-51.240204,-30.093224],[-51.241977,-30.092651],[-51.242165,-30.091994],[-51.240444,-30.084889],[-51.237863,-30.085273],[-51.238238,-30.086637],[-51.236261,-30.087003],[-51.235964,-30.086048],[-51.235512,-30.086141],[-51.235806,-30.087433],[-51.234425,-30.087688],[-51.235241,-30.091607],[-51.235712,-30.092535],[-51.231919,-30.093575]]]}},{"type":"Feature","properties":{"id":"1431490200079","name":"São Sebastião : Vila Nazaré","city":"4314902","ivs":0.409,"idhm":0.593,"income":385.91,"cnes":0},"geometry":{"type":"Polygon","coordinates":[[[-51.144943,-29.998168],[-51.147913,-29.998205],[-51.148291,-29.991902],[-51.145026,-29.991793],[-51.144943,-29.998168]]]}},{"type":"Feature","properties":{"id":"1431490200080","name":"Rubem Berta : Vila Alexandrina / Loteamento VARIG / Vila Fátima","city":"4314902","ivs":0.211,"idhm":0.808,"income":1220.08,"cnes":1},"geometry":{"type":"Polygon","coordinates":[[[-51.095007,-30.011946],[-51.096408,-30.012095],[-51.097315,-30.01246],[-51.099489,-30.014293],[-51.098842,-30.004999],[-51.096828,-30.00612],[-51.09542,-30.006331],[-51.095007,-30.011946]]]}},{"type":"Feature","properties":{"id":"1431490200081","name":"Rubem Berta : Parque Madepinho / Alpino / Santa Fé","city":"4314902","ivs":0.091,"idhm":0.845,"income":1451.48,"cnes":11},"geometry":{"type":"Polygon","coordinates":[[[-51.098842,-30.004999],[-51.099489,-30.014294],[-51.099774,-30.014544],[-51.101509,-30.015483],[-51.104906,-30.016482],[-51.108522,-30.016581],[-51.111107,-30.015619],[-51.112369,-30.015557],[-51.111856,-30.00931],[-51.111673,-30.008546],[-51.110351,-30.007638],[-51.110203,-30.005937],[-51.110175,-30.005593],[-51.111604,-30.005515],[-51.111427,-30.004217],[-51.110054,-30.00432],[-51.109993,-30.003655],[-51.111436,-30.003529],[-51.111396,-30.002839],[-51.107451,-30.003162],[-51.106356,-30.002124],[-51.105273,-30.00153],[-51.104988,-30.002196],[-51.104659,-30.002335],[-51.102228,-30.002494],[-51.101255,-30.002921],[-51.098842,-30.004999]]]}},{"type":"Feature","properties":{"id":"1431490200082","name":"Cristal : Pedreira","city":"4314902","ivs":0.23,"idhm":0.714,"income":727.98,"cnes":0},"geometry":{"type":"Polygon","coordinates":[[[-51.232117,-30.083999],[-51.23237,-30.084187],[-51.232321,-30.08489],[-51.232796,-30.086669],[-51.235241,-30.091607],[-51.234425,-30.087688],[-51.235806,-30.087433],[-51.235512,-30.086141],[-51.235964,-30.086048],[-51.236261,-30.087003],[-51.238238,-30.086637],[-51.237863,-30.085273],[-51.235389,-30.085579],[-51.235441,-30.083798],[-51.234844,-30.082554],[-51.232117,-30.083999]]]}},{"type":"Feature","properties":{"id":"1431490200083","name":"Rubem Berta : Vila Amazônia","city":"4314902","ivs":0.408,"idhm":0.593,"income":385.91,"cnes":0},"geometry":{"type":"Polygon","coordinates":[[[-51.112633,-30.004126],[-51.112824,-30.006638],[-51.114389,-30.006737],[-51.115423,-30.006031],[-51.117092,-30.006043],[-51.117351,-30.005294],[-51.116748,-30.00346],[-51.116139,-30.003802],[-51.113619,-30.003842],[-51.113638,-30.004109],[-51.112633,-30.004126]]]}},{"type":"Feature","properties":{"id":"1431490200084","name":"Rubem Berta : Teresinha Turcato / Madre Paulina","city":"4314902","ivs":0.279,"idhm":0.714,"income":727.62,"cnes":2},"geometry":{"type":"Polygon","coordinates":[[[-51.105309,-30.001549],[-51.106356,-30.002124],[-51.107451,-30.003162],[-51.111396,-30.002839],[-51.111436,-30.003529],[-51.109993,-30.003655],[-51.110054,-30.00432],[-51.111427,-30.004217],[-51.111604,-30.005515],[-51.110175,-30.005593],[-51.110284,-30.006912],[-51.110351,-30.007638],[-51.111673,-30.008546],[-51.11225,-30.01412],[-51.116616,-30.014977],[-51.119142,-30.014471],[-51.118649,-30.010803],[-51.117214,-30.006979],[-51.117092,-30.006043],[-51.115423,-30.006031],[-51.114389,-30.006737],[-51.112824,-30.006638],[-51.112586,-30.003511],[-51.112172,-30.002946],[-51.112107,-30.002232],[-51.109822,-30.002454],[-51.105309,-30.001549]]]}},{"type":"Feature","properties":{"id":"1431490200085","name":"Cristal : Vila Cristal","city":"4314902","ivs":0.318,"idhm":0.627,"income":531.9,"cnes":0},"geometry":{"type":"Polygon","coordinates":[[[-51.237525,-30.083905],[-51.237863,-30.085273],[-51.240444,-30.084889],[-51.239695,-30.083672],[-51.238931,-30.083654],[-51.237752,-30.084151],[-51.237525,-30.083905]]]}},{"type":"Feature","properties":{"id":"1431490200086","name":"Cristal : Museu Iberê Camargo","city":"4314902","ivs":0.224,"idhm":0.878,"income":2152.15,"cnes":7},"geometry":{"type":"Polygon","coordinates":[[[-51.231124,-30.083178],[-51.232117,-30.083999],[-51.234844,-30.082554],[-51.235441,-30.083798],[-51.235389,-30.085579],[-51.237863,-30.085273],[-51.237525,-30.083905],[-51.23792,-30.08413],[-51.238931,-30.083654],[-51.239791,-30.083734],[-51.239961,-30.084363],[-51.240435,-30.084854],[-51.240325,-30.084412],[-51.2433,-30.082494],[-51.246001,-30.081424],[-51.247017,-30.080512],[-51.247249,-30.079525],[-51.246633,-30.078505],[-51.244255,-30.077132],[-51.242277,-30.074769],[-51.241836,-30.074893],[-51.242013,-30.077779],[-51.239833,-30.078277],[-51.231124,-30.083178]]]}},{"type":"Feature","properties":{"id":"1431490200087","name":"Rubem Berta : Loteamento Santa Maria / Jardim da Amizade / Loteamento Dom Pedro","city":"4314902","ivs":0.306,"idhm":0.735,"income":846.68,"cnes":6},"geometry":{"type":"Polygon","coordinates":[[[-51.088719,-30.005538],[-51.092814,-30.010427],[-51.093103,-30.011206],[-51.092646,-30.012507],[-51.093002,-30.013225],[-51.093054,-30.014118],[-51.094373,-30.015413],[-51.094052,-30.01613],[-51.093389,-30.016329],[-51.092998,-30.017232],[-51.093194,-30.017431],[-51.091837,-30.018419],[-51.092011,-30.018809],[-51.092859,-30.019161],[-51.092572,-30.020734],[-51.094339,-30.021713],[-51.095395,-30.020928],[-51.097823,-30.020953],[-51.097702,-30.019366],[-51.100295,-30.019438],[-51.099746,-30.014518],[-51.097315,-30.01246],[-51.096408,-30.012095],[-51.095007,-30.011946],[-51.09542,-30.006331],[-51.088719,-30.005538]]]}},{"type":"Feature","properties":{"id":"1431490200088","name":"Rubem Berta : Residencial São Francisco","city":"4314902","ivs":0.217,"idhm":0.816,"income":1244.93,"cnes":0},"geometry":{"type":"Polygon","coordinates":[[[-51.100552,-30.015709],[-51.100743,-30.018567],[-51.10235,-30.018444],[-51.102086,-30.015699],[-51.101506,-30.015481],[-51.101533,-30.015667],[-51.100552,-30.015709]]]}},{"type":"Feature","properties":{"id":"1431490200089","name":"Rubem Berta : Conjunto Residencial Rubem Berta / Vila Unidos","city":"4314902","ivs":0.295,"idhm":0.719,"income":623.38,"cnes":5},"geometry":{"type":"Polygon","coordinates":[[[-51.099719,-30.023438],[-51.099863,-30.024961],[-51.100594,-30.025421],[-51.101128,-30.026143],[-51.104047,-30.026095],[-51.104043,-30.026348],[-51.103551,-30.026696],[-51.104413,-30.026709],[-51.104187,-30.028108],[-51.105748,-30.028216],[-51.107179,-30.028807],[-51.108002,-30.027009],[-51.107018,-30.016622],[-51.104906,-30.016482],[-51.102086,-30.015699],[-51.10235,-30.018444],[-51.100743,-30.018567],[-51.100552,-30.015709],[-51.101533,-30.015667],[-51.101506,-30.015481],[-51.099746,-30.014518],[-51.100379,-30.018902],[-51.099719,-30.023438]]]}},{"type":"Feature","properties":{"id":"1431490200090","name":"Ipanema : Roseira","city":"4314902","ivs":0.223,"idhm":0.878,"income":2152.15,"cnes":1},"geometry":{"type":"Polygon","coordinates":[[[-51.20288,-30.133249],[-51.208889,-30.143847],[-51.208604,-30.143953],[-51.2091,-30.145453],[-51.208683,-30.145603],[-51.209797,-30.147317],[-51.21289,-30.14595],[-51.216,-30.14395],[-51.212775,-30.142385],[-51.209321,-30.135124],[-51.206671,-30.135296],[-51.204853,-30.1351],[-51.20288,-30.133249]]]}},{"type":"Feature","properties":{"id":"1431490200091","name":"Rubem Berta : Cohab Costa e Silva","city":"4314902","ivs":0.235,"idhm":0.736,"income":818.43,"cnes":4},"geometry":{"type":"Polygon","coordinates":[[[-51.117122,-30.006685],[-51.118649,-30.010803],[-51.119252,-30.015291],[-51.122683,-30.014396],[-51.124118,-30.012988],[-51.123459,-30.008421],[-51.125324,-30.008266],[-51.125678,-30.012416],[-51.128569,-30.011884],[-51.127696,-30.005297],[-51.123926,-30.005388],[-51.123763,-30.003912],[-51.120286,-30.006068],[-51.117122,-30.006685]]]}},{"type":"Feature","properties":{"id":"1431490200092","name":"Mário Quintana : Recanto do Sabiá","city":"4314902","ivs":0.408,"idhm":0.593,"income":385.91,"cnes":0},"geometry":{"type":"Polygon","coordinates":[[[-51.086365,-30.022635],[-51.086142,-30.025296],[-51.087665,-30.025459],[-51.089775,-30.024731],[-51.08992,-30.024396],[-51.091391,-30.023876],[-51.091351,-30.0234],[-51.089694,-30.02414],[-51.089743,-30.023338],[-51.088584,-30.023501],[-51.087711,-30.023296],[-51.087064,-30.022086],[-51.086365,-30.022635]]]}},{"type":"Feature","properties":{"id":"1431490200093","name":"Santa Tereza : Arroio Passo Fundo","city":"4314902","ivs":0.212,"idhm":0.808,"income":1220.08,"cnes":0},"geometry":{"type":"Polygon","coordinates":[[[-51.226233,-30.089442],[-51.23043,-30.090928],[-51.231084,-30.091618],[-51.231919,-30.093575],[-51.235712,-30.092535],[-51.234667,-30.090448],[-51.233986,-30.090564],[-51.2315,-30.089516],[-51.230784,-30.089893],[-51.231059,-30.090025],[-51.230443,-30.090908],[-51.230187,-30.090583],[-51.226548,-30.089359],[-51.227114,-30.088611],[-51.228913,-30.089327],[-51.229056,-30.08907],[-51.227016,-30.088312],[-51.226233,-30.089442]]]}},{"type":"Feature","properties":{"id":"1431490200094","name":"Santa Tereza : Vila Ecológica","city":"4314902","ivs":0.405,"idhm":0.593,"income":385.91,"cnes":0},"geometry":{"type":"Polygon","coordinates":[[[-51.234321,-30.078937],[-51.235234,-30.08039],[-51.239209,-30.078169],[-51.238808,-30.077974],[-51.236857,-30.078132],[-51.236013,-30.077648],[-51.234321,-30.078937]]]}},{"type":"Feature","properties":{"id":"1431490200095","name":"Santa Tereza : Vila Dona Malvina / Dona Otília","city":"4314902","ivs":0.236,"idhm":0.736,"income":818.43,"cnes":1},"geometry":{"type":"Polygon","coordinates":[[[-51.225711,-30.079631],[-51.230573,-30.083164],[-51.231496,-30.086933],[-51.232796,-30.086669],[-51.232321,-30.08489],[-51.23237,-30.084187],[-51.231124,-30.083178],[-51.232587,-30.082435],[-51.231806,-30.081954],[-51.232124,-30.08152],[-51.227283,-30.078057],[-51.225711,-30.079631]]]}},{"type":"Feature","properties":{"id":"1431490200096","name":"Santa Tereza : Taquari / Irani","city":"4314902","ivs":0.08,"idhm":0.883,"income":2185.42,"cnes":0},"geometry":{"type":"Polygon","coordinates":[[[-51.234222,-30.080962],[-51.234385,-30.081301],[-51.239833,-30.078277],[-51.242013,-30.077779],[-51.241836,-30.074893],[-51.241307,-30.075447],[-51.241399,-30.077386],[-51.239719,-30.077837],[-51.234222,-30.080962]]]}},{"type":"Feature","properties":{"id":"1431490200097","name":"Santa Tereza : Santa Cruz","city":"4314902","ivs":0.196,"idhm":0.927,"income":3417.25,"cnes":16},"geometry":{"type":"Polygon","coordinates":[[[-51.217143,-30.068032],[-51.217342,-30.068662],[-51.219024,-30.070812],[-51.221608,-30.069906],[-51.221069,-30.06726],[-51.222444,-30.065793],[-51.223364,-30.06885],[-51.224286,-30.068234],[-51.224422,-30.069267],[-51.225044,-30.070155],[-51.224449,-30.070616],[-51.223635,-30.073049],[-51.22696,-30.073936],[-51.227313,-30.073818],[-51.227596,-30.073013],[-51.227357,-30.072785],[-51.227854,-30.071351],[-51.230132,-30.07241],[-51.233183,-30.073246],[-51.233551,-30.072799],[-51.232961,-30.071874],[-51.233088,-30.070574],[-51.235374,-30.070838],[-51.234998,-30.073483],[-51.241836,-30.074893],[-51.242277,-30.074769],[-51.241071,-30.073367],[-51.239754,-30.070943],[-51.235631,-30.067002],[-51.232744,-30.064752],[-51.231782,-30.063503],[-51.229339,-30.064306],[-51.224165,-30.067507],[-51.223073,-30.063617],[-51.222398,-30.06293],[-51.220281,-30.061729],[-51.218024,-30.065263],[-51.217143,-30.068032]]]}},{"type":"Feature","properties":{"id":"1431490200098","name":"Santa Tereza : Vila Barracão / Condomínio","city":"4314902","ivs":0.218,"idhm":0.816,"income":1244.93,"cnes":0},"geometry":{"type":"Polygon","coordinates":[[[-51.222505,-30.082876],[-51.228062,-30.08709],[-51.229655,-30.085321],[-51.227886,-30.084068],[-51.227545,-30.084091],[-51.22727,-30.083516],[-51.226353,-30.083343],[-51.225854,-30.082723],[-51.225684,-30.08289],[-51.223838,-30.081509],[-51.222505,-30.082876]]]}},{"type":"Feature","properties":{"id":"1431490200099","name":"Arquipélago : Ilhas do Pavão e dos Marinheiros","city":"4314902","ivs":0.415,"idhm":0.593,"income":385.91,"cnes":1},"geometry":{"type":"Polygon","coordinates":[[[-51.208084,-29.989889],[-51.208506,-29.993016],[-51.208546,-29.99813],[-51.209305,-30.00157],[-51.210517,-30.004706],[-51.214189,-30.012193],[-51.216395,-30.016038],[-51.217226,-30.017027],[-51.222782,-30.021027],[-51.224867,-30.018607],[-51.222558,-30.014012],[-51.222423,-30.012256],[-51.223723,-30.011178],[-51.226067,-30.011344],[-51.228086,-30.01202],[-51.230169,-30.011846],[-51.230296,-30.010374],[-51.22983,-30.005958],[-51.236073,-29.998624],[-51.237816,-29.99528],[-51.237945,-29.990704],[-51.237462,-29.98838],[-51.228575,-29.99132],[-51.228914,-29.9956],[-51.225403,-29.996527],[-51.22457,-29.998001],[-51.224178,-30.000575],[-51.22551,-30.003639],[-51.225956,-30.00601],[-51.228863,-30.009751],[-51.228801,-30.010996],[-51.227499,-30.011169],[-51.226195,-30.010151],[-51.223779,-30.007211],[-51.223059,-30.0054],[-51.222402,-30.002909],[-51.222202,-30.000588],[-51.22356,-29.995753],[-51.223696,-29.992891],[-51.222879,-29.993173],[-51.220797,-29.986245],[-51.219809,-29.984409],[-51.2183,-29.983305],[-51.208084,-29.989889]]]}},{"type":"Feature","properties":{"id":"1431490200100","name":"Rubem Berta : Jardim Leopoldina","city":"4314902","ivs":0.168,"idhm":0.816,"income":1108.86,"cnes":6},"geometry":{"type":"Polygon","coordinates":[[[-51.107018,-30.016622],[-51.107981,-30.02632],[-51.108854,-30.026215],[-51.108939,-30.026884],[-51.110322,-30.026801],[-51.110073,-30.024005],[-51.113371,-30.023791],[-51.113567,-30.026045],[-51.114339,-30.026003],[-51.114373,-30.026401],[-51.120261,-30.026016],[-51.119142,-30.014471],[-51.116616,-30.014977],[-51.11225,-30.01412],[-51.112369,-30.015557],[-51.111107,-30.015619],[-51.108522,-30.016581],[-51.107018,-30.016622]],[[-51.116485,-30.018135],[-51.117604,-30.01805],[-51.117819,-30.02008],[-51.116643,-30.020123],[-51.116485,-30.018135]]]}},{"type":"Feature","properties":{"id":"1431490200101","name":"Rubem Berta : Paço da Mangueira","city":"4314902","ivs":0.08,"idhm":0.883,"income":2185.42,"cnes":3},"geometry":{"type":"Polygon","coordinates":[[[-51.12376,-30.003881],[-51.123926,-30.005388],[-51.127696,-30.005297],[-51.128569,-30.011884],[-51.130116,-30.01168],[-51.129892,-30.010457],[-51.130648,-30.010351],[-51.130435,-30.009148],[-51.131184,-30.009072],[-51.1309,-30.007308],[-51.129393,-30.007414],[-51.128749,-30.003741],[-51.12958,-30.003741],[-51.129579,-30.003502],[-51.130618,-30.002714],[-51.130301,-30.002271],[-51.130352,-30.00131],[-51.128001,-30.002515],[-51.127527,-30.003331],[-51.127511,-30.003827],[-51.12376,-30.003881]]]}},{"type":"Feature","properties":{"id":"1431490200102","name":"Rubem Berta : Triângulo Assis Brasil","city":"4314902","ivs":0.11,"idhm":0.853,"income":1669.56,"cnes":12},"geometry":{"type":"Polygon","coordinates":[[[-51.128749,-30.003741],[-51.129393,-30.007414],[-51.1309,-30.007308],[-51.131184,-30.009072],[-51.130435,-30.009148],[-51.130648,-30.010351],[-51.129892,-30.010457],[-51.130116,-30.01168],[-51.134459,-30.01027],[-51.138523,-30.010606],[-51.138004,-30.005324],[-51.136485,-30.004216],[-51.1377,-30.002759],[-51.137999,-29.999522],[-51.137361,-29.998368],[-51.134426,-29.999524],[-51.134081,-29.998908],[-51.132572,-29.999567],[-51.130281,-29.995518],[-51.130068,-29.996898],[-51.130374,-30.000167],[-51.130301,-30.002271],[-51.130618,-30.002714],[-51.129579,-30.003502],[-51.12958,-30.003741],[-51.128749,-30.003741]]]}},{"type":"Feature","properties":{"id":"1431490200103","name":"Santa Tereza : Prisma","city":"4314902","ivs":0.23,"idhm":0.714,"income":727.98,"cnes":6},"geometry":{"type":"Polygon","coordinates":[[[-51.229992,-30.080033],[-51.232124,-30.08152],[-51.231806,-30.081954],[-51.232587,-30.082435],[-51.234385,-30.081301],[-51.234222,-30.080962],[-51.235234,-30.08039],[-51.234321,-30.078937],[-51.235234,-30.078111],[-51.236013,-30.077648],[-51.236857,-30.078132],[-51.238808,-30.077974],[-51.239209,-30.078169],[-51.241399,-30.077386],[-51.241307,-30.075447],[-51.241836,-30.074893],[-51.233662,-30.073211],[-51.23548,-30.077368],[-51.234381,-30.078431],[-51.232295,-30.078893],[-51.232168,-30.078068],[-51.231424,-30.077117],[-51.230661,-30.079215],[-51.229992,-30.080033]]]}},{"type":"Feature","properties":{"id":"1431490200104","name":"Santa Tereza : Zaida / Dormênio","city":"4314902","ivs":0.236,"idhm":0.736,"income":818.43,"cnes":4},"geometry":{"type":"Polygon","coordinates":[[[-51.22666,-30.074806],[-51.230682,-30.077708],[-51.229113,-30.079386],[-51.229992,-30.080033],[-51.230661,-30.079215],[-51.231424,-30.077117],[-51.231334,-30.075972],[-51.230668,-30.074998],[-51.231252,-30.072753],[-51.227854,-30.071351],[-51.227435,-30.07256],[-51.228568,-30.072882],[-51.228998,-30.072258],[-51.22945,-30.072536],[-51.228799,-30.073299],[-51.229144,-30.073523],[-51.230228,-30.072572],[-51.230885,-30.073715],[-51.229891,-30.074364],[-51.229246,-30.074424],[-51.228256,-30.073963],[-51.227514,-30.073248],[-51.227313,-30.073818],[-51.22696,-30.073936],[-51.22666,-30.074806]]]}},{"type":"Feature","properties":{"id":"1431490200105","name":"Vila João Pessoa : Praça da Amizade / Praça Francisco Alves","city":"4314902","ivs":0.211,"idhm":0.808,"income":1220.08,"cnes":6},"geometry":{"type":"Polygon","coordinates":[[[-51.170093,-30.069065],[-51.17063,-30.06914],[-51.170914,-30.069716],[-51.171329,-30.068692],[-51.171899,-30.068167],[-51.172491,-30.067985],[-51.172818,-30.067097],[-51.174047,-30.066523],[-51.174003,-30.06681],[-51.173422,-30.067182],[-51.173621,-30.068002],[-51.172977,-30.068331],[-51.17306,-30.068497],[-51.175288,-30.06893],[-51.175488,-30.07003],[-51.175824,-30.070039],[-51.176339,-30.070502],[-51.176145,-30.070573],[-51.176389,-30.070899],[-51.17604,-30.07164],[-51.174613,-30.072666],[-51.175045,-30.072456],[-51.175806,-30.072692],[-51.172968,-30.07463],[-51.173349,-30.075078],[-51.174495,-30.075425],[-51.174384,-30.074659],[-51.174634,-30.074175],[-51.176591,-30.07264],[-51.178478,-30.071789],[-51.180294,-30.0703],[-51.179301,-30.069305],[-51.180523,-30.068708],[-51.1799,-30.066539],[-51.180335,-30.064697],[-51.179269,-30.064117],[-51.178333,-30.062986],[-51.177669,-30.062597],[-51.175696,-30.062488],[-51.173505,-30.061985],[-51.171391,-30.061999],[-51.170093,-30.069065]]]}},{"type":"Feature","properties":{"id":"1431490200106","name":"Santa Tereza : Brasil","city":"4314902","ivs":0.281,"idhm":0.714,"income":727.62,"cnes":0},"geometry":{"type":"Polygon","coordinates":[[[-51.220139,-30.070421],[-51.221264,-30.070882],[-51.222606,-30.070157],[-51.223364,-30.06885],[-51.222444,-30.065793],[-51.221069,-30.06726],[-51.221608,-30.069906],[-51.220139,-30.070421]]]}},{"type":"Feature","properties":{"id":"1431490200107","name":"Santa Tereza : Jardim Medianeira","city":"4314902","ivs":0.11,"idhm":0.853,"income":1669.56,"cnes":9},"geometry":{"type":"Polygon","coordinates":[[[-51.213133,-30.068822],[-51.21342,-30.070575],[-51.21318,-30.074366],[-51.214802,-30.074899],[-51.214717,-30.077063],[-51.217118,-30.078812],[-51.217741,-30.078107],[-51.219768,-30.079479],[-51.2189,-30.080372],[-51.219798,-30.081061],[-51.21912,-30.081785],[-51.217991,-30.08091],[-51.218711,-30.080171],[-51.217705,-30.079256],[-51.216416,-30.080434],[-51.214259,-30.078814],[-51.213852,-30.079839],[-51.220748,-30.084757],[-51.222505,-30.082876],[-51.221017,-30.081733],[-51.221368,-30.081331],[-51.221348,-30.080454],[-51.222623,-30.079964],[-51.222782,-30.079509],[-51.223674,-30.078993],[-51.225144,-30.080196],[-51.225711,-30.079631],[-51.224423,-30.078588],[-51.223564,-30.076951],[-51.2213,-30.074381],[-51.219755,-30.072994],[-51.219111,-30.073391],[-51.215826,-30.069726],[-51.216245,-30.069048],[-51.214791,-30.068668],[-51.213133,-30.068822]]]}},{"type":"Feature","properties":{"id":"1431490200108","name":"Santa Tereza : Medianeira","city":"4314902","ivs":0.217,"idhm":0.816,"income":1244.93,"cnes":0},"geometry":{"type":"Polygon","coordinates":[[[-51.214259,-30.078814],[-51.216416,-30.080434],[-51.217705,-30.079256],[-51.214717,-30.077063],[-51.214259,-30.078814]]]}},{"type":"Feature","properties":{"id":"1431490200109","name":"Jardim Lindóia","city":"4314902","ivs":0.193,"idhm":0.927,"income":3417.25,"cnes":65},"geometry":{"type":"Polygon","coordinates":[[[-51.147345,-30.004483],[-51.14851,-30.004635],[-51.149159,-30.010831],[-51.154351,-30.010632],[-51.154626,-30.008329],[-51.15514,-30.008318],[-51.15551,-30.007959],[-51.155938,-30.006886],[-51.155022,-30.005283],[-51.155358,-29.998378],[-51.147901,-29.998205],[-51.147345,-30.004483]]]}},{"type":"Feature","properties":{"id":"1431490200110","name":"Santa Tereza : Vila Rio Branco","city":"4314902","ivs":0.321,"idhm":0.627,"income":531.9,"cnes":0},"geometry":{"type":"Polygon","coordinates":[[[-51.227435,-30.07256],[-51.227596,-30.073013],[-51.227514,-30.073248],[-51.228256,-30.073963],[-51.229246,-30.074424],[-51.229891,-30.074364],[-51.230885,-30.073715],[-51.230228,-30.072572],[-51.229144,-30.073523],[-51.228799,-30.073299],[-51.22945,-30.072536],[-51.228998,-30.072258],[-51.228568,-30.072882],[-51.227435,-30.07256]]]}},{"type":"Feature","properties":{"id":"1431490200111","name":"Rubem Berta : Beco Dona Regina","city":"4314902","ivs":0.283,"idhm":0.761,"income":899.92,"cnes":2},"geometry":{"type":"Polygon","coordinates":[[[-51.138004,-30.005324],[-51.138523,-30.010606],[-51.141672,-30.009952],[-51.14316,-30.010211],[-51.143044,-30.00894],[-51.138004,-30.005324]]]}},{"type":"Feature","properties":{"id":"1431490200112","name":"Rubem Berta : Vila Esperança Cordeiro / Nova Esperança","city":"4314902","ivs":0.297,"idhm":0.681,"income":610.25,"cnes":0},"geometry":{"type":"Polygon","coordinates":[[[-51.123459,-30.008421],[-51.123926,-30.011685],[-51.124118,-30.012988],[-51.125678,-30.012416],[-51.125324,-30.008266],[-51.123459,-30.008421]]]}},{"type":"Feature","properties":{"id":"1431490200113","name":"Passo das Pedras : Vila Passo das Pedras I e II","city":"4314902","ivs":0.357,"idhm":0.643,"income":499.5,"cnes":4},"geometry":{"type":"Polygon","coordinates":[[[-51.119812,-30.02159],[-51.120295,-30.027141],[-51.121269,-30.032412],[-51.125414,-30.032361],[-51.125847,-30.03193],[-51.128546,-30.032287],[-51.129981,-30.03294],[-51.134574,-30.033247],[-51.134573,-30.032919],[-51.13204,-30.030111],[-51.128687,-30.030731],[-51.128211,-30.027969],[-51.127565,-30.028119],[-51.127393,-30.026703],[-51.128014,-30.026565],[-51.127661,-30.023536],[-51.128408,-30.023184],[-51.128927,-30.022365],[-51.128723,-30.02133],[-51.128347,-30.020843],[-51.127107,-30.020263],[-51.127211,-30.021987],[-51.126569,-30.02205],[-51.12646,-30.020435],[-51.125326,-30.019906],[-51.121256,-30.020712],[-51.121278,-30.021593],[-51.119812,-30.02159]]]}},{"type":"Feature","properties":{"id":"1431490200114","name":"Passo das Pedras : Vila Ingá / Jardim Planalto II","city":"4314902","ivs":0.307,"idhm":0.716,"income":713.05,"cnes":10},"geometry":{"type":"Polygon","coordinates":[[[-51.119243,-30.015292],[-51.119812,-30.02159],[-51.121278,-30.021593],[-51.121256,-30.020712],[-51.125326,-30.019906],[-51.12646,-30.020435],[-51.126569,-30.02205],[-51.127211,-30.021987],[-51.127107,-30.020263],[-51.128347,-30.020843],[-51.128723,-30.02133],[-51.128927,-30.022365],[-51.128408,-30.023184],[-51.127661,-30.023536],[-51.128014,-30.026565],[-51.127393,-30.026703],[-51.127565,-30.028119],[-51.128211,-30.027969],[-51.128687,-30.030731],[-51.13204,-30.030111],[-51.134573,-30.032919],[-51.134574,-30.033247],[-51.129981,-30.03294],[-51.128546,-30.032287],[-51.126458,-30.031985],[-51.125847,-30.03193],[-51.125414,-30.032361],[-51.128947,-30.032844],[-51.13036,-30.033438],[-51.135167,-30.033719],[-51.134928,-30.03209],[-51.133054,-30.030218],[-51.131697,-30.027099],[-51.131632,-30.024296],[-51.135397,-30.024147],[-51.135357,-30.023394],[-51.136843,-30.02332],[-51.136632,-30.021352],[-51.135381,-30.021646],[-51.134995,-30.017849],[-51.132882,-30.018045],[-51.132835,-30.017382],[-51.131243,-30.017466],[-51.130899,-30.011466],[-51.129604,-30.011864],[-51.12656,-30.012113],[-51.124652,-30.012719],[-51.122683,-30.014396],[-51.119243,-30.015292]]]}},{"type":"Feature","properties":{"id":"1431490200115","name":"Morro Santana : Protásio / Verde Hugo Livi","city":"4314902","ivs":0.092,"idhm":0.845,"income":1451.48,"cnes":12},"geometry":{"type":"Polygon","coordinates":[[[-51.125357,-30.038474],[-51.12591,-30.038676],[-51.126012,-30.040075],[-51.128979,-30.040534],[-51.133249,-30.041904],[-51.132825,-30.042657],[-51.133025,-30.044811],[-51.131889,-30.048296],[-51.132339,-30.050217],[-51.131507,-30.051108],[-51.131592,-30.052208],[-51.131904,-30.052446],[-51.139533,-30.050575],[-51.139714,-30.048815],[-51.13916,-30.047688],[-51.13616,-30.045629],[-51.137347,-30.043195],[-51.135881,-30.042805],[-51.135421,-30.036687],[-51.134631,-30.036839],[-51.134682,-30.037451],[-51.133926,-30.037055],[-51.131085,-30.037078],[-51.129585,-30.037319],[-51.128349,-30.037957],[-51.125694,-30.037193],[-51.125357,-30.038474]]]}},{"type":"Feature","properties":{"id":"1431490200116","name":"Morro Santana : Vila Laranjeiras / Tijuca","city":"4314902","ivs":0.317,"idhm":0.627,"income":531.9,"cnes":2},"geometry":{"type":"Polygon","coordinates":[[[-51.123948,-30.044245],[-51.124797,-30.045872],[-51.126157,-30.046853],[-51.125993,-30.049669],[-51.129073,-30.049959],[-51.129622,-30.050581],[-51.129696,-30.051948],[-51.131592,-30.052208],[-51.131507,-30.051108],[-51.132339,-30.050217],[-51.131889,-30.048296],[-51.133025,-30.044811],[-51.132825,-30.042657],[-51.133249,-30.041904],[-51.128914,-30.040518],[-51.128651,-30.043416],[-51.128236,-30.044342],[-51.123948,-30.044245]]]}},{"type":"Feature","properties":{"id":"1431490200117","name":"Morro Santana : FAPA","city":"4314902","ivs":0.283,"idhm":0.761,"income":899.92,"cnes":8},"geometry":{"type":"Polygon","coordinates":[[[-51.120523,-30.047468],[-51.122096,-30.047488],[-51.122088,-30.049201],[-51.125993,-30.049669],[-51.126157,-30.046853],[-51.124797,-30.045872],[-51.123956,-30.044156],[-51.128236,-30.044342],[-51.128651,-30.043416],[-51.128914,-30.040518],[-51.126012,-30.040075],[-51.12591,-30.038676],[-51.125357,-30.038474],[-51.125694,-30.037193],[-51.128349,-30.037957],[-51.129585,-30.037319],[-51.131085,-30.037078],[-51.133926,-30.037055],[-51.134682,-30.037451],[-51.134631,-30.036839],[-51.135421,-30.036687],[-51.135167,-30.033719],[-51.13036,-30.033438],[-51.128947,-30.032844],[-51.125414,-30.032361],[-51.121269,-30.032412],[-51.122478,-30.039076],[-51.121481,-30.038849],[-51.121271,-30.041559],[-51.120916,-30.041315],[-51.120523,-30.047468]]]}},{"type":"Feature","properties":{"id":"1431490200118","name":"Bela Vista","city":"4314902","ivs":0.062,"idhm":0.958,"income":7216.42,"cnes":97},"geometry":{"type":"Polygon","coordinates":[[[-51.18105,-30.029702],[-51.182031,-30.029971],[-51.183215,-30.030665],[-51.185821,-30.035673],[-51.188323,-30.038006],[-51.189759,-30.038622],[-51.19113,-30.038765],[-51.192066,-30.038741],[-51.192076,-30.037935],[-51.195928,-30.037842],[-51.195871,-30.035238],[-51.194602,-30.03534],[-51.194636,-30.03354],[-51.196039,-30.033483],[-51.195994,-30.029544],[-51.195507,-30.029459],[-51.195438,-30.028998],[-51.194672,-30.028918],[-51.194632,-30.029705],[-51.193061,-30.029758],[-51.193126,-30.030893],[-51.190298,-30.030968],[-51.189715,-30.030762],[-51.189651,-30.031506],[-51.187056,-30.030821],[-51.187144,-30.029581],[-51.185371,-30.029421],[-51.185401,-30.028725],[-51.182078,-30.027578],[-51.18105,-30.029702]]]}},{"type":"Feature","properties":{"id":"1431490200119","name":"Partenon : Vila Maria da Conceição (Parque Casa da Criança)","city":"4314902","ivs":0.351,"idhm":0.615,"income":417.1,"cnes":0},"geometry":{"type":"Polygon","coordinates":[[[-51.190304,-30.06131],[-51.196056,-30.068251],[-51.196488,-30.068297],[-51.196746,-30.068614],[-51.197873,-30.068148],[-51.197681,-30.067846],[-51.197914,-30.067456],[-51.196623,-30.066225],[-51.195788,-30.064957],[-51.19531,-30.065308],[-51.19426,-30.064463],[-51.19369,-30.064509],[-51.193221,-30.063749],[-51.193488,-30.063488],[-51.191379,-30.061124],[-51.190866,-30.06147],[-51.190304,-30.06131]]]}},{"type":"Feature","properties":{"id":"1431490200120","name":"Santa Tereza : Dona Malvina","city":"4314902","ivs":0.236,"idhm":0.736,"income":818.43,"cnes":0},"geometry":{"type":"Polygon","coordinates":[[[-51.227283,-30.078057],[-51.229113,-30.079386],[-51.230682,-30.077708],[-51.228903,-30.076405],[-51.227283,-30.078057]]]}},{"type":"Feature","properties":{"id":"1431490200121","name":"Santa Tereza : Vila Tronco II","city":"4314902","ivs":0.318,"idhm":0.627,"income":531.9,"cnes":9},"geometry":{"type":"Polygon","coordinates":[[[-51.215826,-30.069726],[-51.219111,-30.073391],[-51.219755,-30.072994],[-51.2213,-30.074381],[-51.223564,-30.076951],[-51.224423,-30.078588],[-51.225711,-30.079631],[-51.228903,-30.076405],[-51.22666,-30.074806],[-51.22696,-30.073936],[-51.223635,-30.073049],[-51.224449,-30.070616],[-51.225044,-30.070155],[-51.224422,-30.069267],[-51.224286,-30.068234],[-51.223364,-30.06885],[-51.222606,-30.070157],[-51.221264,-30.070882],[-51.220139,-30.070421],[-51.219024,-30.070812],[-51.217342,-30.068662],[-51.21719,-30.068178],[-51.216498,-30.06864],[-51.215826,-30.069726]]]}},{"type":"Feature","properties":{"id":"1431490200122","name":"Medianeira","city":"4314902","ivs":0.097,"idhm":0.887,"income":2371.03,"cnes":7},"geometry":{"type":"Polygon","coordinates":[[[-51.204777,-30.070262],[-51.208668,-30.070786],[-51.209226,-30.071752],[-51.209474,-30.071792],[-51.210775,-30.071399],[-51.2114,-30.070936],[-51.210553,-30.072757],[-51.21318,-30.074366],[-51.21342,-30.070575],[-51.213133,-30.068822],[-51.213641,-30.068708],[-51.216213,-30.065605],[-51.219205,-30.061057],[-51.213601,-30.058408],[-51.211737,-30.061028],[-51.21104,-30.061567],[-51.210118,-30.060252],[-51.208505,-30.059218],[-51.206628,-30.062016],[-51.205872,-30.066876],[-51.204777,-30.070262]]]}},{"type":"Feature","properties":{"id":"1431490200123","name":"Vila João Pessoa : Condor / Ernesto Di Primio Beck","city":"4314902","ivs":0.237,"idhm":0.688,"income":662.53,"cnes":0},"geometry":{"type":"MultiPolygon","coordinates":[[[[-51.169435,-30.078017],[-51.170237,-30.077896],[-51.171236,-30.078486],[-51.171081,-30.077412],[-51.171752,-30.076127],[-51.172121,-30.075846],[-51.173733,-30.076141],[-51.17459,-30.075891],[-51.174512,-30.075433],[-51.173349,-30.075078],[-51.172968,-30.07463],[-51.175806,-30.072692],[-51.175045,-30.072456],[-51.174731,-30.072758],[-51.174191,-30.07235],[-51.173301,-30.073536],[-51.172212,-30.073137],[-51.172013,-30.074051],[-51.171469,-30.074552],[-51.171409,-30.075703],[-51.170723,-30.077267],[-51.169496,-30.077726],[-51.169435,-30.078017]]],[[[-51.171988,-30.069049],[-51.171848,-30.073077],[-51.172212,-30.073137],[-51.172325,-30.069692],[-51.175488,-30.07003],[-51.175288,-30.06893],[-51.172977,-30.068331],[-51.173621,-30.068002],[-51.173422,-30.067182],[-51.174003,-30.06681],[-51.174047,-30.066523],[-51.172818,-30.067097],[-51.171988,-30.069049]]]]}},{"type":"Feature","properties":{"id":"1431490200124","name":"Cel Aparício Borges : Veiga / Guedes da Luz","city":"4314902","ivs":0.125,"idhm":0.846,"income":1515.14,"cnes":1},"geometry":{"type":"Polygon","coordinates":[[[-51.1799,-30.066539],[-51.180127,-30.067447],[-51.183012,-30.066229],[-51.183668,-30.067317],[-51.18678,-30.065968],[-51.186376,-30.064399],[-51.185947,-30.063674],[-51.182397,-30.065445],[-51.180335,-30.064697],[-51.1799,-30.066539]]]}},{"type":"Feature","properties":{"id":"1431490200125","name":"São José : Clemente Pereira","city":"4314902","ivs":0.307,"idhm":0.716,"income":713.05,"cnes":2},"geometry":{"type":"Polygon","coordinates":[[[-51.160288,-30.070492],[-51.163206,-30.070884],[-51.162993,-30.072077],[-51.164473,-30.072339],[-51.164717,-30.07109],[-51.167206,-30.071445],[-51.166753,-30.073874],[-51.169093,-30.074305],[-51.168307,-30.078084],[-51.167565,-30.078745],[-51.167748,-30.078913],[-51.168729,-30.078178],[-51.169435,-30.078017],[-51.169717,-30.077424],[-51.170207,-30.077306],[-51.170481,-30.076897],[-51.170961,-30.074831],[-51.1718,-30.073582],[-51.171874,-30.069606],[-51.172491,-30.067985],[-51.171899,-30.068167],[-51.171329,-30.068692],[-51.170914,-30.069716],[-51.17063,-30.06914],[-51.170093,-30.069065],[-51.170026,-30.069332],[-51.162149,-30.068266],[-51.162649,-30.065665],[-51.161199,-30.065467],[-51.160288,-30.070492]]]}},{"type":"Feature","properties":{"id":"1431490200126","name":"São José : Morro da Cruz / Vila São José / Chácara dos Bombeiros","city":"4314902","ivs":0.356,"idhm":0.643,"income":499.5,"cnes":4},"geometry":{"type":"Polygon","coordinates":[[[-51.152851,-30.07504],[-51.158677,-30.079934],[-51.16233,-30.082235],[-51.166484,-30.082536],[-51.167048,-30.087733],[-51.16777,-30.08806],[-51.170095,-30.087694],[-51.170629,-30.086682],[-51.170837,-30.085147],[-51.171366,-30.084321],[-51.171565,-30.082659],[-51.171413,-30.080648],[-51.170838,-30.079156],[-51.171042,-30.078437],[-51.170237,-30.077896],[-51.168968,-30.078077],[-51.167748,-30.078913],[-51.167565,-30.078745],[-51.168307,-30.078084],[-51.169093,-30.074305],[-51.166753,-30.073874],[-51.167206,-30.071445],[-51.164717,-30.07109],[-51.164473,-30.072339],[-51.162993,-30.072077],[-51.163206,-30.070884],[-51.159196,-30.070373],[-51.158463,-30.073939],[-51.158122,-30.074365],[-51.152851,-30.07504]]]}},{"type":"Feature","properties":{"id":"1431490200127","name":"Cel Aparício Borges : Sargento Witt / Chácara das Bananeiras","city":"4314902","ivs":0.169,"idhm":0.816,"income":1108.86,"cnes":5},"geometry":{"type":"Polygon","coordinates":[[[-51.179301,-30.069305],[-51.181091,-30.070883],[-51.182336,-30.071342],[-51.184048,-30.071207],[-51.184351,-30.071697],[-51.184839,-30.071639],[-51.185959,-30.073],[-51.185802,-30.073114],[-51.186216,-30.073671],[-51.186941,-30.073341],[-51.187416,-30.073801],[-51.191766,-30.074585],[-51.193255,-30.072396],[-51.19043,-30.071724],[-51.188439,-30.069217],[-51.185609,-30.070489],[-51.184432,-30.068562],[-51.187052,-30.067243],[-51.18678,-30.065968],[-51.183668,-30.067317],[-51.183012,-30.066229],[-51.18012,-30.06745],[-51.180523,-30.068708],[-51.179301,-30.069305]]]}},{"type":"Feature","properties":{"id":"1431490200128","name":"São José : Dona Firmina / Nove de Junho","city":"4314902","ivs":0.218,"idhm":0.816,"income":1244.93,"cnes":5},"geometry":{"type":"Polygon","coordinates":[[[-51.161199,-30.065467],[-51.162649,-30.065665],[-51.162149,-30.068266],[-51.170026,-30.069332],[-51.171391,-30.061999],[-51.169906,-30.061865],[-51.162316,-30.062613],[-51.161605,-30.062987],[-51.161199,-30.065467]],[[-51.164156,-30.065863],[-51.164602,-30.063401],[-51.166162,-30.06364],[-51.165694,-30.066069],[-51.164156,-30.065863]]]}},{"type":"Feature","properties":{"id":"1431490200129","name":"Glória ( bairro )","city":"4314902","ivs":0.11,"idhm":0.853,"income":1669.56,"cnes":19},"geometry":{"type":"Polygon","coordinates":[[[-51.186943,-30.075559],[-51.19396,-30.076789],[-51.193562,-30.078475],[-51.195133,-30.078812],[-51.197129,-30.077228],[-51.198634,-30.078807],[-51.201084,-30.080737],[-51.203385,-30.07945],[-51.208256,-30.077374],[-51.208182,-30.075883],[-51.2091,-30.073873],[-51.208825,-30.072246],[-51.209226,-30.071752],[-51.208668,-30.070786],[-51.204777,-30.070262],[-51.205128,-30.069347],[-51.201983,-30.069187],[-51.200447,-30.071926],[-51.199805,-30.073658],[-51.193255,-30.072396],[-51.191766,-30.074585],[-51.187416,-30.073801],[-51.186943,-30.075559]]]}},{"type":"Feature","properties":{"id":"1431490200130","name":"Auxiliadora","city":"4314902","ivs":0.057,"idhm":0.947,"income":3792.29,"cnes":379},"geometry":{"type":"Polygon","coordinates":[[[-51.18379,-30.02403],[-51.185308,-30.024626],[-51.185749,-30.024617],[-51.185823,-30.024036],[-51.196705,-30.025067],[-51.197837,-30.018252],[-51.186669,-30.017661],[-51.186532,-30.019875],[-51.184715,-30.02227],[-51.18379,-30.02403]]]}},{"type":"Feature","properties":{"id":"1431490200131","name":"Menino Deus : Condomínio Lupicínio Rodrigues","city":"4314902","ivs":0.208,"idhm":0.862,"income":1595.35,"cnes":0},"geometry":{"type":"Polygon","coordinates":[[[-51.218691,-30.046961],[-51.219605,-30.04723],[-51.219888,-30.046337],[-51.220551,-30.045793],[-51.220801,-30.04783],[-51.221631,-30.047749],[-51.221163,-30.044242],[-51.220233,-30.044698],[-51.219362,-30.045553],[-51.218691,-30.046961]]]}},{"type":"Feature","properties":{"id":"1431490200132","name":"Praia de Belas : Vila Chocolatão / Vila Aldeia","city":"4314902","ivs":0.417,"idhm":0.593,"income":385.91,"cnes":0},"geometry":{"type":"Polygon","coordinates":[[[-51.233392,-30.038935],[-51.233561,-30.040483],[-51.233731,-30.04047],[-51.233685,-30.039965],[-51.235636,-30.039742],[-51.23554,-30.038731],[-51.233392,-30.038935]]]}},{"type":"Feature","properties":{"id":"1431490200133","name":"Cel Aparício Borges : Volta da Cobra / Linha de Tiro I e II","city":"4314902","ivs":0.236,"idhm":0.736,"income":818.43,"cnes":2},"geometry":{"type":"Polygon","coordinates":[[[-51.174517,-30.074353],[-51.17528,-30.075048],[-51.176307,-30.07447],[-51.176459,-30.074225],[-51.176271,-30.073893],[-51.177338,-30.073228],[-51.17865,-30.074884],[-51.179892,-30.073344],[-51.179785,-30.072604],[-51.181172,-30.071851],[-51.18261,-30.07346],[-51.181994,-30.07378],[-51.181819,-30.074616],[-51.183024,-30.075099],[-51.183374,-30.075138],[-51.186216,-30.073671],[-51.185802,-30.073114],[-51.185959,-30.073],[-51.184839,-30.071639],[-51.184351,-30.071697],[-51.184048,-30.071207],[-51.182336,-30.071342],[-51.181087,-30.070881],[-51.180294,-30.0703],[-51.178478,-30.071789],[-51.176427,-30.072749],[-51.174517,-30.074353]]]}},{"type":"Feature","properties":{"id":"1431490200134","name":"Menino Deus : Luiz Guaragna","city":"4314902","ivs":0.238,"idhm":0.736,"income":818.43,"cnes":1},"geometry":{"type":"Polygon","coordinates":[[[-51.223724,-30.044877],[-51.224195,-30.045163],[-51.224337,-30.046105],[-51.225351,-30.046045],[-51.225887,-30.046399],[-51.226002,-30.044627],[-51.223724,-30.044877]]]}},{"type":"Feature","properties":{"id":"1431490200135","name":"Cel Aparício Borges : Chácara do Primeiro / Pantanal / Saibreira","city":"4314902","ivs":0.37,"idhm":0.646,"income":489.26,"cnes":0},"geometry":{"type":"Polygon","coordinates":[[[-51.168909,-30.090919],[-51.169544,-30.091149],[-51.171862,-30.090529],[-51.172902,-30.091729],[-51.174111,-30.092204],[-51.174558,-30.091858],[-51.175046,-30.091808],[-51.175407,-30.092055],[-51.17579,-30.088401],[-51.176843,-30.086857],[-51.180606,-30.084478],[-51.182007,-30.083074],[-51.182942,-30.081053],[-51.18372,-30.080347],[-51.185232,-30.079881],[-51.187604,-30.079933],[-51.184765,-30.078744],[-51.180902,-30.078122],[-51.181099,-30.075278],[-51.181819,-30.074616],[-51.181994,-30.07378],[-51.18261,-30.07346],[-51.181401,-30.071932],[-51.181172,-30.071851],[-51.179785,-30.072604],[-51.179892,-30.073344],[-51.17865,-30.074884],[-51.177338,-30.073228],[-51.176271,-30.073893],[-51.176459,-30.074225],[-51.176307,-30.07447],[-51.17528,-30.075048],[-51.174517,-30.074353],[-51.174435,-30.075999],[-51.173733,-30.076141],[-51.172446,-30.075826],[-51.171752,-30.076127],[-51.171081,-30.077412],[-51.171236,-30.078486],[-51.171042,-30.078437],[-51.170838,-30.07888],[-51.171479,-30.081012],[-51.171366,-30.084321],[-51.170837,-30.085147],[-51.170629,-30.086682],[-51.168909,-30.090919]]]}},{"type":"Feature","properties":{"id":"1431490200136","name":"Partenon : João Bonuma / Capitão Cristalino Fagundes","city":"4314902","ivs":0.21,"idhm":0.808,"income":1220.08,"cnes":2},"geometry":{"type":"Polygon","coordinates":[[[-51.184432,-30.068562],[-51.185609,-30.070489],[-51.188439,-30.069217],[-51.19043,-30.071724],[-51.193255,-30.072396],[-51.193509,-30.071764],[-51.194386,-30.071914],[-51.195115,-30.070335],[-51.1942,-30.070339],[-51.195204,-30.069538],[-51.194831,-30.06915],[-51.193449,-30.070176],[-51.192,-30.070085],[-51.189986,-30.069101],[-51.190577,-30.068761],[-51.187253,-30.06513],[-51.186673,-30.06544],[-51.187052,-30.067243],[-51.184432,-30.068562]]]}},{"type":"Feature","properties":{"id":"1431490200137","name":"Glória : Vila Colina Verde","city":"4314902","ivs":0.298,"idhm":0.724,"income":709.69,"cnes":0},"geometry":{"type":"Polygon","coordinates":[[[-51.180996,-30.075755],[-51.182589,-30.07646],[-51.184302,-30.076292],[-51.184626,-30.076046],[-51.184667,-30.076834],[-51.184952,-30.076889],[-51.184857,-30.076493],[-51.185344,-30.076667],[-51.18566,-30.076317],[-51.186147,-30.0764],[-51.186388,-30.075478],[-51.186943,-30.075559],[-51.187416,-30.073801],[-51.186941,-30.073341],[-51.183374,-30.075138],[-51.181819,-30.074616],[-51.181285,-30.074962],[-51.180996,-30.075755]]]}},{"type":"Feature","properties":{"id":"1431490200138","name":"Cascata : Ascenção","city":"4314902","ivs":0.23,"idhm":0.714,"income":727.98,"cnes":0},"geometry":{"type":"Polygon","coordinates":[[[-51.186414,-30.077123],[-51.186797,-30.076806],[-51.190104,-30.077202],[-51.191107,-30.07757],[-51.191509,-30.078349],[-51.192388,-30.079161],[-51.192554,-30.079819],[-51.192341,-30.080076],[-51.193152,-30.080875],[-51.193403,-30.08157],[-51.195173,-30.080728],[-51.194377,-30.079944],[-51.194556,-30.078688],[-51.193562,-30.078475],[-51.19396,-30.076789],[-51.186943,-30.075559],[-51.186414,-30.077123]]]}},{"type":"Feature","properties":{"id":"1431490200139","name":"Partenon : Carlos De Laet","city":"4314902","ivs":0.306,"idhm":0.735,"income":846.68,"cnes":1},"geometry":{"type":"Polygon","coordinates":[[[-51.189986,-30.069101],[-51.192,-30.070085],[-51.193449,-30.070176],[-51.195423,-30.068712],[-51.19652,-30.069975],[-51.197217,-30.069635],[-51.194312,-30.06612],[-51.189986,-30.069101]]]}},{"type":"Feature","properties":{"id":"1431490200140","name":"Partenon : Cosme e Damião","city":"4314902","ivs":0.168,"idhm":0.816,"income":1108.86,"cnes":3},"geometry":{"type":"Polygon","coordinates":[[[-51.194259,-30.06277],[-51.196623,-30.066225],[-51.197921,-30.067468],[-51.197681,-30.067846],[-51.197873,-30.068148],[-51.196746,-30.068614],[-51.196488,-30.068297],[-51.196083,-30.068253],[-51.197217,-30.069635],[-51.19652,-30.069975],[-51.195157,-30.072769],[-51.196307,-30.073004],[-51.197604,-30.070075],[-51.198517,-30.071183],[-51.199873,-30.071267],[-51.198728,-30.068884],[-51.200823,-30.067999],[-51.201761,-30.069608],[-51.201983,-30.069187],[-51.205128,-30.069347],[-51.205872,-30.066876],[-51.206256,-30.063872],[-51.199399,-30.065526],[-51.197958,-30.063045],[-51.19646,-30.064031],[-51.195523,-30.062464],[-51.195137,-30.062278],[-51.194259,-30.06277]],[[-51.194692,-30.062909],[-51.195203,-30.06266],[-51.196506,-30.06463],[-51.196695,-30.06423],[-51.197814,-30.063485],[-51.198933,-30.065398],[-51.196932,-30.066118],[-51.194692,-30.062909]]]}},{"type":"Feature","properties":{"id":"1431490200141","name":"Partenon : Vila Maria da Conceição (Nossa Senhora do Brasil)","city":"4314902","ivs":0.382,"idhm":0.618,"income":400.1,"cnes":0},"geometry":{"type":"Polygon","coordinates":[[[-51.194692,-30.062909],[-51.196932,-30.066118],[-51.198933,-30.065398],[-51.197814,-30.063485],[-51.196695,-30.06423],[-51.196506,-30.06463],[-51.195203,-30.06266],[-51.194692,-30.062909]]]}},{"type":"Feature","properties":{"id":"1431490200142","name":"Partenon : Batista Xavier / Manoel Vitorino","city":"4314902","ivs":0.211,"idhm":0.808,"income":1220.08,"cnes":3},"geometry":{"type":"MultiPolygon","coordinates":[[[[-51.190304,-30.06131],[-51.190866,-30.06147],[-51.191379,-30.061124],[-51.193488,-30.063488],[-51.193221,-30.063749],[-51.19369,-30.064509],[-51.19426,-30.064463],[-51.19531,-30.065308],[-51.194343,-30.064142],[-51.193852,-30.064417],[-51.193399,-30.063837],[-51.193901,-30.063493],[-51.191407,-30.060659],[-51.190304,-30.06131]]],[[[-51.190304,-30.06131],[-51.185947,-30.063674],[-51.186673,-30.06544],[-51.187253,-30.06513],[-51.190575,-30.06876],[-51.194312,-30.06612],[-51.190304,-30.06131]]]]}},{"type":"Feature","properties":{"id":"1431490200143","name":"Partenon : Vila Santa Clara","city":"4314902","ivs":0.295,"idhm":0.719,"income":623.38,"cnes":0},"geometry":{"type":"Polygon","coordinates":[[[-51.193255,-30.072396],[-51.195157,-30.072769],[-51.19652,-30.069975],[-51.195423,-30.068712],[-51.194831,-30.06915],[-51.195204,-30.069538],[-51.1942,-30.070339],[-51.195115,-30.070335],[-51.194386,-30.071914],[-51.193509,-30.071764],[-51.193255,-30.072396]]]}},{"type":"Feature","properties":{"id":"1431490200144","name":"Partenon : Vila Cachorro Sentado / São Judas Tadeu / Salvador França","city":"4314902","ivs":0.31,"idhm":0.681,"income":610.25,"cnes":42},"geometry":{"type":"Polygon","coordinates":[[[-51.169294,-30.056035],[-51.169849,-30.061871],[-51.173505,-30.061985],[-51.175696,-30.062488],[-51.177669,-30.062597],[-51.179778,-30.064456],[-51.18213,-30.065399],[-51.18409,-30.064637],[-51.191407,-30.060659],[-51.190663,-30.060515],[-51.188486,-30.05671],[-51.188778,-30.055999],[-51.182502,-30.059033],[-51.180322,-30.059341],[-51.178666,-30.058978],[-51.172795,-30.056418],[-51.169294,-30.056035]]]}},{"type":"Feature","properties":{"id":"1431490200145","name":"Partenon : Frei Germano / Jardim Guanabara / Intercap","city":"4314902","ivs":0.221,"idhm":0.871,"income":1898.76,"cnes":24},"geometry":{"type":"Polygon","coordinates":[[[-51.150469,-30.064479],[-51.151774,-30.065979],[-51.15182,-30.067993],[-51.153105,-30.067992],[-51.153431,-30.06772],[-51.153678,-30.068411],[-51.15462,-30.068394],[-51.154619,-30.069518],[-51.155232,-30.069494],[-51.156561,-30.070494],[-51.157079,-30.067404],[-51.157024,-30.064949],[-51.159769,-30.063877],[-51.157953,-30.060694],[-51.159579,-30.05997],[-51.160604,-30.061787],[-51.160904,-30.061797],[-51.161317,-30.063108],[-51.162866,-30.06246],[-51.169849,-30.061871],[-51.169294,-30.056035],[-51.162868,-30.056083],[-51.16285,-30.057021],[-51.164844,-30.057297],[-51.164903,-30.057763],[-51.163508,-30.057912],[-51.163458,-30.05768],[-51.162837,-30.057735],[-51.162823,-30.058475],[-51.160877,-30.058372],[-51.160834,-30.056098],[-51.158527,-30.056435],[-51.154104,-30.058268],[-51.152501,-30.059505],[-51.151957,-30.060301],[-51.150469,-30.064479]]]}},{"type":"Feature","properties":{"id":"1431490200146","name":"Partenon : Padre Tedesco / Nelson Zang","city":"4314902","ivs":0.22,"idhm":0.816,"income":1244.93,"cnes":2},"geometry":{"type":"Polygon","coordinates":[[[-51.157953,-30.060694],[-51.159769,-30.063877],[-51.161316,-30.063107],[-51.160904,-30.061797],[-51.160604,-30.061787],[-51.159579,-30.05997],[-51.157953,-30.060694]]]}},{"type":"Feature","properties":{"id":"1431490200147","name":"Partenon : São Guilherme / Luizinha / Tijuca","city":"4314902","ivs":0.296,"idhm":0.719,"income":623.38,"cnes":5},"geometry":{"type":"Polygon","coordinates":[[[-51.144852,-30.068966],[-51.14581,-30.070904],[-51.147256,-30.07034],[-51.152851,-30.07504],[-51.158122,-30.074365],[-51.158463,-30.073939],[-51.159196,-30.070373],[-51.16028,-30.07053],[-51.161604,-30.062998],[-51.157024,-30.064949],[-51.157079,-30.067404],[-51.156561,-30.070494],[-51.155232,-30.069494],[-51.154619,-30.069518],[-51.15462,-30.068394],[-51.153678,-30.068411],[-51.153431,-30.06772],[-51.153105,-30.067992],[-51.15182,-30.067993],[-51.151774,-30.065979],[-51.149879,-30.067325],[-51.144852,-30.068966]]]}},{"type":"Feature","properties":{"id":"1431490200148","name":"São José : Vila Sudeste","city":"4314902","ivs":0.378,"idhm":0.654,"income":544.22,"cnes":1},"geometry":{"type":"Polygon","coordinates":[[[-51.164156,-30.065863],[-51.165694,-30.066069],[-51.166162,-30.06364],[-51.164602,-30.063401],[-51.164156,-30.065863]]]}},{"type":"Feature","properties":{"id":"1431490200149","name":"Jardim Carvalho : Terra Mater","city":"4314902","ivs":0.08,"idhm":0.883,"income":2185.42,"cnes":8},"geometry":{"type":"Polygon","coordinates":[[[-51.147609,-30.055977],[-51.148006,-30.058883],[-51.148534,-30.060029],[-51.149034,-30.062287],[-51.149413,-30.063346],[-51.150476,-30.064457],[-51.151778,-30.060618],[-51.152501,-30.059505],[-51.153554,-30.058614],[-51.153813,-30.055267],[-51.153363,-30.05557],[-51.153463,-30.055856],[-51.152837,-30.055885],[-51.153451,-30.05659],[-51.152631,-30.057204],[-51.151763,-30.056197],[-51.151142,-30.05586],[-51.149672,-30.055676],[-51.149191,-30.055337],[-51.147609,-30.055977]]]}},{"type":"Feature","properties":{"id":"1431490200150","name":"Jardim do Salso : Cristiano Fischer","city":"4314902","ivs":0.096,"idhm":0.94,"income":3591.85,"cnes":12},"geometry":{"type":"Polygon","coordinates":[[[-51.16494,-30.05195],[-51.168743,-30.053034],[-51.170779,-30.052996],[-51.172098,-30.051377],[-51.172961,-30.049556],[-51.173066,-30.049111],[-51.172645,-30.04784],[-51.172484,-30.046316],[-51.166168,-30.04674],[-51.166561,-30.048168],[-51.168431,-30.048767],[-51.167919,-30.050082],[-51.166014,-30.049455],[-51.16494,-30.05195]]]}},{"type":"Feature","properties":{"id":"1431490200151","name":"Bom Jesus : São Mateus","city":"4314902","ivs":0.081,"idhm":0.883,"income":2185.42,"cnes":2},"geometry":{"type":"Polygon","coordinates":[[[-51.166894,-30.040829],[-51.16724,-30.044014],[-51.168432,-30.0439],[-51.168702,-30.046537],[-51.172484,-30.046316],[-51.17178,-30.040077],[-51.17005,-30.041311],[-51.166894,-30.040829]]]}},{"type":"Feature","properties":{"id":"1431490200152","name":"Petrópolis : Av. Ferreira Viana","city":"4314902","ivs":0.057,"idhm":0.947,"income":3792.29,"cnes":190},"geometry":{"type":"Polygon","coordinates":[[[-51.17178,-30.040077],[-51.172645,-30.04784],[-51.173055,-30.046282],[-51.177086,-30.046039],[-51.177542,-30.047715],[-51.180704,-30.046934],[-51.182189,-30.047065],[-51.183863,-30.046755],[-51.183806,-30.047645],[-51.183439,-30.047818],[-51.183161,-30.048655],[-51.184768,-30.050924],[-51.190193,-30.049298],[-51.190615,-30.050233],[-51.193617,-30.049988],[-51.193804,-30.050738],[-51.194728,-30.050565],[-51.194944,-30.05117],[-51.198015,-30.046848],[-51.19743,-30.046552],[-51.196728,-30.043506],[-51.190708,-30.044561],[-51.190555,-30.04384],[-51.190882,-30.04285],[-51.187131,-30.043933],[-51.184877,-30.043955],[-51.181255,-30.043341],[-51.179897,-30.042696],[-51.178512,-30.041869],[-51.175634,-30.039008],[-51.174692,-30.038814],[-51.173773,-30.038924],[-51.17178,-30.040077]]]}},{"type":"Feature","properties":{"id":"1431490200153","name":"Bom Jesus : Santa Izabel","city":"4314902","ivs":0.218,"idhm":0.816,"income":1244.93,"cnes":3},"geometry":{"type":"Polygon","coordinates":[[[-51.16093,-30.040627],[-51.161478,-30.044501],[-51.16099,-30.044979],[-51.161538,-30.045194],[-51.162532,-30.045121],[-51.162624,-30.047168],[-51.163949,-30.047497],[-51.16505,-30.047038],[-51.16505,-30.04766],[-51.166561,-30.048168],[-51.166168,-30.04674],[-51.168702,-30.046537],[-51.168432,-30.0439],[-51.16724,-30.044014],[-51.166894,-30.040829],[-51.162699,-30.040262],[-51.16093,-30.040627]]]}},{"type":"Feature","properties":{"id":"1431490200154","name":"Bom Jesus : Panamá / USB Bom Jesus","city":"4314902","ivs":0.236,"idhm":0.736,"income":818.43,"cnes":7},"geometry":{"type":"Polygon","coordinates":[[[-51.152813,-30.041954],[-51.153037,-30.044985],[-51.153413,-30.045034],[-51.153421,-30.044128],[-51.153806,-30.044127],[-51.153816,-30.045026],[-51.154512,-30.045046],[-51.154611,-30.04402],[-51.155081,-30.043955],[-51.155344,-30.046115],[-51.155908,-30.046043],[-51.155834,-30.045249],[-51.156255,-30.045193],[-51.156353,-30.045714],[-51.157026,-30.04574],[-51.157017,-30.045096],[-51.157504,-30.045034],[-51.157707,-30.045908],[-51.158015,-30.04582],[-51.158448,-30.046336],[-51.160353,-30.04734],[-51.160944,-30.04717],[-51.160692,-30.046199],[-51.161392,-30.046402],[-51.162197,-30.046268],[-51.162317,-30.047422],[-51.162941,-30.047575],[-51.164217,-30.047729],[-51.16505,-30.04708],[-51.163949,-30.047497],[-51.162624,-30.047168],[-51.162532,-30.045121],[-51.161538,-30.045194],[-51.16099,-30.044979],[-51.161478,-30.044501],[-51.161155,-30.041941],[-51.160827,-30.041979],[-51.160032,-30.043057],[-51.15865,-30.043438],[-51.156913,-30.042931],[-51.156896,-30.042265],[-51.155283,-30.042366],[-51.155244,-30.04168],[-51.152813,-30.041954]]]}},{"type":"Feature","properties":{"id":"1431490200155","name":"Jardim Carvalho : Jardim Itália / Plano 100","city":"4314902","ivs":0.08,"idhm":0.883,"income":2185.42,"cnes":5},"geometry":{"type":"MultiPolygon","coordinates":[[[[-51.13616,-30.045629],[-51.136398,-30.045953],[-51.138077,-30.046805],[-51.138811,-30.045692],[-51.140276,-30.046702],[-51.142588,-30.04636],[-51.142999,-30.044096],[-51.141514,-30.044348],[-51.137347,-30.043195],[-51.13616,-30.045629]]],[[[-51.14303,-30.044086],[-51.143626,-30.046368],[-51.144062,-30.048466],[-51.14601,-30.046112],[-51.146475,-30.046268],[-51.145334,-30.04316],[-51.14303,-30.044086]]]]}},{"type":"Feature","properties":{"id":"1431490200156","name":"Jardim Itu : Rua Paul Harris","city":"4314902","ivs":0.217,"idhm":0.816,"income":1244.93,"cnes":1},"geometry":{"type":"Polygon","coordinates":[[[-51.139187,-30.021555],[-51.140193,-30.021646],[-51.14145,-30.024159],[-51.141583,-30.024864],[-51.142332,-30.024724],[-51.142812,-30.026884],[-51.145121,-30.026886],[-51.144497,-30.019908],[-51.142569,-30.019729],[-51.142957,-30.020546],[-51.139462,-30.020232],[-51.139187,-30.021555]]]}},{"type":"Feature","properties":{"id":"1431490200157","name":"Jardim Itu : Luiz Carvalho","city":"4314902","ivs":0.08,"idhm":0.883,"income":2185.42,"cnes":7},"geometry":{"type":"Polygon","coordinates":[[[-51.135459,-30.010755],[-51.137179,-30.026616],[-51.139546,-30.026489],[-51.139643,-30.027834],[-51.142022,-30.027811],[-51.14145,-30.024159],[-51.140193,-30.021646],[-51.139187,-30.021555],[-51.139462,-30.020232],[-51.142957,-30.020546],[-51.142569,-30.019729],[-51.14368,-30.019834],[-51.143611,-30.019079],[-51.144088,-30.019115],[-51.143997,-30.018447],[-51.143457,-30.018369],[-51.142963,-30.017061],[-51.14247,-30.016679],[-51.143637,-30.015452],[-51.14316,-30.010211],[-51.141672,-30.009952],[-51.137902,-30.010643],[-51.13558,-30.010289],[-51.135459,-30.010755]]]}},{"type":"Feature","properties":{"id":"1431490200158","name":"Santana : Vila Planetário","city":"4314902","ivs":0.309,"idhm":0.735,"income":846.68,"cnes":0},"geometry":{"type":"Polygon","coordinates":[[[-51.208445,-30.045084],[-51.209829,-30.045858],[-51.210503,-30.044963],[-51.20963,-30.044522],[-51.209809,-30.043618],[-51.208993,-30.043526],[-51.208885,-30.044331],[-51.208445,-30.045084]]]}},{"type":"Feature","properties":{"id":"1431490200159","name":"Petrópolis : Av. Ijuí / Grêmio Naútico União","city":"4314902","ivs":0.059,"idhm":0.956,"income":3858.03,"cnes":553},"geometry":{"type":"Polygon","coordinates":[[[-51.173773,-30.038924],[-51.174692,-30.038814],[-51.176037,-30.039201],[-51.178512,-30.041869],[-51.181255,-30.043341],[-51.186169,-30.044024],[-51.190882,-30.04285],[-51.190555,-30.04384],[-51.190708,-30.044561],[-51.196728,-30.043506],[-51.196055,-30.040545],[-51.195945,-30.037841],[-51.192076,-30.037935],[-51.192066,-30.038741],[-51.19113,-30.038765],[-51.189759,-30.038622],[-51.188323,-30.038006],[-51.185821,-30.035673],[-51.183215,-30.030665],[-51.182031,-30.029971],[-51.18105,-30.029702],[-51.179889,-30.032227],[-51.178118,-30.034754],[-51.177422,-30.03553],[-51.175001,-30.037096],[-51.173773,-30.038924]]]}},{"type":"Feature","properties":{"id":"1431490200160","name":"Farroupilha","city":"4314902","ivs":0.193,"idhm":0.927,"income":3417.25,"cnes":35},"geometry":{"type":"Polygon","coordinates":[[[-51.209117,-30.037109],[-51.216561,-30.04148],[-51.22198,-30.034495],[-51.220723,-30.032611],[-51.215575,-30.033801],[-51.209117,-30.037109]]]}},{"type":"Feature","properties":{"id":"1431490200161","name":"Santana : Vila Barnabé","city":"4314902","ivs":0.093,"idhm":0.845,"income":1451.48,"cnes":16},"geometry":{"type":"Polygon","coordinates":[[[-51.198691,-30.045847],[-51.199611,-30.046233],[-51.200065,-30.045584],[-51.201594,-30.046469],[-51.202497,-30.045209],[-51.205438,-30.046921],[-51.206174,-30.045869],[-51.204666,-30.044988],[-51.205609,-30.043662],[-51.204929,-30.043562],[-51.20121,-30.0436],[-51.199871,-30.044316],[-51.198691,-30.045847]]]}},{"type":"Feature","properties":{"id":"1431490200162","name":"Higienópolis","city":"4314902","ivs":0.062,"idhm":0.953,"income":3931.41,"cnes":162},"geometry":{"type":"Polygon","coordinates":[[[-51.178273,-30.019905],[-51.184715,-30.02227],[-51.186532,-30.019875],[-51.186669,-30.017661],[-51.192005,-30.017966],[-51.192105,-30.014432],[-51.185061,-30.011901],[-51.180756,-30.011727],[-51.180776,-30.011257],[-51.17897,-30.011217],[-51.178273,-30.019905]]]}},{"type":"Feature","properties":{"id":"1431490200163","name":"Jardim São Pedro","city":"4314902","ivs":0.075,"idhm":0.871,"income":2028.95,"cnes":18},"geometry":{"type":"Polygon","coordinates":[[[-51.161892,-30.004435],[-51.162472,-30.00451],[-51.163178,-30.004975],[-51.163689,-30.005817],[-51.163433,-30.007439],[-51.162842,-30.008155],[-51.162433,-30.011313],[-51.168435,-30.012188],[-51.168782,-30.010103],[-51.169621,-30.010131],[-51.169841,-30.008864],[-51.169019,-30.008764],[-51.16913,-30.008153],[-51.16956,-30.008153],[-51.169418,-30.007877],[-51.170421,-30.003343],[-51.168408,-30.00305],[-51.168286,-30.003736],[-51.165905,-30.003375],[-51.166084,-30.002712],[-51.164165,-30.002384],[-51.164042,-30.002748],[-51.162806,-30.002484],[-51.162876,-30.003944],[-51.161892,-30.004435]]]}},{"type":"Feature","properties":{"id":"1431490200164","name":"Santa Maria Goretti","city":"4314902","ivs":0.124,"idhm":0.846,"income":1515.14,"cnes":8},"geometry":{"type":"Polygon","coordinates":[[[-51.169418,-30.007877],[-51.169594,-30.008218],[-51.174085,-30.008275],[-51.179004,-30.008932],[-51.182679,-30.008765],[-51.182916,-30.003507],[-51.171365,-30.003508],[-51.170421,-30.003343],[-51.169418,-30.007877]]]}},{"type":"Feature","properties":{"id":"1431490200165","name":"Cristo Redentor","city":"4314902","ivs":0.073,"idhm":0.868,"income":2202.5,"cnes":170},"geometry":{"type":"Polygon","coordinates":[[[-51.150018,-30.010767],[-51.150324,-30.017183],[-51.152408,-30.017133],[-51.15236,-30.017468],[-51.161125,-30.018337],[-51.162093,-30.011258],[-51.162433,-30.011313],[-51.162842,-30.008155],[-51.163433,-30.007439],[-51.163689,-30.005817],[-51.163178,-30.004975],[-51.162472,-30.00451],[-51.161892,-30.004435],[-51.160301,-30.005119],[-51.159367,-30.004416],[-51.156086,-30.004492],[-51.155006,-30.004285],[-51.155022,-30.005283],[-51.155938,-30.006886],[-51.15551,-30.007959],[-51.15514,-30.008318],[-51.154626,-30.008329],[-51.154351,-30.010632],[-51.150018,-30.010767]]]}},{"type":"Feature","properties":{"id":"1431490200166","name":"Vila Ipiranga : Benno Mentz","city":"4314902","ivs":0.103,"idhm":0.888,"income":1883.02,"cnes":49},"geometry":{"type":"Polygon","coordinates":[[[-51.14247,-30.016679],[-51.142963,-30.017061],[-51.143457,-30.018369],[-51.143997,-30.018447],[-51.144088,-30.019115],[-51.143611,-30.019079],[-51.14368,-30.019834],[-51.144497,-30.019908],[-51.145121,-30.026886],[-51.146565,-30.026906],[-51.146431,-30.027593],[-51.15176,-30.027573],[-51.151784,-30.027138],[-51.152993,-30.02728],[-51.153085,-30.026548],[-51.153333,-30.026333],[-51.154088,-30.026416],[-51.154886,-30.021222],[-51.15612,-30.021579],[-51.161434,-30.021898],[-51.161437,-30.020594],[-51.16161,-30.020609],[-51.160931,-30.019757],[-51.161125,-30.018337],[-51.15236,-30.017468],[-51.152408,-30.017133],[-51.150324,-30.017183],[-51.150018,-30.010767],[-51.147636,-30.010809],[-51.14316,-30.010211],[-51.143637,-30.015452],[-51.14247,-30.016679]]]}},{"type":"Feature","properties":{"id":"1431490200167","name":"Vila Jardim : Vila Mirim / Beco Cananéia / Barreto Viana","city":"4314902","ivs":0.099,"idhm":0.887,"income":2371.03,"cnes":5},"geometry":{"type":"Polygon","coordinates":[[[-51.153575,-30.029012],[-51.154486,-30.030196],[-51.15469,-30.03122],[-51.154473,-30.032373],[-51.154046,-30.033111],[-51.157804,-30.033522],[-51.159513,-30.033951],[-51.159718,-30.032175],[-51.15573,-30.032107],[-51.154944,-30.031618],[-51.15596,-30.030615],[-51.155983,-30.030029],[-51.155417,-30.030149],[-51.154222,-30.028495],[-51.153575,-30.029012]]]}},{"type":"Feature","properties":{"id":"1431490200168","name":"Vila Jardim : Beco Um Salvador Pinheiro / Souza Lobo","city":"4314902","ivs":0.111,"idhm":0.853,"income":1669.56,"cnes":0},"geometry":{"type":"Polygon","coordinates":[[[-51.154476,-30.035458],[-51.154741,-30.036451],[-51.155958,-30.03612],[-51.157296,-30.036178],[-51.157748,-30.03625],[-51.158409,-30.036934],[-51.159513,-30.033951],[-51.155519,-30.033204],[-51.154679,-30.034354],[-51.154476,-30.035458]]]}},{"type":"Feature","properties":{"id":"1431490200169","name":"Vila Jardim : Beco Bica / Veiga Cabral","city":"4314902","ivs":0.369,"idhm":0.646,"income":489.26,"cnes":0},"geometry":{"type":"Polygon","coordinates":[[[-51.147526,-30.02897],[-51.147823,-30.030333],[-51.14805,-30.032972],[-51.149983,-30.031743],[-51.149786,-30.031062],[-51.1501,-30.030577],[-51.147526,-30.02897]]]}},{"type":"Feature","properties":{"id":"1431490200170","name":"Vila Jardim : Beco Aquiles A e B","city":"4314902","ivs":0.245,"idhm":0.781,"income":1012.04,"cnes":1},"geometry":{"type":"Polygon","coordinates":[[[-51.154741,-30.036451],[-51.155471,-30.03823],[-51.155568,-30.040396],[-51.157191,-30.039865],[-51.156874,-30.03837],[-51.155942,-30.036122],[-51.154741,-30.036451]]]}},{"type":"Feature","properties":{"id":"1431490200171","name":"Vila Jardim : General Barreto Viana / Vila da Paz","city":"4314902","ivs":0.098,"idhm":0.852,"income":1680.17,"cnes":1},"geometry":{"type":"Polygon","coordinates":[[[-51.155942,-30.036122],[-51.156874,-30.03837],[-51.157191,-30.039865],[-51.158365,-30.039381],[-51.158163,-30.03773],[-51.158409,-30.036934],[-51.157748,-30.03625],[-51.155942,-30.036122]]]}},{"type":"Feature","properties":{"id":"1431490200172","name":"Belém Novo : Vila Julia / Giulian","city":"4314902","ivs":0.346,"idhm":0.61,"income":414.6,"cnes":0},"geometry":{"type":"Polygon","coordinates":[[[-51.175484,-30.21298],[-51.177407,-30.214156],[-51.178269,-30.21343],[-51.176233,-30.212001],[-51.175484,-30.21298]]]}},{"type":"Feature","properties":{"id":"1431490200173","name":"Cascata : Canudos / Batillanas","city":"4314902","ivs":0.298,"idhm":0.681,"income":610.25,"cnes":15},"geometry":{"type":"Polygon","coordinates":[[[-51.168909,-30.090919],[-51.171501,-30.093806],[-51.17085,-30.094471],[-51.172083,-30.095403],[-51.172777,-30.094997],[-51.173117,-30.094275],[-51.173764,-30.094274],[-51.174111,-30.093775],[-51.175354,-30.093851],[-51.176118,-30.094952],[-51.174355,-30.096331],[-51.173085,-30.096667],[-51.17148,-30.097902],[-51.171704,-30.098835],[-51.17122,-30.09982],[-51.172159,-30.100299],[-51.17284,-30.10029],[-51.172949,-30.099747],[-51.174886,-30.09851],[-51.175844,-30.09811],[-51.176607,-30.09831],[-51.177613,-30.098057],[-51.17842,-30.094443],[-51.179593,-30.093486],[-51.180648,-30.092033],[-51.181891,-30.091409],[-51.182622,-30.090463],[-51.181665,-30.089283],[-51.182658,-30.088893],[-51.182126,-30.088321],[-51.183688,-30.086878],[-51.186042,-30.08533],[-51.187673,-30.085861],[-51.189348,-30.085352],[-51.18916,-30.084816],[-51.191724,-30.083838],[-51.194749,-30.083065],[-51.195446,-30.082422],[-51.195615,-30.081613],[-51.195173,-30.080728],[-51.193403,-30.08157],[-51.193152,-30.080875],[-51.192341,-30.080076],[-51.191899,-30.080829],[-51.192514,-30.080975],[-51.192813,-30.081381],[-51.19069,-30.082034],[-51.187604,-30.079933],[-51.185232,-30.079881],[-51.184018,-30.080162],[-51.182942,-30.081053],[-51.1822,-30.082793],[-51.180606,-30.084478],[-51.179439,-30.085389],[-51.177208,-30.086528],[-51.176156,-30.0877],[-51.17579,-30.088401],[-51.175407,-30.092055],[-51.175046,-30.091808],[-51.174558,-30.091858],[-51.174111,-30.092204],[-51.172902,-30.091729],[-51.171862,-30.090529],[-51.169544,-30.091149],[-51.168909,-30.090919]]]}},{"type":"Feature","properties":{"id":"1431490200174","name":"Cascata : Vila Nossa Senhora da Glória","city":"4314902","ivs":0.381,"idhm":0.618,"income":400.1,"cnes":0},"geometry":{"type":"Polygon","coordinates":[[[-51.180902,-30.078122],[-51.184765,-30.078744],[-51.187604,-30.079933],[-51.19069,-30.082034],[-51.192813,-30.081381],[-51.192514,-30.080975],[-51.191899,-30.080829],[-51.192533,-30.079637],[-51.192172,-30.078832],[-51.191509,-30.078349],[-51.191107,-30.07757],[-51.190104,-30.077202],[-51.186797,-30.076806],[-51.186414,-30.077123],[-51.186943,-30.075559],[-51.186388,-30.075478],[-51.186147,-30.0764],[-51.18566,-30.076317],[-51.185344,-30.076667],[-51.184857,-30.076493],[-51.184952,-30.076889],[-51.184667,-30.076834],[-51.184626,-30.076046],[-51.184302,-30.076292],[-51.182589,-30.07646],[-51.180996,-30.075755],[-51.180902,-30.078122]]]}},{"type":"Feature","properties":{"id":"1431490200175","name":"Jardim Carvalho : Colina do Prado / Grécia","city":"4314902","ivs":0.379,"idhm":0.654,"income":544.22,"cnes":0},"geometry":{"type":"Polygon","coordinates":[[[-51.132987,-30.056944],[-51.133484,-30.057961],[-51.133746,-30.059711],[-51.134381,-30.060349],[-51.134315,-30.061403],[-51.135472,-30.063614],[-51.137604,-30.065271],[-51.140071,-30.065449],[-51.140818,-30.065849],[-51.141837,-30.066915],[-51.142792,-30.06719],[-51.142968,-30.067534],[-51.142849,-30.068173],[-51.143168,-30.068524],[-51.14768,-30.067297],[-51.149362,-30.06609],[-51.148941,-30.066199],[-51.148331,-30.064874],[-51.146232,-30.064233],[-51.145975,-30.063576],[-51.146228,-30.062701],[-51.145884,-30.062405],[-51.143744,-30.0614],[-51.144921,-30.061452],[-51.146623,-30.062365],[-51.146513,-30.061115],[-51.145995,-30.060088],[-51.145673,-30.06002],[-51.1457,-30.059295],[-51.145536,-30.060115],[-51.143702,-30.060077],[-51.143689,-30.058165],[-51.14048,-30.05748],[-51.132987,-30.056944]]]}},{"type":"Feature","properties":{"id":"1431490200176","name":"Cascata : Alpes","city":"4314902","ivs":0.23,"idhm":0.714,"income":727.98,"cnes":12},"geometry":{"type":"Polygon","coordinates":[[[-51.177886,-30.096359],[-51.177915,-30.096922],[-51.184713,-30.099713],[-51.186035,-30.100806],[-51.186572,-30.100956],[-51.18682,-30.101771],[-51.187257,-30.101976],[-51.190528,-30.101726],[-51.192234,-30.101959],[-51.192731,-30.098979],[-51.193077,-30.094364],[-51.192832,-30.093805],[-51.194942,-30.091607],[-51.196603,-30.08731],[-51.194114,-30.084593],[-51.194578,-30.084494],[-51.194559,-30.08359],[-51.193461,-30.083865],[-51.193311,-30.083427],[-51.191724,-30.083838],[-51.18916,-30.084816],[-51.189348,-30.085352],[-51.187673,-30.085861],[-51.186042,-30.08533],[-51.183688,-30.086878],[-51.182126,-30.088321],[-51.182658,-30.088893],[-51.181665,-30.089283],[-51.182622,-30.090463],[-51.181891,-30.091409],[-51.180648,-30.092033],[-51.179593,-30.093486],[-51.178515,-30.094318],[-51.177886,-30.096359]],[[-51.190163,-30.085883],[-51.191127,-30.08523],[-51.192905,-30.084839],[-51.194184,-30.087067],[-51.193667,-30.0872],[-51.193045,-30.086775],[-51.19325,-30.087448],[-51.193104,-30.087602],[-51.192936,-30.087418],[-51.192527,-30.087764],[-51.191545,-30.087259],[-51.190163,-30.085883]]]}},{"type":"Feature","properties":{"id":"1431490200177","name":"Petrópolis : Av. Antônio Carlos Tibiriça","city":"4314902","ivs":0.216,"idhm":0.816,"income":1244.93,"cnes":0},"geometry":{"type":"Polygon","coordinates":[[[-51.172645,-30.04784],[-51.177113,-30.047943],[-51.178634,-30.047955],[-51.178422,-30.047556],[-51.177542,-30.047715],[-51.177086,-30.046039],[-51.173055,-30.046282],[-51.172645,-30.04784]]]}},{"type":"Feature","properties":{"id":"1431490200178","name":"Bom Jesus : Vila Mato Sampaio / Divinéia / Fátima","city":"4314902","ivs":0.345,"idhm":0.61,"income":414.6,"cnes":4},"geometry":{"type":"Polygon","coordinates":[[[-51.150417,-30.043944],[-51.150332,-30.048746],[-51.151032,-30.049354],[-51.150495,-30.050069],[-51.150671,-30.050991],[-51.150352,-30.051337],[-51.151991,-30.051617],[-51.152293,-30.051179],[-51.152981,-30.051267],[-51.152914,-30.051463],[-51.154153,-30.051846],[-51.154235,-30.050733],[-51.153785,-30.050314],[-51.15652,-30.050602],[-51.156929,-30.050873],[-51.158662,-30.05055],[-51.159485,-30.051491],[-51.16494,-30.05195],[-51.165248,-30.051297],[-51.164836,-30.05038],[-51.164123,-30.050503],[-51.16505,-30.04766],[-51.16505,-30.04708],[-51.164217,-30.047729],[-51.162941,-30.047575],[-51.162317,-30.047422],[-51.162197,-30.046268],[-51.161392,-30.046402],[-51.160692,-30.046199],[-51.160944,-30.04717],[-51.160353,-30.04734],[-51.158448,-30.046336],[-51.158015,-30.04582],[-51.157707,-30.045908],[-51.157504,-30.045034],[-51.157017,-30.045096],[-51.157026,-30.04574],[-51.156353,-30.045714],[-51.156255,-30.045193],[-51.155834,-30.045249],[-51.155908,-30.046043],[-51.155344,-30.046115],[-51.155081,-30.043955],[-51.154611,-30.04402],[-51.154512,-30.045046],[-51.153816,-30.045026],[-51.153806,-30.044127],[-51.153421,-30.044128],[-51.153413,-30.045034],[-51.153037,-30.044985],[-51.153083,-30.043786],[-51.150417,-30.043944]]]}},{"type":"Feature","properties":{"id":"1431490200179","name":"Cascata : Vila Graciliano Ramos","city":"4314902","ivs":0.379,"idhm":0.654,"income":544.22,"cnes":0},"geometry":{"type":"Polygon","coordinates":[[[-51.190163,-30.085883],[-51.191545,-30.087259],[-51.192527,-30.087764],[-51.192936,-30.087418],[-51.193104,-30.087602],[-51.19325,-30.087448],[-51.193045,-30.086775],[-51.193667,-30.0872],[-51.194184,-30.087067],[-51.192905,-30.084839],[-51.191127,-30.08523],[-51.190163,-30.085883]]]}},{"type":"Feature","properties":{"id":"1431490200180","name":"Vila Jardim : Viela da Alegria","city":"4314902","ivs":0.083,"idhm":0.905,"income":2910.87,"cnes":23},"geometry":{"type":"Polygon","coordinates":[[[-51.154944,-30.031618],[-51.156294,-30.032217],[-51.158104,-30.032048],[-51.159049,-30.031305],[-51.158715,-30.030375],[-51.159524,-30.028313],[-51.15831,-30.028584],[-51.156897,-30.029643],[-51.154944,-30.031618]]]}},{"type":"Feature","properties":{"id":"1431490200181","name":"Santa Tereza : Orfanotrófio I","city":"4314902","ivs":0.316,"idhm":0.627,"income":531.9,"cnes":0},"geometry":{"type":"Polygon","coordinates":[[[-51.217118,-30.078812],[-51.218711,-30.080171],[-51.217991,-30.08091],[-51.21912,-30.081785],[-51.219798,-30.081061],[-51.2189,-30.080372],[-51.219768,-30.079479],[-51.217741,-30.078107],[-51.217118,-30.078812]]]}},{"type":"Feature","properties":{"id":"1431490200182","name":"Ponta Grossa : Vila Túnel Verde / Estrada Ponta Grossa / Jardim Santa Mônica","city":"4314902","ivs":0.306,"idhm":0.735,"income":846.68,"cnes":1},"geometry":{"type":"Polygon","coordinates":[[[-51.176075,-30.178999],[-51.178516,-30.179252],[-51.185681,-30.180715],[-51.194056,-30.184303],[-51.197728,-30.185566],[-51.200762,-30.185068],[-51.202963,-30.185253],[-51.204959,-30.184993],[-51.207218,-30.184284],[-51.208293,-30.18359],[-51.208998,-30.185064],[-51.209685,-30.185388],[-51.214836,-30.184418],[-51.218033,-30.184495],[-51.217828,-30.183586],[-51.21801,-30.182813],[-51.22088,-30.180909],[-51.221933,-30.179184],[-51.223334,-30.177707],[-51.223883,-30.177416],[-51.225817,-30.177737],[-51.227487,-30.177306],[-51.226632,-30.176877],[-51.226069,-30.176069],[-51.224966,-30.17518],[-51.223449,-30.175012],[-51.222518,-30.174505],[-51.221516,-30.174549],[-51.219727,-30.173321],[-51.217715,-30.173395],[-51.215563,-30.174859],[-51.214045,-30.175426],[-51.212008,-30.175518],[-51.207644,-30.17652],[-51.205665,-30.175846],[-51.204962,-30.174938],[-51.204626,-30.174054],[-51.20396,-30.173717],[-51.201789,-30.174016],[-51.199201,-30.173949],[-51.194118,-30.173036],[-51.188342,-30.17252],[-51.183691,-30.171392],[-51.180671,-30.169962],[-51.179974,-30.171716],[-51.176493,-30.175216],[-51.176075,-30.178999]]]}},{"type":"Feature","properties":{"id":"1431490200183","name":"Vila João Pessoa : Vila Campo da Tuca","city":"4314902","ivs":0.351,"idhm":0.615,"income":417.1,"cnes":0},"geometry":{"type":"MultiPolygon","coordinates":[[[[-51.172212,-30.073137],[-51.171848,-30.073077],[-51.171702,-30.073816],[-51.170961,-30.074831],[-51.170481,-30.076897],[-51.169496,-30.077726],[-51.170723,-30.077267],[-51.171409,-30.075703],[-51.171469,-30.074552],[-51.172013,-30.074051],[-51.172212,-30.073137]]],[[[-51.172212,-30.073137],[-51.173301,-30.073536],[-51.174191,-30.07235],[-51.174613,-30.072666],[-51.17604,-30.07164],[-51.176389,-30.070899],[-51.176145,-30.070573],[-51.176339,-30.070502],[-51.175824,-30.070039],[-51.172325,-30.069692],[-51.172212,-30.073137]]]]}},{"type":"Feature","properties":{"id":"1431490200184","name":"Santa Tereza : Vila Figueira","city":"4314902","ivs":0.385,"idhm":0.618,"income":400.1,"cnes":0},"geometry":{"type":"Polygon","coordinates":[[[-51.230668,-30.074998],[-51.231183,-30.075602],[-51.231421,-30.077114],[-51.232168,-30.078068],[-51.232295,-30.078893],[-51.23376,-30.078642],[-51.234799,-30.078103],[-51.23548,-30.077368],[-51.233662,-30.073211],[-51.234998,-30.073483],[-51.235374,-30.070838],[-51.233088,-30.070574],[-51.232911,-30.071597],[-51.233551,-30.072799],[-51.233414,-30.07316],[-51.231252,-30.072753],[-51.230668,-30.074998]]]}},{"type":"Feature","properties":{"id":"1431490200185","name":"Santa Tereza : Mariano de Matos","city":"4314902","ivs":0.282,"idhm":0.714,"income":727.62,"cnes":0},"geometry":{"type":"Polygon","coordinates":[[[-51.213641,-30.068708],[-51.214791,-30.068668],[-51.216245,-30.069048],[-51.21719,-30.068178],[-51.217165,-30.067601],[-51.218024,-30.065263],[-51.220281,-30.061729],[-51.219205,-30.061057],[-51.216213,-30.065605],[-51.213641,-30.068708]]]}},{"type":"Feature","properties":{"id":"1431490200186","name":"Boa Vista : Núcleo Anita","city":"4314902","ivs":0.081,"idhm":0.883,"income":2185.42,"cnes":2},"geometry":{"type":"Polygon","coordinates":[[[-51.171489,-30.020361],[-51.173491,-30.02135],[-51.17325,-30.020835],[-51.173991,-30.019309],[-51.175353,-30.019113],[-51.1755,-30.018811],[-51.172895,-30.017788],[-51.17197,-30.016556],[-51.171489,-30.020361]]]}},{"type":"Feature","properties":{"id":"1431490200187","name":"Rubem Berta : Vila Davi Canabarro","city":"4314902","ivs":0.377,"idhm":0.654,"income":544.22,"cnes":0},"geometry":{"type":"Polygon","coordinates":[[[-51.116485,-30.018135],[-51.116643,-30.020123],[-51.117819,-30.02008],[-51.117604,-30.01805],[-51.116485,-30.018135]]]}},{"type":"Feature","properties":{"id":"1431490200188","name":"Santa Tereza : Vila Cruzeiro do Sul","city":"4314902","ivs":0.351,"idhm":0.615,"income":417.1,"cnes":2},"geometry":{"type":"Polygon","coordinates":[[[-51.222524,-30.086028],[-51.224781,-30.087619],[-51.229056,-30.08907],[-51.228913,-30.089327],[-51.227114,-30.088611],[-51.226548,-30.089359],[-51.230187,-30.090583],[-51.230443,-30.090908],[-51.231059,-30.090025],[-51.230784,-30.089893],[-51.2315,-30.089516],[-51.233986,-30.090564],[-51.234667,-30.090448],[-51.232796,-30.086669],[-51.231496,-30.086933],[-51.230573,-30.083164],[-51.225711,-30.079631],[-51.225144,-30.080196],[-51.224682,-30.079817],[-51.223746,-30.080773],[-51.224205,-30.081132],[-51.223838,-30.081509],[-51.225684,-30.08289],[-51.225854,-30.082723],[-51.226353,-30.083343],[-51.22727,-30.083516],[-51.227545,-30.084091],[-51.227886,-30.084068],[-51.229655,-30.085321],[-51.228062,-30.08709],[-51.224309,-30.084261],[-51.222524,-30.086028]]]}},{"type":"Feature","properties":{"id":"1431490200189","name":"Bom Jesus : Patagonia","city":"4314902","ivs":0.096,"idhm":0.852,"income":1680.17,"cnes":1},"geometry":{"type":"Polygon","coordinates":[[[-51.155244,-30.04168],[-51.155283,-30.042366],[-51.156896,-30.042265],[-51.156913,-30.042931],[-51.15865,-30.043438],[-51.160032,-30.043057],[-51.160827,-30.041979],[-51.161155,-30.041941],[-51.16093,-30.040627],[-51.159006,-30.041203],[-51.155244,-30.04168]]]}},{"type":"Feature","properties":{"id":"1431490200190","name":"Santa Tereza : Jardim Europa","city":"4314902","ivs":0.299,"idhm":0.724,"income":709.69,"cnes":0},"geometry":{"type":"Polygon","coordinates":[[[-51.221017,-30.081733],[-51.222505,-30.082876],[-51.224205,-30.081132],[-51.223746,-30.080773],[-51.224682,-30.079817],[-51.223674,-30.078993],[-51.222782,-30.079509],[-51.222623,-30.079964],[-51.221348,-30.080454],[-51.221368,-30.081331],[-51.221017,-30.081733]]]}},{"type":"Feature","properties":{"id":"1431490200191","name":"Partenon : Partenon Tênis Clube","city":"4314902","ivs":0.075,"idhm":0.871,"income":2028.95,"cnes":72},"geometry":{"type":"Polygon","coordinates":[[[-51.188486,-30.05671],[-51.190663,-30.060515],[-51.191407,-30.060659],[-51.193901,-30.063493],[-51.193399,-30.063837],[-51.193852,-30.064417],[-51.194343,-30.064142],[-51.19531,-30.065308],[-51.195788,-30.064957],[-51.194259,-30.06277],[-51.195137,-30.062278],[-51.195523,-30.062464],[-51.19646,-30.064031],[-51.197958,-30.063045],[-51.195255,-30.05835],[-51.197418,-30.057054],[-51.200141,-30.054893],[-51.196096,-30.051141],[-51.195261,-30.050696],[-51.19408,-30.052463],[-51.192956,-30.053609],[-51.188778,-30.055999],[-51.188486,-30.05671]]]}},{"type":"Feature","properties":{"id":"1431490200192","name":"Santo Antônio","city":"4314902","ivs":0.104,"idhm":0.888,"income":1883.02,"cnes":19},"geometry":{"type":"Polygon","coordinates":[[[-51.195255,-30.05835],[-51.199399,-30.065526],[-51.206256,-30.063872],[-51.206628,-30.062016],[-51.209079,-30.058447],[-51.210222,-30.057189],[-51.213136,-30.05155],[-51.213222,-30.050611],[-51.211745,-30.051292],[-51.208776,-30.051633],[-51.203537,-30.053576],[-51.200952,-30.054259],[-51.197425,-30.057049],[-51.195255,-30.05835]]]}},{"type":"Feature","properties":{"id":"1431490200193","name":"Azenha : Loteamento Princesa Izabel","city":"4314902","ivs":0.316,"idhm":0.627,"income":531.9,"cnes":0},"geometry":{"type":"Polygon","coordinates":[[[-51.21002,-30.050091],[-51.211241,-30.051294],[-51.211537,-30.051173],[-51.21177,-30.050693],[-51.210251,-30.0498],[-51.21002,-30.050091]]]}},{"type":"Feature","properties":{"id":"1431490200194","name":"Partenon : Vila Ceres","city":"4314902","ivs":0.207,"idhm":0.862,"income":1595.35,"cnes":1},"geometry":{"type":"Polygon","coordinates":[[[-51.160834,-30.056098],[-51.160877,-30.058372],[-51.162823,-30.058475],[-51.162837,-30.057735],[-51.163458,-30.05768],[-51.163508,-30.057912],[-51.164903,-30.057763],[-51.164844,-30.057297],[-51.16285,-30.057021],[-51.162868,-30.056083],[-51.160834,-30.056098]]]}},{"type":"Feature","properties":{"id":"1431490200195","name":"Bom Jesus : Carumbé","city":"4314902","ivs":0.223,"idhm":0.878,"income":2152.15,"cnes":0},"geometry":{"type":"Polygon","coordinates":[[[-51.150131,-30.041867],[-51.150417,-30.043944],[-51.153083,-30.043786],[-51.152813,-30.041954],[-51.150131,-30.041867]]]}},{"type":"Feature","properties":{"id":"1431490200196","name":"Arquipélago : Ilha Grande dos Marinheiros","city":"4314902","ivs":0.415,"idhm":0.593,"income":385.91,"cnes":0},"geometry":{"type":"Polygon","coordinates":[[[-51.222272,-29.983928],[-51.222381,-29.987717],[-51.223707,-29.987668],[-51.223461,-29.985834],[-51.22358,-29.983717],[-51.22465,-29.98077],[-51.227711,-29.97442],[-51.228376,-29.973678],[-51.228951,-29.97231],[-51.231416,-29.968255],[-51.232053,-29.966078],[-51.230289,-29.965836],[-51.230055,-29.966937],[-51.229022,-29.969112],[-51.22733,-29.971662],[-51.226856,-29.972851],[-51.226135,-29.973694],[-51.22387,-29.977805],[-51.222523,-29.981543],[-51.222272,-29.983928]]]}},{"type":"Feature","properties":{"id":"1431490200197","name":"Jardim Carvalho : CEFER","city":"4314902","ivs":0.284,"idhm":0.761,"income":899.92,"cnes":14},"geometry":{"type":"Polygon","coordinates":[[[-51.131904,-30.052446],[-51.132294,-30.053011],[-51.132058,-30.05458],[-51.132987,-30.056944],[-51.14048,-30.05748],[-51.143689,-30.058165],[-51.143702,-30.060077],[-51.145536,-30.060115],[-51.1457,-30.059295],[-51.145673,-30.06002],[-51.145995,-30.060088],[-51.146513,-30.061115],[-51.146623,-30.062365],[-51.144921,-30.061452],[-51.143744,-30.0614],[-51.145884,-30.062405],[-51.146228,-30.062701],[-51.145975,-30.063576],[-51.146232,-30.064233],[-51.148331,-30.064874],[-51.148941,-30.066199],[-51.149362,-30.06609],[-51.14768,-30.067297],[-51.14365,-30.068352],[-51.143919,-30.069266],[-51.149879,-30.067325],[-51.151774,-30.065979],[-51.149413,-30.063346],[-51.148534,-30.060029],[-51.148006,-30.058883],[-51.147609,-30.055977],[-51.149191,-30.055337],[-51.149672,-30.055676],[-51.151142,-30.05586],[-51.151763,-30.056197],[-51.152631,-30.057204],[-51.153451,-30.05659],[-51.152837,-30.055885],[-51.153463,-30.055856],[-51.153363,-30.05557],[-51.153813,-30.055267],[-51.154153,-30.051846],[-51.152914,-30.051463],[-51.152981,-30.051267],[-51.152293,-30.051179],[-51.151991,-30.051617],[-51.150352,-30.051337],[-51.150671,-30.050991],[-51.150495,-30.050069],[-51.151032,-30.049354],[-51.150332,-30.048746],[-51.150277,-30.048401],[-51.150512,-30.045442],[-51.150131,-30.041867],[-51.147302,-30.042276],[-51.145334,-30.04316],[-51.146475,-30.046268],[-51.14601,-30.046112],[-51.144062,-30.048466],[-51.14303,-30.044086],[-51.142588,-30.04636],[-51.140276,-30.046702],[-51.138811,-30.045692],[-51.138077,-30.046805],[-51.13916,-30.047688],[-51.139714,-30.048815],[-51.139533,-30.050575],[-51.131904,-30.052446]]]}},{"type":"Feature","properties":{"id":"1431490200198","name":"Agronomia : Campus do Vale UFRGS","city":"4314902","ivs":0.211,"idhm":0.808,"income":1220.08,"cnes":2},"geometry":{"type":"Polygon","coordinates":[[[-51.107994,-30.041129],[-51.109505,-30.05052],[-51.110559,-30.050544],[-51.111498,-30.051077],[-51.112287,-30.050985],[-51.118398,-30.054553],[-51.120572,-30.055284],[-51.123303,-30.055371],[-51.123616,-30.055962],[-51.120346,-30.065112],[-51.120624,-30.065538],[-51.120407,-30.066886],[-51.118719,-30.067295],[-51.118206,-30.067652],[-51.117493,-30.071618],[-51.116797,-30.073227],[-51.116476,-30.073218],[-51.115789,-30.072357],[-51.114754,-30.072618],[-51.113614,-30.073253],[-51.109074,-30.077514],[-51.108535,-30.078697],[-51.109635,-30.07908],[-51.115358,-30.078454],[-51.118032,-30.078894],[-51.116769,-30.08033],[-51.117552,-30.080673],[-51.118246,-30.083373],[-51.122637,-30.08245],[-51.123738,-30.081108],[-51.124543,-30.080546],[-51.12532,-30.080598],[-51.126328,-30.08108],[-51.128605,-30.079705],[-51.128312,-30.083266],[-51.129095,-30.0834],[-51.131974,-30.08312],[-51.131384,-30.078767],[-51.131778,-30.076477],[-51.134873,-30.075588],[-51.137564,-30.074084],[-51.142323,-30.070144],[-51.143919,-30.069266],[-51.14365,-30.068352],[-51.143168,-30.068524],[-51.142849,-30.068173],[-51.142968,-30.067534],[-51.142792,-30.06719],[-51.141837,-30.066915],[-51.140818,-30.065849],[-51.140071,-30.065449],[-51.137604,-30.065271],[-51.135472,-30.063614],[-51.134315,-30.061403],[-51.134381,-30.060349],[-51.133746,-30.059711],[-51.133363,-30.057545],[-51.132394,-30.055766],[-51.132058,-30.05458],[-51.132294,-30.053011],[-51.131904,-30.052446],[-51.131592,-30.052208],[-51.129696,-30.051948],[-51.129622,-30.050581],[-51.129073,-30.049959],[-51.122088,-30.049201],[-51.122096,-30.047488],[-51.120523,-30.047468],[-51.120916,-30.041315],[-51.121271,-30.041559],[-51.121481,-30.038849],[-51.118156,-30.03823],[-51.11249,-30.038671],[-51.109276,-30.040635],[-51.107994,-30.041129]]]}},{"type":"Feature","properties":{"id":"1431490200199","name":"Centro Histórico","city":"4314902","ivs":0.073,"idhm":0.914,"income":2632.73,"cnes":1162},"geometry":{"type":"Polygon","coordinates":[[[-51.218392,-30.021553],[-51.218396,-30.023304],[-51.219915,-30.024492],[-51.21936,-30.025138],[-51.219338,-30.026582],[-51.219788,-30.028213],[-51.219522,-30.030752],[-51.22198,-30.034495],[-51.221518,-30.035079],[-51.224182,-30.03551],[-51.227632,-30.038928],[-51.229232,-30.038921],[-51.230433,-30.038106],[-51.232136,-30.037652],[-51.235012,-30.037682],[-51.239499,-30.037275],[-51.240892,-30.036557],[-51.241177,-30.035762],[-51.242006,-30.035965],[-51.242165,-30.03544],[-51.243822,-30.035364],[-51.243848,-30.034277],[-51.242321,-30.031042],[-51.226257,-30.023528],[-51.222782,-30.021027],[-51.221208,-30.02346],[-51.218392,-30.021553]]]}},{"type":"Feature","properties":{"id":"1431490200200","name":"São Geraldo","city":"4314902","ivs":0.096,"idhm":0.852,"income":1680.17,"cnes":49},"geometry":{"type":"Polygon","coordinates":[[[-51.192207,-30.008222],[-51.193226,-30.010897],[-51.196963,-30.016544],[-51.202571,-30.014472],[-51.20271,-30.013985],[-51.203571,-30.014108],[-51.203794,-30.013217],[-51.204869,-30.012925],[-51.205847,-30.013064],[-51.205735,-30.013727],[-51.211233,-30.01264],[-51.207611,-30.00348],[-51.205437,-30.004148],[-51.205119,-30.003322],[-51.195946,-30.006144],[-51.193746,-30.00683],[-51.19405,-30.007653],[-51.192207,-30.008222]]]}},{"type":"Feature","properties":{"id":"1431490200201","name":"Chácara das Pedras","city":"4314902","ivs":0.055,"idhm":0.958,"income":4403.05,"cnes":53},"geometry":{"type":"Polygon","coordinates":[[[-51.158104,-30.032048],[-51.159718,-30.032175],[-51.159816,-30.032576],[-51.15943,-30.03433],[-51.158163,-30.03773],[-51.158388,-30.039454],[-51.159563,-30.041015],[-51.162699,-30.040262],[-51.169403,-30.041251],[-51.169264,-30.040005],[-51.168011,-30.039017],[-51.168522,-30.038448],[-51.167785,-30.037978],[-51.166961,-30.035464],[-51.166702,-30.032035],[-51.165906,-30.031329],[-51.166168,-30.030499],[-51.166063,-30.02843],[-51.159524,-30.028313],[-51.158715,-30.030375],[-51.159049,-30.031305],[-51.158104,-30.032048]]]}},{"type":"Feature","properties":{"id":"1431490200202","name":"Independência : André Puente","city":"4314902","ivs":0.062,"idhm":0.958,"income":7216.42,"cnes":384},"geometry":{"type":"Polygon","coordinates":[[[-51.206087,-30.028215],[-51.206093,-30.029083],[-51.212129,-30.029648],[-51.215193,-30.029637],[-51.21477,-30.028906],[-51.21499,-30.027636],[-51.214689,-30.026995],[-51.214388,-30.028244],[-51.211169,-30.0275],[-51.211347,-30.026531],[-51.209994,-30.026055],[-51.207906,-30.024248],[-51.206087,-30.028215]]]}},{"type":"Feature","properties":{"id":"1431490200203","name":"Independência : Vasco da Gama","city":"4314902","ivs":0.192,"idhm":0.927,"income":3417.25,"cnes":37},"geometry":{"type":"Polygon","coordinates":[[[-51.20857,-30.032181],[-51.21252,-30.031918],[-51.217411,-30.030759],[-51.219522,-30.030752],[-51.219582,-30.029797],[-51.212129,-30.029648],[-51.208682,-30.029235],[-51.20857,-30.032181]]]}},{"type":"Feature","properties":{"id":"1431490200204","name":"Restinga : Quinta Unidade","city":"4314902","ivs":0.405,"idhm":0.593,"income":385.91,"cnes":1},"geometry":{"type":"Polygon","coordinates":[[[-51.124441,-30.146489],[-51.12774,-30.148817],[-51.130968,-30.147533],[-51.129918,-30.14616],[-51.128837,-30.145299],[-51.127605,-30.143501],[-51.126386,-30.142945],[-51.124441,-30.146489]]]}},{"type":"Feature","properties":{"id":"1431490200205","name":"Restinga : Vila Castelo","city":"4314902","ivs":0.407,"idhm":0.593,"income":385.91,"cnes":0},"geometry":{"type":"Polygon","coordinates":[[[-51.127553,-30.155725],[-51.128433,-30.157265],[-51.132074,-30.155831],[-51.133605,-30.157421],[-51.133404,-30.157755],[-51.134391,-30.158172],[-51.134568,-30.158001],[-51.136826,-30.159158],[-51.137696,-30.157697],[-51.135354,-30.156617],[-51.13679,-30.154208],[-51.135706,-30.153654],[-51.13494,-30.152233],[-51.133922,-30.151682],[-51.133023,-30.150807],[-51.132018,-30.151174],[-51.132034,-30.151558],[-51.129644,-30.152484],[-51.130409,-30.153668],[-51.127553,-30.155725]]]}},{"type":"Feature","properties":{"id":"1431490200206","name":"Arquipélago : Ilha da Pintada","city":"4314902","ivs":0.38,"idhm":0.654,"income":544.22,"cnes":0},"geometry":{"type":"Polygon","coordinates":[[[-51.248924,-30.030418],[-51.251746,-30.03139],[-51.253349,-30.029907],[-51.253758,-30.028425],[-51.255016,-30.025821],[-51.256191,-30.023543],[-51.256672,-30.023182],[-51.25535,-30.022859],[-51.253501,-30.022846],[-51.251982,-30.025871],[-51.250619,-30.027516],[-51.248924,-30.030418]]]}},{"type":"Feature","properties":{"id":"1431490200207","name":"Bom Fim","city":"4314902","ivs":0.095,"idhm":0.94,"income":3591.85,"cnes":251},"geometry":{"type":"Polygon","coordinates":[[[-51.208389,-30.037272],[-51.209155,-30.0371],[-51.215575,-30.033801],[-51.220723,-30.032611],[-51.219522,-30.030752],[-51.217411,-30.030759],[-51.21252,-30.031918],[-51.20857,-30.032181],[-51.208389,-30.037272]]]}},{"type":"Feature","properties":{"id":"1431490200208","name":"Azenha ( bairro )","city":"4314902","ivs":0.223,"idhm":0.878,"income":2152.15,"cnes":99},"geometry":{"type":"Polygon","coordinates":[[[-51.208505,-30.059218],[-51.210118,-30.060252],[-51.21104,-30.061567],[-51.211737,-30.061028],[-51.213601,-30.058408],[-51.217129,-30.060072],[-51.21799,-30.059007],[-51.218589,-30.053992],[-51.218366,-30.048404],[-51.217331,-30.048273],[-51.218267,-30.045723],[-51.214839,-30.043738],[-51.208776,-30.051633],[-51.211745,-30.051292],[-51.213222,-30.050611],[-51.213136,-30.05155],[-51.210222,-30.057189],[-51.208505,-30.059218]],[[-51.21002,-30.050091],[-51.210251,-30.0498],[-51.21177,-30.050693],[-51.211537,-30.051173],[-51.211241,-30.051294],[-51.21002,-30.050091]]]}},{"type":"Feature","properties":{"id":"1431490200209","name":"Três Figueiras","city":"4314902","ivs":0.062,"idhm":0.958,"income":7216.42,"cnes":280},"geometry":{"type":"Polygon","coordinates":[[[-51.165906,-30.031329],[-51.166702,-30.032035],[-51.166961,-30.035464],[-51.167785,-30.037978],[-51.168522,-30.038448],[-51.168011,-30.039017],[-51.169264,-30.040005],[-51.169403,-30.041251],[-51.17005,-30.041311],[-51.172347,-30.039649],[-51.173703,-30.039025],[-51.175001,-30.037096],[-51.177424,-30.035528],[-51.179889,-30.032227],[-51.18105,-30.029702],[-51.173664,-30.027813],[-51.17235,-30.02793],[-51.17055,-30.02847],[-51.166063,-30.02843],[-51.166168,-30.030499],[-51.165906,-30.031329]]]}},{"type":"Feature","properties":{"id":"1431490200210","name":"Moinhos de Vento","city":"4314902","ivs":0.062,"idhm":0.958,"income":7216.42,"cnes":794},"geometry":{"type":"Polygon","coordinates":[[[-51.196123,-30.028523],[-51.206093,-30.029083],[-51.206087,-30.028215],[-51.208371,-30.023304],[-51.206712,-30.021721],[-51.207178,-30.023416],[-51.207017,-30.023538],[-51.205421,-30.020374],[-51.204433,-30.020828],[-51.204289,-30.020517],[-51.197546,-30.020077],[-51.196123,-30.028523]]]}},{"type":"Feature","properties":{"id":"1431490200211","name":"Mont´Serrat","city":"4314902","ivs":0.055,"idhm":0.958,"income":4403.05,"cnes":141},"geometry":{"type":"Polygon","coordinates":[[[-51.182078,-30.027578],[-51.185401,-30.028725],[-51.185371,-30.029421],[-51.187144,-30.029581],[-51.187056,-30.030821],[-51.189651,-30.031506],[-51.189715,-30.030762],[-51.190298,-30.030968],[-51.193126,-30.030893],[-51.193061,-30.029758],[-51.194632,-30.029705],[-51.194672,-30.028918],[-51.195438,-30.028998],[-51.195507,-30.029459],[-51.195994,-30.029544],[-51.196705,-30.025067],[-51.185823,-30.024036],[-51.185749,-30.024617],[-51.185308,-30.024626],[-51.18379,-30.02403],[-51.182078,-30.027578]]]}},{"type":"Feature","properties":{"id":"1431490200212","name":"Praia de Belas ( bairro )","city":"4314902","ivs":0.193,"idhm":0.927,"income":3417.25,"cnes":78},"geometry":{"type":"Polygon","coordinates":[[[-51.227527,-30.046204],[-51.229067,-30.055209],[-51.230152,-30.059096],[-51.23191,-30.063857],[-51.232744,-30.064752],[-51.237586,-30.061931],[-51.234612,-30.058322],[-51.233423,-30.055619],[-51.233403,-30.050132],[-51.232981,-30.044064],[-51.234224,-30.043179],[-51.240211,-30.042747],[-51.241508,-30.041652],[-51.241644,-30.038368],[-51.242006,-30.035965],[-51.241177,-30.035762],[-51.240892,-30.036557],[-51.239499,-30.037275],[-51.235012,-30.037682],[-51.232136,-30.037652],[-51.231089,-30.037831],[-51.229232,-30.038921],[-51.228579,-30.038979],[-51.228775,-30.041002],[-51.228262,-30.041215],[-51.227527,-30.046204]],[[-51.233392,-30.038935],[-51.23554,-30.038731],[-51.235636,-30.039742],[-51.233685,-30.039965],[-51.233731,-30.04047],[-51.233561,-30.040483],[-51.233392,-30.038935]]]}},{"type":"Feature","properties":{"id":"1431490200213","name":"Rio Branco : Mariante","city":"4314902","ivs":0.062,"idhm":0.953,"income":3931.41,"cnes":109},"geometry":{"type":"MultiPolygon","coordinates":[[[[-51.201028,-30.03936],[-51.200452,-30.037498],[-51.199591,-30.037567],[-51.198515,-30.037312],[-51.198386,-30.037022],[-51.197423,-30.037106],[-51.197242,-30.037752],[-51.197075,-30.036606],[-51.195902,-30.036626],[-51.196055,-30.040545],[-51.197702,-30.040313],[-51.201028,-30.03936]]],[[[-51.201028,-30.03936],[-51.201943,-30.039201],[-51.204888,-30.037858],[-51.208389,-30.037272],[-51.208636,-30.030522],[-51.204452,-30.031311],[-51.204381,-30.032977],[-51.198511,-30.034109],[-51.198557,-30.03453],[-51.202579,-30.033782],[-51.202774,-30.034365],[-51.203111,-30.0343],[-51.203137,-30.037227],[-51.20199,-30.03741],[-51.201028,-30.03936]]]]}},{"type":"Feature","properties":{"id":"1431490200214","name":"Rio Branco : IPA","city":"4314902","ivs":0.061,"idhm":0.958,"income":7216.42,"cnes":518},"geometry":{"type":"Polygon","coordinates":[[[-51.194602,-30.03534],[-51.195871,-30.035238],[-51.195902,-30.036626],[-51.197075,-30.036606],[-51.197242,-30.037752],[-51.197423,-30.037106],[-51.198386,-30.037022],[-51.198515,-30.037312],[-51.199591,-30.037567],[-51.200452,-30.037498],[-51.201028,-30.03936],[-51.20199,-30.03741],[-51.203137,-30.037227],[-51.203111,-30.0343],[-51.202774,-30.034365],[-51.202579,-30.033782],[-51.198557,-30.03453],[-51.198511,-30.034109],[-51.204381,-30.032977],[-51.204452,-30.031311],[-51.208636,-30.030522],[-51.208682,-30.029235],[-51.196123,-30.028523],[-51.196039,-30.033483],[-51.194636,-30.03354],[-51.194602,-30.03534]]]}},{"type":"Feature","properties":{"id":"1431490200215","name":"Menino Deus : Ganzo / Visconde do Herval","city":"4314902","ivs":0.062,"idhm":0.958,"income":7216.42,"cnes":65},"geometry":{"type":"Polygon","coordinates":[[[-51.220625,-30.052486],[-51.220822,-30.053747],[-51.225939,-30.053234],[-51.225751,-30.051949],[-51.220625,-30.052486]]]}},{"type":"Feature","properties":{"id":"1431490200216","name":"Menino Deus ( bairro )","city":"4314902","ivs":0.057,"idhm":0.927,"income":3264.67,"cnes":581},"geometry":{"type":"Polygon","coordinates":[[[-51.217129,-30.060072],[-51.219888,-30.061417],[-51.222712,-30.063202],[-51.223297,-30.064162],[-51.224165,-30.067507],[-51.229339,-30.064306],[-51.231782,-30.063503],[-51.230152,-30.059096],[-51.229067,-30.055209],[-51.227527,-30.046204],[-51.227953,-30.043397],[-51.224999,-30.043047],[-51.224751,-30.043707],[-51.221936,-30.043968],[-51.221163,-30.044242],[-51.221631,-30.047749],[-51.220801,-30.04783],[-51.220551,-30.045793],[-51.219888,-30.046337],[-51.219605,-30.04723],[-51.218691,-30.046961],[-51.218303,-30.048795],[-51.218589,-30.053992],[-51.218378,-30.056722],[-51.21799,-30.059007],[-51.217129,-30.060072]],[[-51.220625,-30.052486],[-51.225751,-30.051949],[-51.225939,-30.053234],[-51.220822,-30.053747],[-51.220625,-30.052486]],[[-51.223724,-30.044877],[-51.226002,-30.044627],[-51.225887,-30.046399],[-51.225351,-30.046045],[-51.224337,-30.046105],[-51.224195,-30.045163],[-51.223724,-30.044877]]]}},{"type":"Feature","properties":{"id":"1431490200217","name":"Floresta : Marques do Pombal","city":"4314902","ivs":0.192,"idhm":0.927,"income":3417.25,"cnes":74},"geometry":{"type":"Polygon","coordinates":[[[-51.197546,-30.020077],[-51.204289,-30.020517],[-51.204433,-30.020828],[-51.205421,-30.020374],[-51.207017,-30.023538],[-51.207178,-30.023416],[-51.206712,-30.021721],[-51.208371,-30.023304],[-51.208799,-30.022304],[-51.205389,-30.018607],[-51.197837,-30.018252],[-51.197546,-30.020077]]]}},{"type":"Feature","properties":{"id":"1431490200218","name":"Floresta ( bairro )","city":"4314902","ivs":0.223,"idhm":0.878,"income":2152.15,"cnes":401},"geometry":{"type":"Polygon","coordinates":[[[-51.196963,-30.016544],[-51.197837,-30.018252],[-51.204723,-30.018549],[-51.205684,-30.01877],[-51.208799,-30.022304],[-51.207906,-30.024248],[-51.209994,-30.026055],[-51.211347,-30.026531],[-51.211169,-30.0275],[-51.214388,-30.028244],[-51.214698,-30.026955],[-51.215815,-30.027934],[-51.219788,-30.028213],[-51.219338,-30.026582],[-51.21936,-30.025138],[-51.219915,-30.024492],[-51.218396,-30.023304],[-51.218392,-30.021553],[-51.221208,-30.02346],[-51.222782,-30.021027],[-51.217226,-30.017027],[-51.215892,-30.015253],[-51.210517,-30.004706],[-51.209305,-30.00157],[-51.208514,-29.997864],[-51.20772,-29.998244],[-51.206814,-29.999133],[-51.20617,-29.998936],[-51.207223,-30.002467],[-51.211233,-30.01264],[-51.205735,-30.013727],[-51.205847,-30.013064],[-51.204869,-30.012925],[-51.203794,-30.013217],[-51.203571,-30.014108],[-51.20271,-30.013985],[-51.202571,-30.014472],[-51.196963,-30.016544]],[[-51.212672,-30.015887],[-51.213455,-30.01561],[-51.214293,-30.017344],[-51.213412,-30.017665],[-51.212672,-30.015887]]]}},{"type":"Feature","properties":{"id":"1431490200219","name":"Santana : Vila Sossego","city":"4314902","ivs":0.075,"idhm":0.871,"income":2028.95,"cnes":2},"geometry":{"type":"Polygon","coordinates":[[[-51.195446,-30.050794],[-51.197368,-30.05231],[-51.197943,-30.051485],[-51.196804,-30.050533],[-51.197786,-30.049284],[-51.200564,-30.050758],[-51.201212,-30.049864],[-51.197347,-30.047802],[-51.196527,-30.048933],[-51.196945,-30.049478],[-51.196128,-30.050664],[-51.195446,-30.050794]]]}},{"type":"Feature","properties":{"id":"1431490200220","name":"Santana ( bairro )","city":"4314902","ivs":0.065,"idhm":0.92,"income":2955.83,"cnes":495},"geometry":{"type":"MultiPolygon","coordinates":[[[[-51.196804,-30.050533],[-51.197943,-30.051485],[-51.197368,-30.05231],[-51.200141,-30.054893],[-51.200952,-30.054259],[-51.203537,-30.053576],[-51.208766,-30.051647],[-51.216561,-30.04148],[-51.209117,-30.037109],[-51.208389,-30.037272],[-51.208191,-30.042994],[-51.2072,-30.044388],[-51.205609,-30.043662],[-51.204666,-30.044988],[-51.206174,-30.045869],[-51.205438,-30.046921],[-51.202497,-30.045209],[-51.201594,-30.046469],[-51.200065,-30.045584],[-51.199611,-30.046233],[-51.198691,-30.045847],[-51.197347,-30.047802],[-51.201212,-30.049864],[-51.200564,-30.050758],[-51.197786,-30.049284],[-51.196804,-30.050533]],[[-51.208445,-30.045084],[-51.208885,-30.044331],[-51.208993,-30.043526],[-51.209809,-30.043618],[-51.20963,-30.044522],[-51.210503,-30.044963],[-51.209829,-30.045858],[-51.208445,-30.045084]]],[[[-51.195261,-30.050696],[-51.196128,-30.050664],[-51.196945,-30.049478],[-51.196701,-30.04898],[-51.196527,-30.048933],[-51.195261,-30.050696]]]]}},{"type":"Feature","properties":{"id":"1431490200221","name":"Boa Vista ( bairro )","city":"4314902","ivs":0.054,"idhm":0.958,"income":4403.05,"cnes":155},"geometry":{"type":"Polygon","coordinates":[[[-51.171038,-30.02419],[-51.175881,-30.025259],[-51.174555,-30.027931],[-51.18105,-30.029702],[-51.184715,-30.02227],[-51.1755,-30.018811],[-51.175353,-30.019113],[-51.173991,-30.019309],[-51.17325,-30.020835],[-51.173491,-30.02135],[-51.171489,-30.020361],[-51.171038,-30.02419]]]}},{"type":"Feature","properties":{"id":"1431490200222","name":"Santa Cecília","city":"4314902","ivs":0.095,"idhm":0.94,"income":3591.85,"cnes":51},"geometry":{"type":"Polygon","coordinates":[[[-51.196055,-30.040545],[-51.19743,-30.046552],[-51.198015,-30.046848],[-51.199382,-30.044758],[-51.20121,-30.0436],[-51.204929,-30.043562],[-51.206206,-30.043855],[-51.2072,-30.044388],[-51.208191,-30.042994],[-51.208389,-30.037272],[-51.205445,-30.037708],[-51.201943,-30.039201],[-51.196055,-30.040545]]]}},{"type":"Feature","properties":{"id":"1431490200223","name":"Jardim Botânico ( bairro )","city":"4314902","ivs":0.082,"idhm":0.905,"income":2910.87,"cnes":170},"geometry":{"type":"Polygon","coordinates":[[[-51.169294,-30.056035],[-51.172795,-30.056418],[-51.179391,-30.059206],[-51.18197,-30.059186],[-51.186952,-30.056924],[-51.192329,-30.054131],[-51.193549,-30.053082],[-51.194944,-30.05117],[-51.194728,-30.050565],[-51.193804,-30.050738],[-51.193617,-30.049988],[-51.190615,-30.050233],[-51.190193,-30.049298],[-51.184768,-30.050924],[-51.183161,-30.048655],[-51.183439,-30.047818],[-51.183806,-30.047645],[-51.183863,-30.046755],[-51.183025,-30.047001],[-51.180704,-30.046934],[-51.179169,-30.047202],[-51.179217,-30.047423],[-51.178422,-30.047556],[-51.181144,-30.052168],[-51.169294,-30.056035]]]}},{"type":"Feature","properties":{"id":"1431490200224","name":"Jardim Botânico : Doutor Juliano Moreira","city":"4314902","ivs":0.229,"idhm":0.714,"income":727.98,"cnes":8},"geometry":{"type":"Polygon","coordinates":[[[-51.169287,-30.054774],[-51.169294,-30.056035],[-51.181144,-30.052168],[-51.178634,-30.047955],[-51.172645,-30.04784],[-51.173066,-30.049111],[-51.172803,-30.050116],[-51.17138,-30.052354],[-51.169843,-30.053883],[-51.169287,-30.054774]]]}},{"type":"Feature","properties":{"id":"1431490200225","name":"Arquipélago : Flores / Pintada ( sul ) / Casa da Pólvora","city":"4314902","ivs":0.372,"idhm":0.646,"income":489.26,"cnes":0},"geometry":{"type":"Polygon","coordinates":[[[-51.222423,-30.012256],[-51.222558,-30.014012],[-51.224867,-30.018607],[-51.222782,-30.021027],[-51.226257,-30.023528],[-51.242321,-30.031042],[-51.243848,-30.034277],[-51.243822,-30.035364],[-51.250719,-30.035048],[-51.251831,-30.039112],[-51.255561,-30.046269],[-51.262123,-30.053225],[-51.267937,-30.055965],[-51.266631,-30.057186],[-51.285985,-30.061094],[-51.287381,-30.063925],[-51.288842,-30.064836],[-51.290729,-30.065544],[-51.292356,-30.064866],[-51.294951,-30.060214],[-51.295587,-30.054652],[-51.295036,-30.054107],[-51.294232,-30.054017],[-51.289764,-30.057418],[-51.289212,-30.05667],[-51.271082,-30.055659],[-51.266484,-30.054323],[-51.264612,-30.052939],[-51.261073,-30.046976],[-51.261139,-30.04594],[-51.2628,-30.044641],[-51.262492,-30.040623],[-51.259435,-30.035042],[-51.260394,-30.034349],[-51.248924,-30.030418],[-51.250619,-30.027516],[-51.251982,-30.025871],[-51.254767,-30.02026],[-51.255672,-30.017654],[-51.255669,-30.016181],[-51.256902,-30.014682],[-51.260474,-30.011447],[-51.261812,-30.009643],[-51.265118,-30.000763],[-51.271918,-29.988635],[-51.258175,-29.984171],[-51.252425,-29.978836],[-51.250702,-29.976229],[-51.248934,-29.975148],[-51.24726,-29.974788],[-51.245124,-29.975057],[-51.243463,-29.975784],[-51.242125,-29.977222],[-51.24156,-29.978785],[-51.241727,-29.979437],[-51.240965,-29.980184],[-51.237507,-29.981636],[-51.236888,-29.983202],[-51.236894,-29.985647],[-51.237945,-29.990704],[-51.237816,-29.99528],[-51.236073,-29.998624],[-51.22983,-30.005958],[-51.230296,-30.010374],[-51.230169,-30.011846],[-51.228086,-30.01202],[-51.226067,-30.011344],[-51.223723,-30.011178],[-51.222423,-30.012256]]]}},{"type":"Feature","properties":{"id":"1431490200226","name":"Humaitá : Jardim Tulipa","city":"4314902","ivs":0.097,"idhm":0.887,"income":2371.03,"cnes":3},"geometry":{"type":"Polygon","coordinates":[[[-51.181773,-29.980171],[-51.183839,-29.983426],[-51.189652,-29.989953],[-51.191395,-29.988942],[-51.19118,-29.988688],[-51.191508,-29.988497],[-51.185936,-29.982317],[-51.183952,-29.979155],[-51.181773,-29.980171]]]}},{"type":"Feature","properties":{"id":"1431490200227","name":"Humaitá : Parque Mascarenhas","city":"4314902","ivs":0.206,"idhm":0.862,"income":1595.35,"cnes":9},"geometry":{"type":"Polygon","coordinates":[[[-51.184205,-29.977478],[-51.184304,-29.978707],[-51.185594,-29.980663],[-51.185058,-29.980942],[-51.185936,-29.982317],[-51.191508,-29.988497],[-51.19118,-29.988688],[-51.191395,-29.988942],[-51.194517,-29.987774],[-51.191466,-29.978163],[-51.189819,-29.978731],[-51.189225,-29.978362],[-51.189044,-29.97794],[-51.184205,-29.977478]]]}},{"type":"Feature","properties":{"id":"1431490200228","name":"Humaitá : Vila Dona Teodora / Ferroviários","city":"4314902","ivs":0.37,"idhm":0.646,"income":489.26,"cnes":1},"geometry":{"type":"Polygon","coordinates":[[[-51.179424,-29.97897],[-51.181828,-29.986993],[-51.182575,-29.988464],[-51.188547,-29.99527],[-51.189669,-29.996159],[-51.192902,-29.993923],[-51.194981,-29.993205],[-51.196126,-29.992458],[-51.194517,-29.987774],[-51.191007,-29.989091],[-51.189652,-29.989953],[-51.183839,-29.983426],[-51.180764,-29.97857],[-51.179424,-29.97897]]]}},{"type":"Feature","properties":{"id":"1431490200229","name":"Serraria ( bairro )","city":"4314902","ivs":0.383,"idhm":0.618,"income":400.1,"cnes":0},"geometry":{"type":"Polygon","coordinates":[[[-51.213829,-30.169572],[-51.214431,-30.170859],[-51.215526,-30.171736],[-51.215196,-30.17304],[-51.215234,-30.174924],[-51.216425,-30.174371],[-51.217715,-30.173395],[-51.219727,-30.173321],[-51.221516,-30.174549],[-51.222518,-30.174505],[-51.223449,-30.175012],[-51.224966,-30.17518],[-51.22673,-30.176837],[-51.227668,-30.176464],[-51.226416,-30.169323],[-51.22683,-30.169075],[-51.226651,-30.168152],[-51.226929,-30.1678],[-51.226655,-30.167548],[-51.227523,-30.165314],[-51.226946,-30.164115],[-51.225796,-30.163801],[-51.224538,-30.163105],[-51.218367,-30.163508],[-51.215902,-30.165056],[-51.214176,-30.168003],[-51.213829,-30.169572]]]}},{"type":"Feature","properties":{"id":"1431490200230","name":"Jardim Floresta : Praça Tamoio","city":"4314902","ivs":0.234,"idhm":0.736,"income":818.43,"cnes":1},"geometry":{"type":"Polygon","coordinates":[[[-51.155461,-29.995404],[-51.15547,-29.997025],[-51.157556,-29.997158],[-51.15755,-29.997628],[-51.158742,-29.998274],[-51.158634,-29.998786],[-51.160321,-29.99921],[-51.162564,-30.00158],[-51.162806,-30.002484],[-51.164042,-30.002748],[-51.164165,-30.002384],[-51.166084,-30.002712],[-51.165905,-30.003375],[-51.168286,-30.003736],[-51.169858,-29.995259],[-51.155461,-29.995404]]]}},{"type":"Feature","properties":{"id":"1431490200231","name":"Jardim Floresta : Conselheiro DÁvila","city":"4314902","ivs":0.218,"idhm":0.816,"income":1244.93,"cnes":3},"geometry":{"type":"Polygon","coordinates":[[[-51.155006,-30.004285],[-51.156086,-30.004492],[-51.159367,-30.004416],[-51.160301,-30.005119],[-51.162876,-30.003944],[-51.162753,-30.00213],[-51.162564,-30.00158],[-51.161095,-29.999926],[-51.160321,-29.99921],[-51.158634,-29.998786],[-51.158742,-29.998274],[-51.15755,-29.997628],[-51.157556,-29.997158],[-51.15547,-29.997025],[-51.155006,-30.004285]]]}},{"type":"Feature","properties":{"id":"1431490200232","name":"Passo dAreia : Vila do IAPI / Obirici","city":"4314902","ivs":0.221,"idhm":0.871,"income":1898.76,"cnes":167},"geometry":{"type":"Polygon","coordinates":[[[-51.160931,-30.019757],[-51.16161,-30.020609],[-51.162834,-30.020706],[-51.162402,-30.020209],[-51.162658,-30.018586],[-51.161959,-30.018422],[-51.162634,-30.018123],[-51.163197,-30.018369],[-51.163584,-30.018114],[-51.16441,-30.018205],[-51.164282,-30.019236],[-51.167389,-30.019444],[-51.167293,-30.021116],[-51.16813,-30.020682],[-51.168668,-30.021202],[-51.171342,-30.021521],[-51.17197,-30.016556],[-51.172475,-30.017401],[-51.173532,-30.018147],[-51.178273,-30.019905],[-51.179004,-30.008932],[-51.174085,-30.008275],[-51.16913,-30.008153],[-51.169019,-30.008764],[-51.169841,-30.008864],[-51.169621,-30.010131],[-51.168782,-30.010103],[-51.168435,-30.012188],[-51.162093,-30.011258],[-51.160931,-30.019757]]]}},{"type":"Feature","properties":{"id":"1431490200233","name":"Chapéu do Sol ( bairro )","city":"4314902","ivs":0.357,"idhm":0.643,"income":499.5,"cnes":0},"geometry":{"type":"Polygon","coordinates":[[[-51.172938,-30.17815],[-51.173478,-30.178947],[-51.176075,-30.178999],[-51.176438,-30.175714],[-51.175939,-30.175606],[-51.175604,-30.177231],[-51.174491,-30.177243],[-51.174415,-30.177777],[-51.17358,-30.177714],[-51.172938,-30.17815]]]}},{"type":"Feature","properties":{"id":"1431490200234","name":"Passo dAreia : Country Club / Cosme e Galvão / Vila Keddie","city":"4314902","ivs":0.194,"idhm":0.927,"income":3417.25,"cnes":38},"geometry":{"type":"Polygon","coordinates":[[[-51.161959,-30.018422],[-51.162658,-30.018586],[-51.162402,-30.020209],[-51.162834,-30.020706],[-51.164056,-30.020803],[-51.163403,-30.023758],[-51.163387,-30.028367],[-51.169365,-30.028522],[-51.17055,-30.02847],[-51.17235,-30.02793],[-51.174555,-30.027931],[-51.175881,-30.025259],[-51.171125,-30.02435],[-51.171342,-30.021521],[-51.168668,-30.021202],[-51.16813,-30.020682],[-51.167293,-30.021116],[-51.167389,-30.019444],[-51.164282,-30.019236],[-51.16441,-30.018205],[-51.163584,-30.018114],[-51.163197,-30.018369],[-51.162634,-30.018123],[-51.161959,-30.018422]]]}},{"type":"Feature","properties":{"id":"1431490200235","name":"Vila Ipiranga : Marajó","city":"4314902","ivs":0.282,"idhm":0.761,"income":899.92,"cnes":9},"geometry":{"type":"Polygon","coordinates":[[[-51.152934,-30.027727],[-51.15464,-30.028879],[-51.155417,-30.030149],[-51.155983,-30.030029],[-51.156636,-30.028882],[-51.157568,-30.028068],[-51.158307,-30.027722],[-51.159731,-30.027768],[-51.159585,-30.023055],[-51.156913,-30.023067],[-51.157051,-30.021634],[-51.155571,-30.021522],[-51.154886,-30.021222],[-51.154088,-30.026416],[-51.153333,-30.026333],[-51.153085,-30.026548],[-51.152934,-30.027727]]]}},{"type":"Feature","properties":{"id":"1431490200236","name":"Vila Ipiranga : Iguatemi / Germânia","city":"4314902","ivs":0.062,"idhm":0.958,"income":7216.42,"cnes":49},"geometry":{"type":"Polygon","coordinates":[[[-51.15596,-30.030615],[-51.156897,-30.029643],[-51.158674,-30.028388],[-51.163387,-30.028367],[-51.163403,-30.023758],[-51.164056,-30.020803],[-51.161437,-30.020594],[-51.161434,-30.021898],[-51.157051,-30.021634],[-51.156913,-30.023067],[-51.159585,-30.023055],[-51.159842,-30.027486],[-51.159731,-30.027768],[-51.158307,-30.027722],[-51.157094,-30.028399],[-51.156269,-30.029389],[-51.15596,-30.030615]]]}},{"type":"Feature","properties":{"id":"1431490200237","name":"São Sebastião ( bairro )","city":"4314902","ivs":0.097,"idhm":0.887,"income":2371.03,"cnes":42},"geometry":{"type":"Polygon","coordinates":[[[-51.136485,-30.004216],[-51.143044,-30.00894],[-51.14316,-30.010211],[-51.144615,-30.010547],[-51.14916,-30.010847],[-51.14851,-30.004635],[-51.147345,-30.004483],[-51.147901,-29.998205],[-51.1404,-29.998106],[-51.137361,-29.998368],[-51.137999,-29.999522],[-51.1377,-30.002759],[-51.136485,-30.004216]]]}},{"type":"Feature","properties":{"id":"1431490200238","name":"São João : Sogipa","city":"4314902","ivs":0.068,"idhm":0.925,"income":3371.41,"cnes":40},"geometry":{"type":"Polygon","coordinates":[[[-51.181923,-30.011763],[-51.185061,-30.011901],[-51.192105,-30.014432],[-51.192005,-30.017966],[-51.197837,-30.018252],[-51.196103,-30.01517],[-51.193211,-30.010862],[-51.192705,-30.011022],[-51.190767,-30.010269],[-51.191303,-30.009243],[-51.189041,-30.008358],[-51.187585,-30.0083],[-51.187537,-30.007517],[-51.183611,-30.008622],[-51.18199,-30.008806],[-51.181923,-30.011763]]]}},{"type":"Feature","properties":{"id":"1431490200239","name":"São João : Vila Dique I","city":"4314902","ivs":0.408,"idhm":0.593,"income":385.91,"cnes":0},"geometry":{"type":"Polygon","coordinates":[[[-51.15312,-29.998303],[-51.155358,-29.998378],[-51.155511,-29.992427],[-51.15608,-29.992414],[-51.156099,-29.987544],[-51.155897,-29.987287],[-51.156132,-29.987109],[-51.156148,-29.985532],[-51.155865,-29.985326],[-51.154179,-29.985432],[-51.153572,-29.9977],[-51.153139,-29.997685],[-51.15312,-29.998303]]]}},{"type":"Feature","properties":{"id":"1431490200240","name":"São João : Igreja São João","city":"4314902","ivs":0.075,"idhm":0.871,"income":2028.95,"cnes":88},"geometry":{"type":"MultiPolygon","coordinates":[[[[-51.155461,-29.995404],[-51.169858,-29.995259],[-51.168408,-30.00305],[-51.171365,-30.003508],[-51.182916,-30.003507],[-51.182679,-30.008765],[-51.187537,-30.007517],[-51.187585,-30.0083],[-51.189041,-30.008358],[-51.191303,-30.009243],[-51.190767,-30.010269],[-51.192705,-30.011022],[-51.193211,-30.010862],[-51.192207,-30.008222],[-51.19405,-30.007653],[-51.189821,-29.996297],[-51.188547,-29.99527],[-51.184604,-29.990992],[-51.18237,-29.988077],[-51.181222,-29.988458],[-51.175372,-29.988665],[-51.161802,-29.985537],[-51.155875,-29.985333],[-51.156148,-29.985532],[-51.156132,-29.987109],[-51.155897,-29.987287],[-51.156099,-29.987544],[-51.15608,-29.992414],[-51.155511,-29.992427],[-51.155461,-29.995404]]],[[[-51.178991,-30.011218],[-51.180776,-30.011257],[-51.180756,-30.011727],[-51.181923,-30.011763],[-51.18199,-30.008806],[-51.179004,-30.008932],[-51.178991,-30.011218]]]]}},{"type":"Feature","properties":{"id":"1431490200241","name":"Bom Jesus : CEEE","city":"4314902","ivs":0.282,"idhm":0.761,"income":899.92,"cnes":51},"geometry":{"type":"Polygon","coordinates":[[[-51.153554,-30.058614],[-51.158527,-30.056435],[-51.159492,-30.056207],[-51.169294,-30.056035],[-51.169287,-30.054774],[-51.169532,-30.054269],[-51.170779,-30.052996],[-51.168743,-30.053034],[-51.16494,-30.05195],[-51.159485,-30.051491],[-51.158662,-30.05055],[-51.156929,-30.050873],[-51.15652,-30.050602],[-51.153785,-30.050314],[-51.154235,-30.050733],[-51.153554,-30.058614]]]}},{"type":"Feature","properties":{"id":"1431490200242","name":"Jardim do Salso : São Benedito","city":"4314902","ivs":0.097,"idhm":0.887,"income":2371.03,"cnes":3},"geometry":{"type":"Polygon","coordinates":[[[-51.164123,-30.050503],[-51.164836,-30.05038],[-51.165247,-30.051294],[-51.166014,-30.049455],[-51.167919,-30.050082],[-51.168431,-30.048767],[-51.16505,-30.04766],[-51.164123,-30.050503]]]}},{"type":"Feature","properties":{"id":"1431490200243","name":"Vila Jardim : Av. Circular / Souza Lobo","city":"4314902","ivs":0.245,"idhm":0.781,"income":1012.04,"cnes":11},"geometry":{"type":"Polygon","coordinates":[[[-51.147311,-30.027605],[-51.147526,-30.02897],[-51.1501,-30.030577],[-51.149786,-30.031062],[-51.149983,-30.031743],[-51.14805,-30.032972],[-51.150131,-30.041867],[-51.154187,-30.041854],[-51.159563,-30.041015],[-51.158365,-30.039381],[-51.155568,-30.040396],[-51.155471,-30.03823],[-51.154476,-30.035458],[-51.154679,-30.034354],[-51.155519,-30.033204],[-51.154046,-30.033111],[-51.154473,-30.032373],[-51.15469,-30.03122],[-51.154486,-30.030196],[-51.153575,-30.029012],[-51.154222,-30.028495],[-51.152934,-30.027727],[-51.152993,-30.02728],[-51.151784,-30.027138],[-51.15176,-30.027573],[-51.147311,-30.027605]]]}},{"type":"Feature","properties":{"id":"1431490200244","name":"Jardim Sabará : Parque do Sol","city":"4314902","ivs":0.193,"idhm":0.927,"income":3417.25,"cnes":3},"geometry":{"type":"Polygon","coordinates":[[[-51.144153,-30.037318],[-51.144233,-30.037656],[-51.146554,-30.037447],[-51.146571,-30.03684],[-51.148558,-30.036596],[-51.148709,-30.035596],[-51.148127,-30.033672],[-51.14544,-30.033637],[-51.145825,-30.034307],[-51.146515,-30.03432],[-51.145722,-30.035185],[-51.145551,-30.036285],[-51.144153,-30.037318]]]}},{"type":"Feature","properties":{"id":"1431490200245","name":"Jardim Sabará : Otávio dos Santos / Guadalajara","city":"4314902","ivs":0.125,"idhm":0.846,"income":1515.14,"cnes":8},"geometry":{"type":"MultiPolygon","coordinates":[[[[-51.134828,-30.031933],[-51.1352,-30.033968],[-51.136789,-30.033724],[-51.14156,-30.035417],[-51.141523,-30.03643],[-51.142387,-30.036429],[-51.14223,-30.039596],[-51.141284,-30.039539],[-51.141165,-30.040695],[-51.14146,-30.041876],[-51.142643,-30.0442],[-51.146366,-30.042649],[-51.146299,-30.040954],[-51.145296,-30.040969],[-51.145255,-30.039656],[-51.146537,-30.039628],[-51.146554,-30.037447],[-51.144233,-30.037656],[-51.144153,-30.037318],[-51.145551,-30.036285],[-51.145722,-30.035185],[-51.146515,-30.03432],[-51.145825,-30.034307],[-51.14544,-30.033637],[-51.148127,-30.033672],[-51.147311,-30.027605],[-51.146431,-30.027593],[-51.146565,-30.026906],[-51.142812,-30.026884],[-51.142332,-30.024724],[-51.141583,-30.024864],[-51.142022,-30.027811],[-51.139643,-30.027834],[-51.139743,-30.028771],[-51.140441,-30.030383],[-51.134828,-30.031933]]],[[[-51.135421,-30.036687],[-51.135616,-30.039287],[-51.137328,-30.039205],[-51.137102,-30.03662],[-51.135421,-30.036687]]]]}},{"type":"Feature","properties":{"id":"1431490200246","name":"Jardim Sabará : Vila Margarita","city":"4314902","ivs":0.219,"idhm":0.816,"income":1244.93,"cnes":3},"geometry":{"type":"Polygon","coordinates":[[[-51.1352,-30.033968],[-51.135421,-30.036687],[-51.137102,-30.03662],[-51.137328,-30.039205],[-51.135616,-30.039287],[-51.135881,-30.042805],[-51.141514,-30.044348],[-51.142643,-30.0442],[-51.14146,-30.041876],[-51.141165,-30.040695],[-51.141284,-30.039539],[-51.14223,-30.039596],[-51.142387,-30.036429],[-51.141523,-30.03643],[-51.14156,-30.035417],[-51.136789,-30.033724],[-51.1352,-30.033968]]]}},{"type":"Feature","properties":{"id":"1431490200247","name":"Jardim Sabará : Vila Ernesto Pellanda","city":"4314902","ivs":0.212,"idhm":0.808,"income":1220.08,"cnes":1},"geometry":{"type":"Polygon","coordinates":[[[-51.145255,-30.039656],[-51.145296,-30.040969],[-51.146299,-30.040954],[-51.146366,-30.042649],[-51.147302,-30.042276],[-51.150131,-30.041867],[-51.148709,-30.035596],[-51.148558,-30.036596],[-51.146571,-30.03684],[-51.146537,-30.039628],[-51.145255,-30.039656]]]}},{"type":"Feature","properties":{"id":"1431490200248","name":"Espírito Santo : Joaquim Felizardo","city":"4314902","ivs":0.097,"idhm":0.887,"income":2371.03,"cnes":1},"geometry":{"type":"Polygon","coordinates":[[[-51.202064,-30.150252],[-51.203658,-30.151348],[-51.210723,-30.154731],[-51.211593,-30.154379],[-51.211692,-30.154126],[-51.211016,-30.153494],[-51.21109,-30.153178],[-51.21144,-30.153031],[-51.212792,-30.153787],[-51.213342,-30.153596],[-51.213968,-30.153996],[-51.214495,-30.15388],[-51.214253,-30.153195],[-51.217557,-30.152467],[-51.217303,-30.151658],[-51.215304,-30.151949],[-51.21355,-30.151781],[-51.210216,-30.152637],[-51.209918,-30.151107],[-51.20951,-30.150279],[-51.20907,-30.147594],[-51.205197,-30.147861],[-51.204082,-30.148385],[-51.202064,-30.150252]]]}},{"type":"Feature","properties":{"id":"1431490200249","name":"Guarujá ( bairro )","city":"4314902","ivs":0.075,"idhm":0.871,"income":2028.95,"cnes":6},"geometry":{"type":"Polygon","coordinates":[[[-51.208647,-30.163362],[-51.213453,-30.163058],[-51.214145,-30.162005],[-51.215336,-30.16152],[-51.220664,-30.160889],[-51.220404,-30.162079],[-51.218367,-30.163508],[-51.224532,-30.163118],[-51.226578,-30.158291],[-51.226025,-30.156704],[-51.226499,-30.156628],[-51.225062,-30.152898],[-51.223128,-30.153271],[-51.220617,-30.152467],[-51.213968,-30.153996],[-51.213342,-30.153596],[-51.212792,-30.153787],[-51.211965,-30.153156],[-51.21109,-30.153178],[-51.211016,-30.153494],[-51.211692,-30.154126],[-51.211593,-30.154379],[-51.210723,-30.154731],[-51.21038,-30.154562],[-51.208647,-30.163362]],[[-51.210887,-30.15769],[-51.219477,-30.156662],[-51.219239,-30.157578],[-51.219732,-30.158744],[-51.21133,-30.160112],[-51.210887,-30.15769]],[[-51.219751,-30.158753],[-51.222201,-30.158536],[-51.222507,-30.159698],[-51.222719,-30.159691],[-51.222856,-30.160135],[-51.220664,-30.160889],[-51.220462,-30.159779],[-51.220005,-30.158826],[-51.219751,-30.158753]]]}},{"type":"Feature","properties":{"id":"1431490200250","name":"Hípica : Edgar Pires de Castro / Sérgio Stimamilo","city":"4314902","ivs":0.21,"idhm":0.808,"income":1220.08,"cnes":0},"geometry":{"type":"Polygon","coordinates":[[[-51.160116,-30.160733],[-51.169416,-30.163207],[-51.169343,-30.159325],[-51.170505,-30.159317],[-51.170429,-30.156421],[-51.163337,-30.156888],[-51.16148,-30.158429],[-51.160116,-30.160733]]]}},{"type":"Feature","properties":{"id":"1431490200251","name":"Espírito Santo : Guaranis","city":"4314902","ivs":0.098,"idhm":0.887,"income":2371.03,"cnes":4},"geometry":{"type":"Polygon","coordinates":[[[-51.216407,-30.143721],[-51.2161,-30.147676],[-51.216443,-30.148724],[-51.219624,-30.152748],[-51.220617,-30.152467],[-51.223128,-30.153271],[-51.225062,-30.152898],[-51.225965,-30.145131],[-51.226235,-30.144489],[-51.219973,-30.140973],[-51.219256,-30.141956],[-51.216407,-30.143721]]]}},{"type":"Feature","properties":{"id":"1431490200252","name":"Humaitá : Vila Santo André / Adubos Trevo","city":"4314902","ivs":0.412,"idhm":0.593,"income":385.91,"cnes":3},"geometry":{"type":"Polygon","coordinates":[[[-51.176868,-29.968374],[-51.176957,-29.970864],[-51.179424,-29.97897],[-51.180764,-29.97857],[-51.181773,-29.980171],[-51.183952,-29.979155],[-51.185065,-29.980939],[-51.185594,-29.980663],[-51.184304,-29.978707],[-51.184205,-29.977478],[-51.189044,-29.97794],[-51.189225,-29.978362],[-51.189819,-29.978731],[-51.191466,-29.978163],[-51.191283,-29.97699],[-51.196869,-29.9755],[-51.198105,-29.975926],[-51.198929,-29.975114],[-51.199371,-29.975933],[-51.20286,-29.974354],[-51.202001,-29.97262],[-51.200956,-29.971637],[-51.196036,-29.969343],[-51.187438,-29.968293],[-51.182852,-29.96906],[-51.176868,-29.968374]]]}},{"type":"Feature","properties":{"id":"1431490200253","name":"Agronomia ( bairro )","city":"4314902","ivs":0.297,"idhm":0.719,"income":623.38,"cnes":5},"geometry":{"type":"Polygon","coordinates":[[[-51.115007,-30.086343],[-51.115336,-30.087591],[-51.120301,-30.089285],[-51.121769,-30.089011],[-51.122067,-30.088149],[-51.121985,-30.086783],[-51.125458,-30.086444],[-51.12589,-30.087008],[-51.125406,-30.087275],[-51.125422,-30.087706],[-51.125818,-30.08756],[-51.127448,-30.089456],[-51.12779,-30.089291],[-51.130566,-30.092828],[-51.132627,-30.09071],[-51.131704,-30.086124],[-51.131974,-30.08312],[-51.129095,-30.0834],[-51.128312,-30.083266],[-51.128605,-30.079705],[-51.126328,-30.08108],[-51.12532,-30.080598],[-51.124543,-30.080546],[-51.123738,-30.081108],[-51.122637,-30.08245],[-51.118246,-30.083373],[-51.11758,-30.083745],[-51.116829,-30.083744],[-51.115007,-30.086343]]]}},{"type":"Feature","properties":{"id":"1431490200254","name":"Agronomia : Vila Moro dos Índios / Beco dos Cafunchos","city":"4314902","ivs":0.298,"idhm":0.681,"income":610.25,"cnes":1},"geometry":{"type":"Polygon","coordinates":[[[-51.110725,-30.087274],[-51.119247,-30.093081],[-51.121689,-30.09146],[-51.121438,-30.090858],[-51.121769,-30.089011],[-51.120301,-30.089285],[-51.115336,-30.087591],[-51.115067,-30.08709],[-51.115007,-30.086343],[-51.116829,-30.083744],[-51.11758,-30.083745],[-51.118246,-30.083373],[-51.117552,-30.080673],[-51.116769,-30.08033],[-51.118032,-30.078894],[-51.117711,-30.078884],[-51.114064,-30.081019],[-51.110725,-30.087274]]]}},{"type":"Feature","properties":{"id":"1431490200255","name":"Agronomia : Vila Esmeralda","city":"4314902","ivs":0.371,"idhm":0.646,"income":489.26,"cnes":0},"geometry":{"type":"Polygon","coordinates":[[[-51.121438,-30.090858],[-51.121532,-30.091305],[-51.121994,-30.091771],[-51.123523,-30.092641],[-51.125573,-30.091078],[-51.126755,-30.091475],[-51.128086,-30.090593],[-51.127919,-30.090148],[-51.1283,-30.08992],[-51.12779,-30.089291],[-51.127448,-30.089456],[-51.125818,-30.08756],[-51.125422,-30.087706],[-51.125406,-30.087275],[-51.12589,-30.087008],[-51.125458,-30.086444],[-51.12481,-30.086366],[-51.122892,-30.08681],[-51.121985,-30.086783],[-51.122067,-30.088149],[-51.121438,-30.090858]]]}},{"type":"Feature","properties":{"id":"1431490200256","name":"Mário Quintana : Vila Jardim Protásio Alves","city":"4314902","ivs":0.406,"idhm":0.593,"income":385.91,"cnes":0},"geometry":{"type":"Polygon","coordinates":[[[-51.106475,-30.04145],[-51.107243,-30.046797],[-51.108654,-30.046816],[-51.108905,-30.046667],[-51.107994,-30.041129],[-51.106475,-30.04145]]]}},{"type":"Feature","properties":{"id":"1431490200257","name":"Agronomia : Vila Biriba","city":"4314902","ivs":0.321,"idhm":0.627,"income":531.9,"cnes":0},"geometry":{"type":"Polygon","coordinates":[[[-51.131384,-30.078767],[-51.131957,-30.082705],[-51.131859,-30.084825],[-51.135401,-30.085148],[-51.137736,-30.084697],[-51.13889,-30.085037],[-51.142258,-30.087936],[-51.143784,-30.089706],[-51.145367,-30.09048],[-51.146194,-30.091645],[-51.147837,-30.092753],[-51.148761,-30.091195],[-51.151022,-30.092258],[-51.152282,-30.090537],[-51.153989,-30.090345],[-51.16233,-30.082235],[-51.158677,-30.079934],[-51.147256,-30.07034],[-51.14581,-30.070904],[-51.144852,-30.068966],[-51.142323,-30.070144],[-51.137564,-30.074084],[-51.134873,-30.075588],[-51.131778,-30.076477],[-51.131384,-30.078767]]]}},{"type":"Feature","properties":{"id":"1431490200258","name":"Lomba do Pinheiro : Rarefeita","city":"4314902","ivs":0.381,"idhm":0.654,"income":544.22,"cnes":1},"geometry":{"type":"Polygon","coordinates":[[[-51.085463,-30.143314],[-51.086103,-30.145693],[-51.088302,-30.14803],[-51.08903,-30.149777],[-51.089143,-30.150771],[-51.089026,-30.151307],[-51.08846,-30.152003],[-51.08629,-30.153681],[-51.085914,-30.154419],[-51.087578,-30.155147],[-51.092403,-30.155707],[-51.097857,-30.166682],[-51.107157,-30.151615],[-51.104631,-30.152196],[-51.104078,-30.149607],[-51.104531,-30.14941],[-51.104821,-30.149558],[-51.104784,-30.149309],[-51.107448,-30.14711],[-51.108239,-30.14571],[-51.107551,-30.144829],[-51.105822,-30.144007],[-51.105063,-30.142721],[-51.103112,-30.141029],[-51.101292,-30.137913],[-51.098497,-30.137211],[-51.095377,-30.134903],[-51.094718,-30.135707],[-51.094237,-30.13792],[-51.093861,-30.138341],[-51.087631,-30.140643],[-51.087096,-30.14102],[-51.085463,-30.143314]]]}},{"type":"Feature","properties":{"id":"1431490200259","name":"Lomba do Pinheiro : Vila Recreio da Divisa / Nova Serra Verde / Vila Rocha","city":"4314902","ivs":0.37,"idhm":0.646,"income":489.26,"cnes":2},"geometry":{"type":"MultiPolygon","coordinates":[[[[-51.10611,-30.116987],[-51.106195,-30.117852],[-51.107126,-30.11787],[-51.107172,-30.119127],[-51.10866,-30.119193],[-51.10878,-30.120324],[-51.108088,-30.12245],[-51.107831,-30.124847],[-51.107202,-30.125207],[-51.106461,-30.125182],[-51.106628,-30.125988],[-51.10764,-30.125912],[-51.107387,-30.126097],[-51.107301,-30.126846],[-51.107762,-30.127585],[-51.109258,-30.128266],[-51.111204,-30.129847],[-51.112283,-30.130227],[-51.113098,-30.130097],[-51.114353,-30.128906],[-51.114645,-30.12787],[-51.114522,-30.127023],[-51.113883,-30.126476],[-51.111831,-30.126397],[-51.111064,-30.126065],[-51.111114,-30.125374],[-51.11073,-30.125111],[-51.111428,-30.122351],[-51.109321,-30.121889],[-51.108886,-30.122122],[-51.109949,-30.120812],[-51.110273,-30.117282],[-51.110799,-30.117241],[-51.110816,-30.115898],[-51.111464,-30.115324],[-51.112083,-30.115164],[-51.112248,-30.114331],[-51.112531,-30.114207],[-51.112696,-30.114483],[-51.113651,-30.114599],[-51.114487,-30.111407],[-51.118211,-30.111555],[-51.117565,-30.109643],[-51.116673,-30.10836],[-51.115527,-30.107965],[-51.11441,-30.106319],[-51.113811,-30.106723],[-51.113296,-30.108298],[-51.112786,-30.109093],[-51.110508,-30.110736],[-51.110039,-30.111528],[-51.109591,-30.113329],[-51.108776,-30.114824],[-51.108695,-30.115459],[-51.106139,-30.115021],[-51.106307,-30.116576],[-51.10611,-30.116987]]],[[[-51.102495,-30.111759],[-51.103025,-30.114957],[-51.105306,-30.114876],[-51.104894,-30.111614],[-51.102495,-30.111759]]]]}},{"type":"Feature","properties":{"id":"1431490200260","name":"Agronomia : Lomba","city":"4314902","ivs":0.284,"idhm":0.761,"income":899.92,"cnes":1},"geometry":{"type":"Polygon","coordinates":[[[-51.107937,-30.105324],[-51.108663,-30.105813],[-51.110657,-30.105501],[-51.111593,-30.104577],[-51.111903,-30.104812],[-51.112434,-30.10431],[-51.112377,-30.103857],[-51.117555,-30.101565],[-51.120236,-30.101219],[-51.121481,-30.100477],[-51.122741,-30.100803],[-51.123385,-30.100704],[-51.124392,-30.102035],[-51.124978,-30.101491],[-51.125833,-30.100003],[-51.126177,-30.096934],[-51.130566,-30.092828],[-51.1283,-30.08992],[-51.127919,-30.090148],[-51.128086,-30.090593],[-51.126755,-30.091475],[-51.125573,-30.091078],[-51.123523,-30.092641],[-51.121689,-30.09146],[-51.119247,-30.093081],[-51.110725,-30.087274],[-51.110526,-30.087646],[-51.111241,-30.097389],[-51.111448,-30.103684],[-51.110846,-30.104005],[-51.11017,-30.104821],[-51.107937,-30.105324]]]}},{"type":"Feature","properties":{"id":"1431490200261","name":"Lomba do Pinheiro : Taquara / Marau / Cacimbas","city":"4314902","ivs":0.378,"idhm":0.654,"income":544.22,"cnes":7},"geometry":{"type":"Polygon","coordinates":[[[-51.094673,-30.119302],[-51.095386,-30.119989],[-51.095532,-30.121812],[-51.097037,-30.122724],[-51.096621,-30.123628],[-51.096926,-30.126361],[-51.097297,-30.127528],[-51.099039,-30.128585],[-51.100948,-30.126921],[-51.099644,-30.126393],[-51.099501,-30.125243],[-51.100609,-30.122059],[-51.098976,-30.12169],[-51.099179,-30.121173],[-51.103314,-30.121999],[-51.103712,-30.123866],[-51.104497,-30.124444],[-51.106465,-30.125183],[-51.107748,-30.125019],[-51.108088,-30.12245],[-51.108772,-30.120785],[-51.10866,-30.119193],[-51.107172,-30.119127],[-51.107126,-30.11787],[-51.106195,-30.117852],[-51.106138,-30.115015],[-51.103025,-30.114957],[-51.102495,-30.111759],[-51.104894,-30.111614],[-51.104651,-30.110932],[-51.106894,-30.110689],[-51.10797,-30.111085],[-51.106636,-30.109514],[-51.108024,-30.108476],[-51.107478,-30.107948],[-51.108107,-30.107615],[-51.107263,-30.106393],[-51.108663,-30.105813],[-51.107937,-30.105324],[-51.106525,-30.106033],[-51.102368,-30.108653],[-51.100986,-30.109974],[-51.10013,-30.111107],[-51.100291,-30.114482],[-51.096373,-30.114822],[-51.096318,-30.116398],[-51.094673,-30.119302]]]}},{"type":"Feature","properties":{"id":"1431490200262","name":"Lomba do Pinheiro : Loteamento Quinta do Portal / Cooperativa Habitacional","city":"4314902","ivs":0.356,"idhm":0.643,"income":499.5,"cnes":6},"geometry":{"type":"MultiPolygon","coordinates":[[[[-51.133168,-30.097245],[-51.132406,-30.096696],[-51.130891,-30.094115],[-51.130153,-30.093268],[-51.129493,-30.094609],[-51.131188,-30.09716],[-51.133168,-30.097245]]],[[[-51.133168,-30.097245],[-51.132772,-30.09757],[-51.131036,-30.097927],[-51.130062,-30.098514],[-51.127826,-30.0986],[-51.127528,-30.098984],[-51.126074,-30.098842],[-51.125833,-30.100003],[-51.124528,-30.101945],[-51.123618,-30.102395],[-51.121624,-30.102772],[-51.119475,-30.104353],[-51.120195,-30.105834],[-51.121555,-30.107602],[-51.122051,-30.107769],[-51.123113,-30.108996],[-51.124442,-30.110061],[-51.118893,-30.113004],[-51.119728,-30.113595],[-51.12016,-30.115035],[-51.121192,-30.115962],[-51.122663,-30.116659],[-51.12478,-30.118778],[-51.125053,-30.119356],[-51.124872,-30.120557],[-51.126659,-30.122474],[-51.126728,-30.12311],[-51.127241,-30.123445],[-51.127116,-30.124024],[-51.128116,-30.123732],[-51.128932,-30.124155],[-51.12971,-30.125755],[-51.130538,-30.126667],[-51.130355,-30.128205],[-51.130692,-30.129024],[-51.131474,-30.130508],[-51.133391,-30.132693],[-51.133539,-30.133448],[-51.138363,-30.131765],[-51.136597,-30.128361],[-51.136509,-30.126611],[-51.13724,-30.12464],[-51.138515,-30.123181],[-51.139416,-30.121439],[-51.139331,-30.120244],[-51.139703,-30.119156],[-51.140969,-30.117764],[-51.143656,-30.116279],[-51.146459,-30.115308],[-51.147476,-30.11524],[-51.151234,-30.116428],[-51.153509,-30.118041],[-51.155684,-30.117963],[-51.15619,-30.117668],[-51.156972,-30.118324],[-51.158628,-30.116712],[-51.159316,-30.114818],[-51.159077,-30.113739],[-51.158215,-30.112761],[-51.157389,-30.112294],[-51.15511,-30.114492],[-51.152938,-30.112635],[-51.155154,-30.110696],[-51.154022,-30.109375],[-51.151487,-30.105474],[-51.149811,-30.104127],[-51.147802,-30.103111],[-51.144,-30.102587],[-51.141307,-30.101759],[-51.141327,-30.100987],[-51.140799,-30.100029],[-51.139722,-30.099152],[-51.138724,-30.0995],[-51.138516,-30.099063],[-51.134631,-30.100539],[-51.131304,-30.102133],[-51.130332,-30.101108],[-51.128786,-30.100571],[-51.133513,-30.097939],[-51.133168,-30.097245]]]]}},{"type":"Feature","properties":{"id":"1431490200263","name":"Lomba do Pinheiro : Vila Mapa II / Elo Perdido","city":"4314902","ivs":0.237,"idhm":0.688,"income":662.53,"cnes":4},"geometry":{"type":"Polygon","coordinates":[[[-51.126366,-30.096653],[-51.126074,-30.098842],[-51.127528,-30.098984],[-51.127826,-30.0986],[-51.130062,-30.098514],[-51.131036,-30.097927],[-51.133257,-30.097308],[-51.133513,-30.097939],[-51.128786,-30.100571],[-51.130332,-30.101108],[-51.131304,-30.102133],[-51.134631,-30.100539],[-51.138516,-30.099063],[-51.138724,-30.0995],[-51.139722,-30.099152],[-51.139935,-30.099516],[-51.140363,-30.099523],[-51.141327,-30.100987],[-51.141307,-30.101759],[-51.144,-30.102587],[-51.14627,-30.102793],[-51.148935,-30.103536],[-51.152071,-30.101609],[-51.154202,-30.101207],[-51.153665,-30.098688],[-51.153836,-30.096796],[-51.152306,-30.095406],[-51.152395,-30.092906],[-51.148761,-30.091195],[-51.147837,-30.092753],[-51.147426,-30.092527],[-51.146194,-30.091645],[-51.145367,-30.09048],[-51.143295,-30.089282],[-51.142258,-30.087936],[-51.13889,-30.085037],[-51.137736,-30.084697],[-51.135401,-30.085148],[-51.131859,-30.084825],[-51.131704,-30.086124],[-51.132627,-30.09071],[-51.128505,-30.094867],[-51.126366,-30.096653]],[[-51.129493,-30.094609],[-51.130153,-30.093268],[-51.130891,-30.094115],[-51.132406,-30.096696],[-51.133168,-30.097245],[-51.131188,-30.09716],[-51.129493,-30.094609]]]}},{"type":"Feature","properties":{"id":"1431490200264","name":"Lomba do Pinheiro ( bairro )","city":"4314902","ivs":0.281,"idhm":0.714,"income":727.62,"cnes":10},"geometry":{"type":"Polygon","coordinates":[[[-51.095377,-30.134903],[-51.098497,-30.137211],[-51.101292,-30.137913],[-51.103112,-30.141029],[-51.105063,-30.142721],[-51.105537,-30.143702],[-51.106297,-30.144324],[-51.107551,-30.144829],[-51.10831,-30.145827],[-51.10913,-30.146392],[-51.112027,-30.146165],[-51.114245,-30.145176],[-51.116306,-30.143733],[-51.11937,-30.14413],[-51.1214,-30.14347],[-51.124649,-30.143478],[-51.126057,-30.142963],[-51.1276,-30.13838],[-51.129159,-30.137198],[-51.131077,-30.137536],[-51.135463,-30.135717],[-51.134522,-30.134902],[-51.133539,-30.133448],[-51.133391,-30.132693],[-51.131357,-30.130322],[-51.130355,-30.128205],[-51.130538,-30.126667],[-51.12971,-30.125755],[-51.128932,-30.124155],[-51.128116,-30.123732],[-51.127116,-30.124024],[-51.127241,-30.123445],[-51.126728,-30.12311],[-51.126659,-30.122474],[-51.124872,-30.120557],[-51.125053,-30.119356],[-51.12478,-30.118778],[-51.122663,-30.116659],[-51.121192,-30.115962],[-51.12016,-30.115035],[-51.119728,-30.113595],[-51.118893,-30.113004],[-51.124442,-30.110061],[-51.123113,-30.108996],[-51.122051,-30.107769],[-51.121555,-30.107602],[-51.120195,-30.105834],[-51.119475,-30.104353],[-51.121624,-30.102772],[-51.124392,-30.102035],[-51.123385,-30.100704],[-51.122741,-30.100803],[-51.121481,-30.100477],[-51.120236,-30.101219],[-51.117555,-30.101565],[-51.112377,-30.103857],[-51.112434,-30.10431],[-51.111903,-30.104812],[-51.111593,-30.104577],[-51.110657,-30.105501],[-51.108519,-30.105848],[-51.107263,-30.106393],[-51.108107,-30.107615],[-51.107478,-30.107948],[-51.108024,-30.108476],[-51.106636,-30.109514],[-51.10797,-30.111085],[-51.106894,-30.110689],[-51.104651,-30.110932],[-51.105306,-30.114876],[-51.108695,-30.115459],[-51.108776,-30.114824],[-51.109591,-30.113329],[-51.110039,-30.111528],[-51.110508,-30.110736],[-51.112786,-30.109093],[-51.113296,-30.108298],[-51.113811,-30.106723],[-51.11441,-30.106319],[-51.115527,-30.107965],[-51.116673,-30.10836],[-51.117565,-30.109643],[-51.118211,-30.111555],[-51.114487,-30.111407],[-51.113651,-30.114599],[-51.112696,-30.114483],[-51.112531,-30.114207],[-51.112248,-30.114331],[-51.112083,-30.115164],[-51.111464,-30.115324],[-51.110816,-30.115898],[-51.110799,-30.117241],[-51.110273,-30.117282],[-51.109949,-30.120812],[-51.108886,-30.122122],[-51.109321,-30.121889],[-51.111428,-30.122351],[-51.11073,-30.125111],[-51.111114,-30.125374],[-51.111064,-30.126065],[-51.111831,-30.126397],[-51.113579,-30.126393],[-51.114352,-30.12677],[-51.114646,-30.127563],[-51.114353,-30.128906],[-51.113098,-30.130097],[-51.112283,-30.130227],[-51.111204,-30.129847],[-51.109258,-30.128266],[-51.107762,-30.127585],[-51.107301,-30.126846],[-51.107387,-30.126097],[-51.10764,-30.125912],[-51.106628,-30.125988],[-51.106461,-30.125182],[-51.104787,-30.124631],[-51.103712,-30.123866],[-51.103314,-30.121999],[-51.099179,-30.121173],[-51.098976,-30.12169],[-51.100609,-30.122059],[-51.099501,-30.125243],[-51.099644,-30.126393],[-51.100948,-30.126921],[-51.098082,-30.129342],[-51.097832,-30.131999],[-51.095377,-30.134903]]]}},{"type":"Feature","properties":{"id":"1431490200265","name":"Sarandi : Santa Rosa / Parque dos Mayas / Nova Gleba","city":"4314902","ivs":0.298,"idhm":0.724,"income":709.69,"cnes":6},"geometry":{"type":"Polygon","coordinates":[[[-51.09421,-30.006232],[-51.095523,-30.00634],[-51.096828,-30.00612],[-51.098385,-30.00535],[-51.101255,-30.002921],[-51.102228,-30.002494],[-51.104988,-30.002196],[-51.105512,-30.001048],[-51.1066,-29.999559],[-51.10695,-29.998375],[-51.107132,-29.99457],[-51.106459,-29.994553],[-51.106572,-29.992873],[-51.10802,-29.993422],[-51.108664,-29.992349],[-51.103853,-29.991525],[-51.095744,-29.991157],[-51.094744,-29.994804],[-51.098309,-29.994764],[-51.098198,-29.996773],[-51.098853,-29.996801],[-51.098853,-29.997157],[-51.09946,-29.997178],[-51.09958,-29.995579],[-51.100216,-29.995617],[-51.100133,-29.997773],[-51.1024,-29.997844],[-51.105497,-29.997129],[-51.105668,-29.997779],[-51.10275,-29.998515],[-51.104984,-29.998609],[-51.105926,-29.99834],[-51.106126,-29.998766],[-51.105491,-29.998948],[-51.105343,-29.999474],[-51.102708,-29.999691],[-51.102708,-30.0001],[-51.101243,-29.999984],[-51.101022,-30.00196],[-51.099187,-30.001974],[-51.099378,-29.998924],[-51.098099,-29.998861],[-51.097609,-29.99816],[-51.095874,-29.997777],[-51.09552,-29.998778],[-51.095672,-29.999859],[-51.095398,-29.999892],[-51.095411,-30.00064],[-51.095762,-30.000597],[-51.095773,-30.00126],[-51.094518,-30.001269],[-51.094752,-30.00343],[-51.095098,-30.003551],[-51.094519,-30.004881],[-51.094534,-30.005909],[-51.09421,-30.006232]]]}},{"type":"Feature","properties":{"id":"1431490200266","name":"Belém Novo : Vila Esperança","city":"4314902","ivs":0.412,"idhm":0.593,"income":385.91,"cnes":0},"geometry":{"type":"Polygon","coordinates":[[[-51.159936,-30.209214],[-51.159949,-30.209782],[-51.161677,-30.211544],[-51.16285,-30.211295],[-51.162836,-30.21068],[-51.163398,-30.209578],[-51.164223,-30.209053],[-51.164694,-30.208334],[-51.165422,-30.205509],[-51.160631,-30.204385],[-51.160065,-30.205835],[-51.159956,-30.206641],[-51.160398,-30.2081],[-51.159936,-30.209214]]]}},{"type":"Feature","properties":{"id":"1431490200267","name":"Sarandi : Santo Agostinho / Free Way / Trevo Assis Brasil","city":"4314902","ivs":0.281,"idhm":0.714,"income":727.62,"cnes":12},"geometry":{"type":"Polygon","coordinates":[[[-51.086368,-29.970881],[-51.088152,-29.97688],[-51.088877,-29.98463],[-51.094564,-29.984588],[-51.09549,-29.985988],[-51.095939,-29.988072],[-51.094283,-29.987793],[-51.092665,-29.987897],[-51.092478,-29.990527],[-51.088627,-29.990644],[-51.088206,-29.997311],[-51.087723,-30.000765],[-51.095672,-29.999859],[-51.09552,-29.998778],[-51.095874,-29.997777],[-51.097609,-29.99816],[-51.098099,-29.998861],[-51.10131,-29.99902],[-51.101357,-29.998444],[-51.10275,-29.998515],[-51.105668,-29.997779],[-51.105497,-29.997129],[-51.1024,-29.997844],[-51.100133,-29.997773],[-51.100216,-29.995617],[-51.09958,-29.995579],[-51.09946,-29.997178],[-51.098853,-29.997157],[-51.098853,-29.996801],[-51.098198,-29.996773],[-51.098309,-29.994764],[-51.094744,-29.994804],[-51.095744,-29.991157],[-51.103853,-29.991525],[-51.108664,-29.992349],[-51.111155,-29.98579],[-51.113144,-29.982656],[-51.113903,-29.981934],[-51.114232,-29.981025],[-51.114353,-29.978833],[-51.114754,-29.977116],[-51.125039,-29.977413],[-51.12525,-29.978736],[-51.125678,-29.978744],[-51.125736,-29.978065],[-51.128687,-29.978151],[-51.128568,-29.979272],[-51.13009,-29.97935],[-51.130046,-29.979882],[-51.133892,-29.980093],[-51.13394,-29.979531],[-51.13758,-29.97978],[-51.137766,-29.977795],[-51.140147,-29.977888],[-51.138759,-29.992953],[-51.137645,-29.997515],[-51.136936,-29.998434],[-51.1404,-29.998106],[-51.144943,-29.998168],[-51.145026,-29.991793],[-51.148291,-29.991902],[-51.147913,-29.998205],[-51.15312,-29.998303],[-51.153139,-29.997685],[-51.153572,-29.9977],[-51.154517,-29.97862],[-51.155666,-29.969944],[-51.155888,-29.969276],[-51.157228,-29.968939],[-51.157508,-29.968403],[-51.152347,-29.968173],[-51.152558,-29.967038],[-51.152865,-29.966696],[-51.150151,-29.965092],[-51.150042,-29.96293],[-51.14726,-29.95981],[-51.143131,-29.960651],[-51.140893,-29.957718],[-51.139891,-29.957743],[-51.134031,-29.960823],[-51.128496,-29.957105],[-51.127286,-29.954499],[-51.125038,-29.954634],[-51.120086,-29.958203],[-51.113309,-29.957871],[-51.109373,-29.960467],[-51.10653,-29.964728],[-51.105421,-29.965119],[-51.100254,-29.964263],[-51.095746,-29.96586],[-51.094775,-29.965727],[-51.092703,-29.963413],[-51.089558,-29.963674],[-51.088637,-29.964781],[-51.08978,-29.96708],[-51.086368,-29.970881]]]}},{"type":"Feature","properties":{"id":"1431490200268","name":"Sarandi : Loteamento do Bosque","city":"4314902","ivs":0.316,"idhm":0.627,"income":531.9,"cnes":0},"geometry":{"type":"Polygon","coordinates":[[[-51.088627,-29.990644],[-51.092478,-29.990527],[-51.092665,-29.987897],[-51.094283,-29.987793],[-51.095939,-29.988072],[-51.09549,-29.985988],[-51.095017,-29.98502],[-51.094564,-29.984588],[-51.088877,-29.98463],[-51.089003,-29.987553],[-51.088627,-29.990644]]]}},{"type":"Feature","properties":{"id":"1431490200269","name":"Ponta Grossa : Retiro da Ponta Grossa","city":"4314902","ivs":0.211,"idhm":0.808,"income":1220.08,"cnes":0},"geometry":{"type":"Polygon","coordinates":[[[-51.1908,-30.190175],[-51.19167,-30.191255],[-51.194386,-30.1934],[-51.198024,-30.195572],[-51.198203,-30.194434],[-51.199723,-30.193246],[-51.205487,-30.191223],[-51.215549,-30.190363],[-51.224913,-30.188226],[-51.239862,-30.190753],[-51.245845,-30.188491],[-51.248684,-30.186343],[-51.24476,-30.182995],[-51.242765,-30.182434],[-51.236456,-30.183788],[-51.232546,-30.183036],[-51.228309,-30.177719],[-51.227487,-30.177306],[-51.225817,-30.177737],[-51.223883,-30.177416],[-51.222847,-30.178119],[-51.220291,-30.181459],[-51.21801,-30.182813],[-51.217828,-30.183586],[-51.218033,-30.184495],[-51.214836,-30.184418],[-51.209685,-30.185388],[-51.208998,-30.185064],[-51.208293,-30.18359],[-51.207218,-30.184284],[-51.204959,-30.184993],[-51.202963,-30.185253],[-51.200762,-30.185068],[-51.198503,-30.185397],[-51.195679,-30.186399],[-51.1908,-30.190175]]]}},{"type":"Feature","properties":{"id":"1431490200270","name":"Sarandi : Vila Vitória da Conquista","city":"4314902","ivs":0.351,"idhm":0.615,"income":417.1,"cnes":0},"geometry":{"type":"Polygon","coordinates":[[[-51.106459,-29.994553],[-51.107132,-29.99457],[-51.107057,-29.996344],[-51.108621,-29.996502],[-51.108837,-29.996908],[-51.108506,-29.998706],[-51.109438,-29.998764],[-51.109785,-29.995922],[-51.110046,-29.995443],[-51.113764,-29.995634],[-51.112987,-29.992423],[-51.108944,-29.991546],[-51.108564,-29.992686],[-51.10802,-29.993422],[-51.106572,-29.992873],[-51.106459,-29.994553]]]}},{"type":"Feature","properties":{"id":"1431490200271","name":"Sarandi : Vila Amazônia","city":"4314902","ivs":0.412,"idhm":0.593,"income":385.91,"cnes":0},"geometry":{"type":"Polygon","coordinates":[[[-51.112107,-30.002232],[-51.112633,-30.004126],[-51.113638,-30.004109],[-51.113619,-30.003842],[-51.116139,-30.003802],[-51.116748,-30.00346],[-51.116166,-30.001702],[-51.114368,-30.002143],[-51.112107,-30.002232]]]}},{"type":"Feature","properties":{"id":"1431490200272","name":"Ipanema : Coronel Marcos / Ipanema Sports","city":"4314902","ivs":0.063,"idhm":0.953,"income":3931.41,"cnes":1},"geometry":{"type":"Polygon","coordinates":[[[-51.231462,-30.133729],[-51.231541,-30.134017],[-51.233265,-30.134649],[-51.234354,-30.135712],[-51.239241,-30.13299],[-51.243079,-30.132809],[-51.24459,-30.131896],[-51.245488,-30.129816],[-51.244774,-30.128991],[-51.245149,-30.126915],[-51.249833,-30.124763],[-51.259721,-30.124073],[-51.260482,-30.123316],[-51.257967,-30.122629],[-51.251296,-30.123203],[-51.250139,-30.123059],[-51.248472,-30.123476],[-51.244491,-30.125238],[-51.243454,-30.126191],[-51.242732,-30.127425],[-51.238385,-30.130681],[-51.233591,-30.132595],[-51.231462,-30.133729]]]}},{"type":"Feature","properties":{"id":"1431490200273","name":"Sarandi : Jardim Por do Sol / Fraternidade / Dutra Jardim","city":"4314902","ivs":0.316,"idhm":0.627,"income":531.9,"cnes":0},"geometry":{"type":"Polygon","coordinates":[[[-51.099187,-30.001974],[-51.101022,-30.00196],[-51.101243,-29.999984],[-51.102708,-30.0001],[-51.102708,-29.999691],[-51.105343,-29.999474],[-51.105491,-29.998948],[-51.106126,-29.998766],[-51.105926,-29.99834],[-51.104984,-29.998609],[-51.101357,-29.998444],[-51.10131,-29.99902],[-51.099378,-29.998924],[-51.099187,-30.001974]]]}},{"type":"Feature","properties":{"id":"1431490200274","name":"Sarandi : Parque dos Maias","city":"4314902","ivs":0.168,"idhm":0.816,"income":1108.86,"cnes":1},"geometry":{"type":"Polygon","coordinates":[[[-51.087473,-30.003677],[-51.087667,-30.004336],[-51.088719,-30.005538],[-51.09421,-30.006232],[-51.094534,-30.005909],[-51.094519,-30.004881],[-51.095098,-30.003551],[-51.094752,-30.00343],[-51.094518,-30.001269],[-51.095773,-30.00126],[-51.095762,-30.000597],[-51.095411,-30.00064],[-51.095398,-29.999892],[-51.087723,-30.000765],[-51.087473,-30.003677]]]}},{"type":"Feature","properties":{"id":"1431490200275","name":"Sarandi : Asa Branca","city":"4314902","ivs":0.351,"idhm":0.615,"income":417.1,"cnes":3},"geometry":{"type":"Polygon","coordinates":[[[-51.11425,-29.980833],[-51.114541,-29.981682],[-51.115533,-29.982612],[-51.116518,-29.983007],[-51.119995,-29.986047],[-51.120152,-29.981719],[-51.12049,-29.981724],[-51.120515,-29.980433],[-51.121609,-29.980589],[-51.121776,-29.977324],[-51.114754,-29.977116],[-51.114353,-29.978833],[-51.11425,-29.980833]]]}},{"type":"Feature","properties":{"id":"1431490200276","name":"Sarandi : Vila Nossa Senhora Aparecida / Vila Chimarrão","city":"4314902","ivs":0.381,"idhm":0.618,"income":400.1,"cnes":0},"geometry":{"type":"Polygon","coordinates":[[[-51.112813,-29.992294],[-51.113201,-29.992335],[-51.113456,-29.986951],[-51.113126,-29.986777],[-51.112813,-29.992294]]]}},{"type":"Feature","properties":{"id":"1431490200277","name":"Sarandi : Vilas Caiu-do-Céu / Ipê São Borja / Nossa Senhora Aparecida","city":"4314902","ivs":0.299,"idhm":0.724,"income":709.69,"cnes":3},"geometry":{"type":"Polygon","coordinates":[[[-51.108944,-29.991546],[-51.113769,-29.992606],[-51.119336,-29.993059],[-51.121266,-29.994139],[-51.122136,-29.994226],[-51.122127,-29.993554],[-51.121307,-29.992536],[-51.12108,-29.993354],[-51.120228,-29.992724],[-51.119565,-29.992606],[-51.120014,-29.987977],[-51.122415,-29.989487],[-51.125339,-29.990743],[-51.123418,-29.989059],[-51.123975,-29.981087],[-51.124416,-29.978039],[-51.125003,-29.978044],[-51.125039,-29.977413],[-51.121776,-29.977324],[-51.121609,-29.980589],[-51.120515,-29.980433],[-51.12049,-29.981724],[-51.120152,-29.981719],[-51.119995,-29.986047],[-51.116518,-29.983007],[-51.115533,-29.982612],[-51.114541,-29.981682],[-51.11425,-29.980833],[-51.113903,-29.981934],[-51.113144,-29.982656],[-51.111155,-29.98579],[-51.108944,-29.991546]],[[-51.112813,-29.992294],[-51.112878,-29.991427],[-51.113126,-29.986777],[-51.113456,-29.986951],[-51.113201,-29.992335],[-51.112813,-29.992294]]]}},{"type":"Feature","properties":{"id":"1431490200278","name":"Sarandi : Vila Ipê São Borja","city":"4314902","ivs":0.382,"idhm":0.618,"income":400.1,"cnes":0},"geometry":{"type":"Polygon","coordinates":[[[-51.119565,-29.992606],[-51.120228,-29.992724],[-51.12108,-29.993354],[-51.121307,-29.992536],[-51.122107,-29.99355],[-51.122512,-29.993589],[-51.122896,-29.989699],[-51.120014,-29.987977],[-51.119565,-29.992606]]]}},{"type":"Feature","properties":{"id":"1431490200279","name":"Sarandi : Vila Dique / Minuano","city":"4314902","ivs":0.384,"idhm":0.618,"income":400.1,"cnes":0},"geometry":{"type":"Polygon","coordinates":[[[-51.135332,-29.994662],[-51.136268,-29.994496],[-51.138324,-29.994875],[-51.13898,-29.991156],[-51.140147,-29.977888],[-51.137766,-29.977795],[-51.13758,-29.97978],[-51.136188,-29.979702],[-51.135998,-29.981795],[-51.137407,-29.981913],[-51.136843,-29.988515],[-51.137198,-29.988595],[-51.136865,-29.992252],[-51.135332,-29.994662]]]}},{"type":"Feature","properties":{"id":"1431490200280","name":"Sarandi : Vila Elizabeth / Vila Leão / Nova Brasília","city":"4314902","ivs":0.23,"idhm":0.714,"income":727.98,"cnes":4},"geometry":{"type":"Polygon","coordinates":[[[-51.130745,-29.993004],[-51.132457,-29.99325],[-51.13296,-29.994148],[-51.133609,-29.993867],[-51.134593,-29.995527],[-51.136192,-29.994984],[-51.138204,-29.995384],[-51.138324,-29.994875],[-51.136268,-29.994496],[-51.135332,-29.994662],[-51.136865,-29.992252],[-51.137198,-29.988595],[-51.136843,-29.988515],[-51.137407,-29.981913],[-51.135998,-29.981795],[-51.136188,-29.979702],[-51.13472,-29.97961],[-51.134453,-29.983358],[-51.135189,-29.983396],[-51.134865,-29.988481],[-51.135542,-29.98852],[-51.135764,-29.991669],[-51.133135,-29.990812],[-51.130905,-29.990623],[-51.130745,-29.993004]]]}},{"type":"Feature","properties":{"id":"1431490200281","name":"Sarandi : Vila Nova Brasília / Vila Elizabeth","city":"4314902","ivs":0.245,"idhm":0.781,"income":1012.04,"cnes":2},"geometry":{"type":"Polygon","coordinates":[[[-51.123786,-29.984469],[-51.124986,-29.984539],[-51.124774,-29.987906],[-51.130228,-29.988214],[-51.130047,-29.990958],[-51.130883,-29.990978],[-51.130905,-29.990623],[-51.133135,-29.990812],[-51.135764,-29.991669],[-51.135542,-29.98852],[-51.134865,-29.988481],[-51.135189,-29.983396],[-51.134453,-29.983358],[-51.13472,-29.97961],[-51.13394,-29.979531],[-51.133892,-29.980093],[-51.130046,-29.979882],[-51.13009,-29.97935],[-51.128568,-29.979272],[-51.128687,-29.978151],[-51.125736,-29.978065],[-51.125678,-29.978744],[-51.12525,-29.978736],[-51.125171,-29.978121],[-51.124416,-29.978039],[-51.123786,-29.984469]]]}},{"type":"Feature","properties":{"id":"1431490200282","name":"Sarandi : ECOVILLE / Sambódromo / Vila Vitória da Conquista / Residencial Porto Novo","city":"4314902","ivs":0.073,"idhm":0.868,"income":2202.5,"cnes":29},"geometry":{"type":"Polygon","coordinates":[[[-51.105273,-30.00153],[-51.109822,-30.002454],[-51.114368,-30.002143],[-51.116166,-30.001702],[-51.117351,-30.005294],[-51.116994,-30.006271],[-51.117122,-30.006685],[-51.120286,-30.006068],[-51.12376,-30.003881],[-51.127511,-30.003827],[-51.127527,-30.003331],[-51.128001,-30.002515],[-51.130352,-30.00131],[-51.130068,-29.996898],[-51.130281,-29.995518],[-51.130691,-29.996223],[-51.132849,-29.99542],[-51.132258,-29.994425],[-51.131048,-29.994975],[-51.130674,-29.994264],[-51.130883,-29.990978],[-51.130047,-29.990958],[-51.130228,-29.988214],[-51.124774,-29.987906],[-51.124986,-29.984539],[-51.123786,-29.984469],[-51.123418,-29.989059],[-51.125339,-29.990743],[-51.122896,-29.989699],[-51.122546,-29.993422],[-51.122127,-29.993554],[-51.122136,-29.994226],[-51.121266,-29.994139],[-51.119336,-29.993059],[-51.112987,-29.992423],[-51.113764,-29.995634],[-51.110046,-29.995443],[-51.109785,-29.995922],[-51.109438,-29.998764],[-51.108506,-29.998706],[-51.108837,-29.996908],[-51.108621,-29.996502],[-51.107057,-29.996344],[-51.107047,-29.997764],[-51.1066,-29.999559],[-51.105273,-30.00153]]]}},{"type":"Feature","properties":{"id":"1431490200283","name":"Sarandi : Vila Leão","city":"4314902","ivs":0.245,"idhm":0.781,"income":1012.04,"cnes":1},"geometry":{"type":"Polygon","coordinates":[[[-51.130674,-29.994264],[-51.131048,-29.994975],[-51.132258,-29.994425],[-51.132849,-29.99542],[-51.130691,-29.996223],[-51.132572,-29.999567],[-51.134081,-29.998908],[-51.134426,-29.999524],[-51.136934,-29.998425],[-51.137645,-29.997515],[-51.138204,-29.995384],[-51.136192,-29.994984],[-51.134593,-29.995527],[-51.133609,-29.993867],[-51.13296,-29.994148],[-51.132457,-29.99325],[-51.130745,-29.993004],[-51.130674,-29.994264]]]}},{"type":"Feature","properties":{"id":"1431490200284","name":"Sarandi : Vila Santíssima Trindade","city":"4314902","ivs":0.414,"idhm":0.593,"income":385.91,"cnes":0},"geometry":{"type":"Polygon","coordinates":[[[-51.154179,-29.985432],[-51.155865,-29.985326],[-51.156548,-29.97008],[-51.156626,-29.969846],[-51.157908,-29.969526],[-51.158124,-29.96909],[-51.159094,-29.968748],[-51.1591,-29.968474],[-51.157508,-29.968403],[-51.157228,-29.968939],[-51.155888,-29.969276],[-51.155666,-29.969944],[-51.154517,-29.97862],[-51.154179,-29.985432]]]}},{"type":"Feature","properties":{"id":"1431490200285","name":"Mário Quintana : Loteamento Verdes Campos","city":"4314902","ivs":0.126,"idhm":0.846,"income":1515.14,"cnes":2},"geometry":{"type":"Polygon","coordinates":[[[-51.084252,-30.047524],[-51.085302,-30.048051],[-51.08576,-30.047645],[-51.087302,-30.04743],[-51.087447,-30.046949],[-51.088022,-30.0474],[-51.090224,-30.0475],[-51.092755,-30.048492],[-51.093306,-30.048492],[-51.093289,-30.049071],[-51.094048,-30.049616],[-51.09439,-30.050214],[-51.095701,-30.050573],[-51.09664,-30.05019],[-51.097684,-30.04859],[-51.099284,-30.04871],[-51.101293,-30.048503],[-51.102557,-30.049419],[-51.10374,-30.049187],[-51.109505,-30.05052],[-51.108905,-30.046667],[-51.108393,-30.046906],[-51.107243,-30.046797],[-51.106475,-30.04145],[-51.104828,-30.04175],[-51.103957,-30.042244],[-51.103428,-30.043336],[-51.103169,-30.045059],[-51.102791,-30.045544],[-51.101444,-30.04621],[-51.099619,-30.046188],[-51.098174,-30.041381],[-51.096453,-30.041492],[-51.096097,-30.034875],[-51.095823,-30.034832],[-51.092406,-30.034769],[-51.092812,-30.042279],[-51.093086,-30.042517],[-51.092838,-30.042865],[-51.092472,-30.047459],[-51.091133,-30.0467],[-51.089659,-30.046238],[-51.085581,-30.046448],[-51.084772,-30.046074],[-51.084252,-30.047524]]]}},{"type":"Feature","properties":{"id":"1431490200286","name":"Mário Quintana : Chico Mendes","city":"4314902","ivs":0.407,"idhm":0.593,"income":385.91,"cnes":1},"geometry":{"type":"Polygon","coordinates":[[[-51.086142,-30.025296],[-51.087771,-30.026186],[-51.087706,-30.027041],[-51.087075,-30.027632],[-51.087367,-30.029046],[-51.08855,-30.02999],[-51.088557,-30.030423],[-51.08948,-30.031],[-51.089806,-30.033754],[-51.099014,-30.032973],[-51.100095,-30.032236],[-51.100797,-30.032268],[-51.101948,-30.031822],[-51.103915,-30.030087],[-51.104944,-30.030012],[-51.105772,-30.028225],[-51.104187,-30.028108],[-51.104413,-30.026709],[-51.103551,-30.026696],[-51.104043,-30.026348],[-51.104047,-30.026095],[-51.101128,-30.026143],[-51.101245,-30.02804],[-51.102494,-30.028488],[-51.100992,-30.028554],[-51.099647,-30.027496],[-51.098197,-30.027207],[-51.098059,-30.025221],[-51.097457,-30.02349],[-51.092356,-30.023684],[-51.08992,-30.024396],[-51.089775,-30.024731],[-51.087665,-30.025459],[-51.086142,-30.025296]]]}},{"type":"Feature","properties":{"id":"1431490200287","name":"Mário Quintana : Timbaúva I, II e III / Wenceslau Fontoura","city":"4314902","ivs":0.343,"idhm":0.61,"income":414.6,"cnes":1},"geometry":{"type":"Polygon","coordinates":[[[-51.087064,-30.022086],[-51.087711,-30.023296],[-51.088584,-30.023501],[-51.089743,-30.023338],[-51.089694,-30.02414],[-51.091351,-30.0234],[-51.091391,-30.023876],[-51.097457,-30.02349],[-51.098059,-30.025221],[-51.098197,-30.027207],[-51.099647,-30.027496],[-51.100992,-30.028554],[-51.102494,-30.028488],[-51.101245,-30.02804],[-51.101128,-30.026142],[-51.100594,-30.025421],[-51.099863,-30.024961],[-51.099719,-30.023438],[-51.100295,-30.019438],[-51.097702,-30.019366],[-51.097823,-30.020953],[-51.095395,-30.020928],[-51.094339,-30.021713],[-51.092572,-30.020734],[-51.092859,-30.019161],[-51.091874,-30.018679],[-51.091837,-30.018419],[-51.093194,-30.017278],[-51.092321,-30.017738],[-51.09133,-30.017345],[-51.090548,-30.017446],[-51.090447,-30.018034],[-51.089779,-30.01803],[-51.089387,-30.017774],[-51.088391,-30.018553],[-51.088514,-30.019577],[-51.088031,-30.021315],[-51.087418,-30.021524],[-51.087064,-30.022086]]]}},{"type":"Feature","properties":{"id":"1431490200288","name":"Mário Quintana : Vila Safira / Safira Nova / Batista Flores","city":"4314902","ivs":0.351,"idhm":0.615,"income":417.1,"cnes":2},"geometry":{"type":"Polygon","coordinates":[[[-51.084772,-30.046074],[-51.085581,-30.046448],[-51.089659,-30.046238],[-51.091133,-30.0467],[-51.092472,-30.047459],[-51.092838,-30.042865],[-51.093086,-30.042517],[-51.092812,-30.042279],[-51.092406,-30.034769],[-51.096097,-30.034875],[-51.096453,-30.041492],[-51.098174,-30.041381],[-51.099619,-30.046188],[-51.101444,-30.04621],[-51.102791,-30.045544],[-51.103169,-30.045059],[-51.10359,-30.042799],[-51.104194,-30.041987],[-51.104536,-30.04186],[-51.104575,-30.037594],[-51.107502,-30.037847],[-51.106132,-30.035387],[-51.104949,-30.035581],[-51.104266,-30.032637],[-51.105374,-30.032468],[-51.105783,-30.034305],[-51.10652,-30.034177],[-51.106227,-30.031401],[-51.103477,-30.032081],[-51.103134,-30.031521],[-51.103508,-30.030834],[-51.103263,-30.030631],[-51.101948,-30.031822],[-51.100797,-30.032268],[-51.100095,-30.032236],[-51.099014,-30.032973],[-51.089806,-30.033754],[-51.090273,-30.034303],[-51.089805,-30.034692],[-51.08948,-30.035846],[-51.088723,-30.036279],[-51.087901,-30.03731],[-51.086733,-30.037988],[-51.086762,-30.038298],[-51.08731,-30.038745],[-51.087007,-30.039444],[-51.087432,-30.039762],[-51.087822,-30.041016],[-51.087248,-30.041943],[-51.086217,-30.04566],[-51.085539,-30.045585],[-51.084772,-30.046074]]]}},{"type":"Feature","properties":{"id":"1431490200289","name":"Mário Quintana : Loteamento Parque das Orquídeas / Vilas Mimo de Vênus / Athenis / Jardim Protásio Alves II","city":"4314902","ivs":0.35,"idhm":0.615,"income":417.1,"cnes":0},"geometry":{"type":"Polygon","coordinates":[[[-51.104993,-30.03843],[-51.105038,-30.041182],[-51.106506,-30.041059],[-51.107819,-30.040593],[-51.108069,-30.0411],[-51.109276,-30.040635],[-51.111705,-30.038996],[-51.11249,-30.038671],[-51.11409,-30.038542],[-51.113683,-30.033703],[-51.111549,-30.033892],[-51.111226,-30.031007],[-51.107323,-30.031257],[-51.10633,-30.03081],[-51.106235,-30.032367],[-51.10651,-30.034132],[-51.106773,-30.03526],[-51.107842,-30.037032],[-51.107775,-30.037636],[-51.107502,-30.037847],[-51.107959,-30.038587],[-51.104993,-30.03843]]]}},{"type":"Feature","properties":{"id":"1431490200290","name":"Mário Quintana : Safira Nova","city":"4314902","ivs":0.296,"idhm":0.719,"income":623.38,"cnes":1},"geometry":{"type":"MultiPolygon","coordinates":[[[[-51.107502,-30.037847],[-51.104575,-30.037594],[-51.104536,-30.04186],[-51.108069,-30.0411],[-51.107819,-30.040593],[-51.106506,-30.041059],[-51.105038,-30.041182],[-51.104993,-30.03843],[-51.107959,-30.038587],[-51.107502,-30.037847]]],[[[-51.107502,-30.037847],[-51.107775,-30.037636],[-51.107842,-30.037032],[-51.106773,-30.03526],[-51.10652,-30.034177],[-51.105783,-30.034305],[-51.105374,-30.032468],[-51.104266,-30.032637],[-51.104949,-30.035581],[-51.106132,-30.035387],[-51.107502,-30.037847]]]]}},{"type":"Feature","properties":{"id":"1431490200291","name":"Mário Quintana : Batista Flores","city":"4314902","ivs":0.299,"idhm":0.681,"income":610.25,"cnes":4},"geometry":{"type":"Polygon","coordinates":[[[-51.103134,-30.031521],[-51.103477,-30.032081],[-51.106227,-30.031401],[-51.10633,-30.03081],[-51.107323,-30.031257],[-51.111226,-30.031007],[-51.11118,-30.030601],[-51.110752,-30.030652],[-51.110673,-30.030221],[-51.10911,-30.030326],[-51.108854,-30.026215],[-51.107981,-30.02632],[-51.107942,-30.027352],[-51.107179,-30.028807],[-51.105772,-30.028225],[-51.104944,-30.030012],[-51.103915,-30.030087],[-51.103388,-30.030483],[-51.103263,-30.030631],[-51.103508,-30.030834],[-51.103134,-30.031521]]]}},{"type":"Feature","properties":{"id":"1431490200292","name":"Mário Quintana : Condomínio Amizade / Cooperativa Renascer / Rossi Empreendimentos / Residencial Machado","city":"4314902","ivs":0.299,"idhm":0.724,"income":709.69,"cnes":2},"geometry":{"type":"MultiPolygon","coordinates":[[[[-51.113683,-30.033703],[-51.11342,-30.030866],[-51.111226,-30.031007],[-51.111549,-30.033892],[-51.113683,-30.033703]]],[[[-51.113683,-30.033703],[-51.11409,-30.038542],[-51.118156,-30.03823],[-51.122478,-30.039076],[-51.121445,-30.033357],[-51.120598,-30.033396],[-51.120862,-30.035596],[-51.118619,-30.035713],[-51.118395,-30.033498],[-51.113683,-30.033703]]]]}},{"type":"Feature","properties":{"id":"1431490200293","name":"Mário Quintana : Vilas João Goulart / Santana II / Eucaliptos / Mutirão / Chico Mendes / Valneri Antunes / Jardim Leopoldina III","city":"4314902","ivs":0.382,"idhm":0.618,"income":400.1,"cnes":1},"geometry":{"type":"Polygon","coordinates":[[[-51.108939,-30.026884],[-51.10911,-30.030326],[-51.110673,-30.030221],[-51.110752,-30.030652],[-51.11118,-30.030601],[-51.111226,-30.031007],[-51.11342,-30.030866],[-51.113683,-30.033703],[-51.118395,-30.033498],[-51.118619,-30.035713],[-51.120862,-30.035596],[-51.120598,-30.033396],[-51.121445,-30.033357],[-51.120261,-30.026016],[-51.114373,-30.026401],[-51.114339,-30.026003],[-51.113567,-30.026045],[-51.113371,-30.023791],[-51.110073,-30.024005],[-51.110322,-30.026801],[-51.108939,-30.026884]]]}},{"type":"Feature","properties":{"id":"1431490200294","name":"Restinga : Vale do Salso","city":"4314902","ivs":0.407,"idhm":0.593,"income":385.91,"cnes":0},"geometry":{"type":"Polygon","coordinates":[[[-51.153072,-30.148232],[-51.153769,-30.14957],[-51.154771,-30.149918],[-51.155568,-30.149795],[-51.15792,-30.147523],[-51.158408,-30.146713],[-51.156473,-30.146836],[-51.154656,-30.147264],[-51.154657,-30.147952],[-51.153841,-30.148075],[-51.153468,-30.147853],[-51.153072,-30.148232]]]}},{"type":"Feature","properties":{"id":"1431490200295","name":"Restinga : Restinga Nova / Ignes Fagundes","city":"4314902","ivs":0.235,"idhm":0.736,"income":818.43,"cnes":13},"geometry":{"type":"Polygon","coordinates":[[[-51.142295,-30.146933],[-51.14288,-30.147923],[-51.144504,-30.147803],[-51.144543,-30.148277],[-51.146314,-30.151608],[-51.14737,-30.152339],[-51.147853,-30.151628],[-51.14949,-30.150785],[-51.149782,-30.151098],[-51.150294,-30.150827],[-51.150602,-30.150127],[-51.152934,-30.149186],[-51.152489,-30.148173],[-51.153069,-30.147856],[-51.152397,-30.147199],[-51.143522,-30.146591],[-51.142295,-30.146933]]]}},{"type":"Feature","properties":{"id":"1431490200296","name":"Restinga : Restinga Nova ( 1ª Unidade )","city":"4314902","ivs":0.296,"idhm":0.681,"income":610.25,"cnes":6},"geometry":{"type":"Polygon","coordinates":[[[-51.13555,-30.150248],[-51.137541,-30.152172],[-51.135838,-30.153722],[-51.139279,-30.155141],[-51.142338,-30.152211],[-51.142858,-30.152007],[-51.140152,-30.147998],[-51.13555,-30.150248]]]}},{"type":"Feature","properties":{"id":"1431490200297","name":"Restinga : Restinga Nova ( 3ª Unidade ) / Distrito Industrial","city":"4314902","ivs":0.239,"idhm":0.688,"income":662.53,"cnes":8},"geometry":{"type":"Polygon","coordinates":[[[-51.126057,-30.142963],[-51.127119,-30.143166],[-51.128064,-30.143985],[-51.128837,-30.145299],[-51.129918,-30.14616],[-51.130826,-30.14729],[-51.132816,-30.1506],[-51.133922,-30.151682],[-51.13494,-30.152233],[-51.135838,-30.153722],[-51.137541,-30.152172],[-51.13555,-30.150248],[-51.140152,-30.147998],[-51.142858,-30.152007],[-51.144182,-30.151452],[-51.14468,-30.152305],[-51.146314,-30.151608],[-51.144543,-30.148277],[-51.144504,-30.147803],[-51.14288,-30.147923],[-51.142295,-30.146933],[-51.141864,-30.147147],[-51.140806,-30.145688],[-51.135423,-30.135733],[-51.131077,-30.137536],[-51.129159,-30.137198],[-51.1276,-30.13838],[-51.126057,-30.142963]]]}},{"type":"Feature","properties":{"id":"1431490200298","name":"Chapéu do Sol : Becos Pradinho / Nestlé / Sabino","city":"4314902","ivs":0.371,"idhm":0.646,"income":489.26,"cnes":2},"geometry":{"type":"Polygon","coordinates":[[[-51.139984,-30.183932],[-51.142133,-30.183832],[-51.14336,-30.184282],[-51.146137,-30.184383],[-51.148672,-30.185457],[-51.149953,-30.186485],[-51.151839,-30.187056],[-51.154438,-30.186868],[-51.156766,-30.186993],[-51.157941,-30.18757],[-51.159368,-30.189488],[-51.161042,-30.188216],[-51.161401,-30.187637],[-51.162329,-30.184261],[-51.162844,-30.183327],[-51.166272,-30.179084],[-51.166684,-30.178782],[-51.168457,-30.178537],[-51.172008,-30.177444],[-51.172381,-30.177513],[-51.172938,-30.17815],[-51.17358,-30.177714],[-51.174415,-30.177777],[-51.174491,-30.177243],[-51.175604,-30.177231],[-51.175939,-30.175606],[-51.176438,-30.175714],[-51.176659,-30.17501],[-51.179974,-30.171716],[-51.182059,-30.167135],[-51.183441,-30.16341],[-51.183395,-30.162535],[-51.176431,-30.164951],[-51.160116,-30.160733],[-51.159617,-30.161852],[-51.157174,-30.162879],[-51.15585,-30.163837],[-51.154944,-30.166755],[-51.154145,-30.168087],[-51.150115,-30.171547],[-51.146021,-30.176017],[-51.143111,-30.178699],[-51.14206,-30.180448],[-51.141717,-30.182405],[-51.141105,-30.183309],[-51.139984,-30.183932]]]}},{"type":"Feature","properties":{"id":"1431490200299","name":"Restinga : Restinga Velha / Castelo Pedroso","city":"4314902","ivs":0.368,"idhm":0.646,"income":489.26,"cnes":0},"geometry":{"type":"Polygon","coordinates":[[[-51.125638,-30.149652],[-51.127739,-30.153223],[-51.132034,-30.151558],[-51.132018,-30.151174],[-51.133023,-30.150807],[-51.130968,-30.147533],[-51.125638,-30.149652]]]}},{"type":"Feature","properties":{"id":"1431490200300","name":"Belém Novo ( bairro )","city":"4314902","ivs":0.296,"idhm":0.719,"income":623.38,"cnes":0},"geometry":{"type":"Polygon","coordinates":[[[-51.176079,-30.179001],[-51.184356,-30.188155],[-51.1908,-30.190175],[-51.195679,-30.186399],[-51.197728,-30.185566],[-51.194056,-30.184303],[-51.185681,-30.180715],[-51.178516,-30.179252],[-51.176079,-30.179001]]]}},{"type":"Feature","properties":{"id":"1431490200301","name":"Restinga : Restinga Velha / Elo Perdido","city":"4314902","ivs":0.38,"idhm":0.618,"income":400.1,"cnes":1},"geometry":{"type":"Polygon","coordinates":[[[-51.114504,-30.170161],[-51.138094,-30.168657],[-51.135835,-30.165928],[-51.134985,-30.165328],[-51.134934,-30.164073],[-51.134607,-30.164168],[-51.133999,-30.16364],[-51.135346,-30.162858],[-51.137218,-30.162635],[-51.140169,-30.163944],[-51.141549,-30.163762],[-51.141398,-30.163293],[-51.140649,-30.163382],[-51.140921,-30.162874],[-51.139652,-30.162303],[-51.139937,-30.161835],[-51.138163,-30.161266],[-51.136194,-30.160229],[-51.136826,-30.159158],[-51.134568,-30.158001],[-51.134391,-30.158172],[-51.133404,-30.157755],[-51.133605,-30.157421],[-51.132074,-30.155831],[-51.128433,-30.157265],[-51.127553,-30.155725],[-51.130409,-30.153668],[-51.129644,-30.152484],[-51.127739,-30.153223],[-51.125638,-30.149652],[-51.12774,-30.148817],[-51.124441,-30.146489],[-51.114504,-30.170161]]]}},{"type":"Feature","properties":{"id":"1431490200302","name":"Teresópolis : Asmobane","city":"4314902","ivs":0.17,"idhm":0.816,"income":1108.86,"cnes":1},"geometry":{"type":"Polygon","coordinates":[[[-51.211518,-30.078761],[-51.211824,-30.079999],[-51.21277,-30.081061],[-51.213805,-30.079953],[-51.214717,-30.077063],[-51.212676,-30.076552],[-51.211518,-30.078761]]]}},{"type":"Feature","properties":{"id":"1431490200303","name":"Teresópolis : Vila Silva Paes","city":"4314902","ivs":0.381,"idhm":0.618,"income":400.1,"cnes":0},"geometry":{"type":"Polygon","coordinates":[[[-51.208825,-30.072246],[-51.208953,-30.072804],[-51.209497,-30.072281],[-51.211117,-30.071794],[-51.2114,-30.070936],[-51.209853,-30.071761],[-51.209226,-30.071752],[-51.208825,-30.072246]]]}},{"type":"Feature","properties":{"id":"1431490200304","name":"Teresópolis : Estrada dos Alpes","city":"4314902","ivs":0.285,"idhm":0.761,"income":899.92,"cnes":1},"geometry":{"type":"Polygon","coordinates":[[[-51.192832,-30.093805],[-51.193077,-30.094364],[-51.19479,-30.092819],[-51.195907,-30.091494],[-51.197395,-30.088066],[-51.199487,-30.085942],[-51.200937,-30.08633],[-51.203342,-30.086351],[-51.205442,-30.085844],[-51.207582,-30.084257],[-51.208194,-30.084253],[-51.207515,-30.083588],[-51.205867,-30.084745],[-51.203508,-30.085025],[-51.201769,-30.085503],[-51.200302,-30.085431],[-51.199579,-30.084839],[-51.199012,-30.085158],[-51.196839,-30.086899],[-51.196019,-30.088512],[-51.194942,-30.091607],[-51.192832,-30.093805]]]}},{"type":"Feature","properties":{"id":"1431490200305","name":"Teresópolis ( bairro )","city":"4314902","ivs":0.08,"idhm":0.883,"income":2185.42,"cnes":28},"geometry":{"type":"Polygon","coordinates":[[[-51.192234,-30.101959],[-51.209188,-30.099646],[-51.208714,-30.098049],[-51.207311,-30.098023],[-51.205643,-30.096638],[-51.203228,-30.096701],[-51.203159,-30.095734],[-51.201783,-30.093465],[-51.201639,-30.092827],[-51.201878,-30.092226],[-51.201285,-30.091395],[-51.202225,-30.090285],[-51.202431,-30.08899],[-51.203025,-30.089989],[-51.204349,-30.088749],[-51.204458,-30.088386],[-51.204171,-30.087819],[-51.204675,-30.087627],[-51.204875,-30.087847],[-51.205459,-30.087789],[-51.2054,-30.087355],[-51.204926,-30.086811],[-51.206714,-30.086742],[-51.20696,-30.086941],[-51.208343,-30.085856],[-51.208621,-30.08614],[-51.208521,-30.086638],[-51.210118,-30.085693],[-51.211185,-30.08469],[-51.211217,-30.084199],[-51.213007,-30.082481],[-51.213658,-30.082913],[-51.214492,-30.082004],[-51.215818,-30.082988],[-51.216849,-30.081983],[-51.213852,-30.079839],[-51.21277,-30.081061],[-51.211824,-30.079999],[-51.211518,-30.078761],[-51.212676,-30.076552],[-51.214717,-30.077063],[-51.214885,-30.075381],[-51.214802,-30.074899],[-51.21318,-30.074366],[-51.210553,-30.072757],[-51.211117,-30.071794],[-51.209497,-30.072281],[-51.208953,-30.072804],[-51.2091,-30.073873],[-51.208182,-30.075883],[-51.208256,-30.077374],[-51.203159,-30.079564],[-51.197707,-30.082955],[-51.198076,-30.084409],[-51.199106,-30.084603],[-51.200693,-30.085482],[-51.201769,-30.085503],[-51.203508,-30.085025],[-51.205867,-30.084745],[-51.207515,-30.083588],[-51.208194,-30.084253],[-51.207582,-30.084257],[-51.205442,-30.085844],[-51.203342,-30.086351],[-51.200937,-30.08633],[-51.199487,-30.085942],[-51.198503,-30.086804],[-51.197395,-30.088066],[-51.195907,-30.091494],[-51.193077,-30.094364],[-51.192731,-30.098979],[-51.192234,-30.101959]],[[-51.197961,-30.082976],[-51.201901,-30.080439],[-51.202798,-30.081119],[-51.202372,-30.081454],[-51.203813,-30.082962],[-51.204296,-30.082714],[-51.204822,-30.082973],[-51.205717,-30.082303],[-51.207285,-30.083588],[-51.205765,-30.084582],[-51.2009,-30.085307],[-51.200346,-30.085246],[-51.199563,-30.084616],[-51.198295,-30.084308],[-51.197961,-30.082976]]]}},{"type":"Feature","properties":{"id":"1431490200306","name":"Teresópolis : Vila Gabriel Obino","city":"4314902","ivs":0.357,"idhm":0.643,"income":499.5,"cnes":0},"geometry":{"type":"Polygon","coordinates":[[[-51.197961,-30.082976],[-51.198295,-30.084308],[-51.199563,-30.084616],[-51.200346,-30.085246],[-51.2009,-30.085307],[-51.205765,-30.084582],[-51.207285,-30.083588],[-51.205717,-30.082303],[-51.204822,-30.082973],[-51.204296,-30.082714],[-51.203813,-30.082962],[-51.202372,-30.081454],[-51.202798,-30.081119],[-51.201901,-30.080439],[-51.197961,-30.082976]]]}},{"type":"Feature","properties":{"id":"1431490200307","name":"Camaquã : Bazílio Pellin Filho / Jardim Camaquã","city":"4314902","ivs":0.235,"idhm":0.736,"income":818.43,"cnes":2},"geometry":{"type":"Polygon","coordinates":[[[-51.230369,-30.113611],[-51.231913,-30.11425],[-51.232686,-30.11223],[-51.233211,-30.11266],[-51.236211,-30.113676],[-51.23531,-30.115374],[-51.241102,-30.117325],[-51.242412,-30.114478],[-51.239783,-30.113553],[-51.24027,-30.112484],[-51.237533,-30.111482],[-51.23812,-30.110288],[-51.235345,-30.109257],[-51.23476,-30.110477],[-51.232125,-30.109508],[-51.231671,-30.110505],[-51.23237,-30.110741],[-51.232219,-30.111485],[-51.231655,-30.112499],[-51.230872,-30.11229],[-51.230369,-30.113611]]]}},{"type":"Feature","properties":{"id":"1431490200308","name":"Cavalhada : Jardim das Palmeiras","city":"4314902","ivs":0.218,"idhm":0.816,"income":1244.93,"cnes":0},"geometry":{"type":"Polygon","coordinates":[[[-51.226881,-30.11254],[-51.227938,-30.112631],[-51.229489,-30.113265],[-51.228558,-30.115331],[-51.230152,-30.115879],[-51.231303,-30.11591],[-51.231913,-30.11425],[-51.230369,-30.113611],[-51.230872,-30.11229],[-51.231655,-30.112499],[-51.232219,-30.111482],[-51.227092,-30.10962],[-51.226881,-30.11254]]]}},{"type":"Feature","properties":{"id":"1431490200309","name":"Cavalhada : Cidade de Deus","city":"4314902","ivs":0.236,"idhm":0.688,"income":662.53,"cnes":0},"geometry":{"type":"Polygon","coordinates":[[[-51.226267,-30.114549],[-51.228558,-30.115331],[-51.229489,-30.113265],[-51.227938,-30.112631],[-51.226881,-30.11254],[-51.226267,-30.114549]]]}},{"type":"Feature","properties":{"id":"1431490200310","name":"Cavalhada ( bairro )","city":"4314902","ivs":0.092,"idhm":0.845,"income":1451.48,"cnes":29},"geometry":{"type":"Polygon","coordinates":[[[-51.225805,-30.101471],[-51.227691,-30.101829],[-51.227947,-30.101211],[-51.228713,-30.101472],[-51.228229,-30.102605],[-51.227816,-30.102993],[-51.228122,-30.104042],[-51.227127,-30.106946],[-51.22765,-30.107895],[-51.227178,-30.108832],[-51.227092,-30.10962],[-51.232219,-30.111482],[-51.23237,-30.110741],[-51.231671,-30.110505],[-51.233718,-30.106106],[-51.232781,-30.105763],[-51.235996,-30.098464],[-51.232472,-30.097593],[-51.231807,-30.09873],[-51.231383,-30.097845],[-51.228327,-30.097203],[-51.227184,-30.101012],[-51.225902,-30.100917],[-51.225805,-30.101471]]]}},{"type":"Feature","properties":{"id":"1431490200311","name":"Cavalhada : Loteamento Cavalhada","city":"4314902","ivs":0.378,"idhm":0.654,"income":544.22,"cnes":1},"geometry":{"type":"Polygon","coordinates":[[[-51.225134,-30.116898],[-51.226253,-30.117653],[-51.228252,-30.117481],[-51.228377,-30.117064],[-51.227896,-30.116919],[-51.228558,-30.115331],[-51.226267,-30.114549],[-51.225134,-30.116898]]]}},{"type":"Feature","properties":{"id":"1431490200312","name":"Cavalhada : Av. Vicente Monteggia","city":"4314902","ivs":0.245,"idhm":0.781,"income":1012.04,"cnes":13},"geometry":{"type":"Polygon","coordinates":[[[-51.222245,-30.107391],[-51.224499,-30.107977],[-51.226249,-30.106941],[-51.227209,-30.106901],[-51.228122,-30.104042],[-51.227816,-30.102993],[-51.228229,-30.102605],[-51.228713,-30.101472],[-51.227947,-30.101211],[-51.227691,-30.101829],[-51.225805,-30.101471],[-51.225902,-30.100917],[-51.227184,-30.101012],[-51.228327,-30.097203],[-51.227353,-30.096748],[-51.225752,-30.095452],[-51.224863,-30.097354],[-51.225572,-30.099271],[-51.225442,-30.100247],[-51.223893,-30.101965],[-51.223277,-30.103405],[-51.222245,-30.107391]]]}},{"type":"Feature","properties":{"id":"1431490200313","name":"Cavalhada : Vila Santa Efigênia","city":"4314902","ivs":0.229,"idhm":0.714,"income":727.98,"cnes":4},"geometry":{"type":"Polygon","coordinates":[[[-51.218835,-30.110928],[-51.220617,-30.110025],[-51.221942,-30.110196],[-51.225068,-30.109635],[-51.225373,-30.110245],[-51.22587,-30.110541],[-51.227045,-30.110784],[-51.227115,-30.109096],[-51.22765,-30.107895],[-51.227127,-30.106946],[-51.226249,-30.106941],[-51.224499,-30.107977],[-51.222245,-30.107391],[-51.220076,-30.109403],[-51.218835,-30.110928]]]}},{"type":"Feature","properties":{"id":"1431490200314","name":"Campo Novo ( bairro )","city":"4314902","ivs":0.307,"idhm":0.735,"income":846.68,"cnes":3},"geometry":{"type":"Polygon","coordinates":[[[-51.172377,-30.137667],[-51.172901,-30.138904],[-51.174383,-30.140032],[-51.175168,-30.141605],[-51.175552,-30.143563],[-51.176085,-30.144733],[-51.176223,-30.145846],[-51.175166,-30.148456],[-51.175018,-30.15054],[-51.175671,-30.151001],[-51.177222,-30.151403],[-51.18044,-30.145876],[-51.183164,-30.143775],[-51.184765,-30.14168],[-51.185062,-30.139912],[-51.187137,-30.135522],[-51.188754,-30.134045],[-51.18926,-30.133181],[-51.190352,-30.132505],[-51.195177,-30.13811],[-51.196755,-30.14031],[-51.196645,-30.140764],[-51.198531,-30.139513],[-51.198976,-30.140452],[-51.203325,-30.139024],[-51.206102,-30.142692],[-51.20825,-30.143336],[-51.206233,-30.143896],[-51.206127,-30.144219],[-51.207342,-30.144394],[-51.208889,-30.143847],[-51.20288,-30.133249],[-51.206462,-30.130925],[-51.206207,-30.130635],[-51.203258,-30.129754],[-51.202733,-30.129115],[-51.201993,-30.128819],[-51.202539,-30.124095],[-51.200544,-30.123754],[-51.200833,-30.122823],[-51.202541,-30.124071],[-51.20267,-30.122925],[-51.199399,-30.12245],[-51.201085,-30.118773],[-51.200259,-30.119001],[-51.198221,-30.118891],[-51.196422,-30.121319],[-51.19559,-30.122053],[-51.192803,-30.122773],[-51.192964,-30.12453],[-51.189745,-30.124591],[-51.188062,-30.125253],[-51.185063,-30.125571],[-51.183378,-30.126194],[-51.180719,-30.128917],[-51.176773,-30.132366],[-51.175946,-30.13358],[-51.175534,-30.135131],[-51.174748,-30.136128],[-51.173886,-30.136994],[-51.172377,-30.137667]]]}},{"type":"Feature","properties":{"id":"1431490200315","name":"Campo Novo : Vila Chapatral","city":"4314902","ivs":0.379,"idhm":0.654,"income":544.22,"cnes":0},"geometry":{"type":"Polygon","coordinates":[[[-51.201993,-30.128819],[-51.202733,-30.129115],[-51.203258,-30.129754],[-51.204355,-30.130139],[-51.205084,-30.128847],[-51.204607,-30.128653],[-51.204731,-30.127881],[-51.203549,-30.128072],[-51.203045,-30.12776],[-51.203078,-30.126848],[-51.202264,-30.126714],[-51.201993,-30.128819]]]}},{"type":"Feature","properties":{"id":"1431490200316","name":"Nonoai : Morro Teresópolis","city":"4314902","ivs":0.08,"idhm":0.883,"income":2185.42,"cnes":22},"geometry":{"type":"Polygon","coordinates":[[[-51.209188,-30.099646],[-51.218204,-30.099849],[-51.225223,-30.098428],[-51.224863,-30.097354],[-51.225752,-30.095452],[-51.227709,-30.09695],[-51.23101,-30.097751],[-51.2314,-30.096182],[-51.230903,-30.094932],[-51.232311,-30.094529],[-51.231084,-30.091618],[-51.23043,-30.090928],[-51.228075,-30.089941],[-51.221815,-30.088522],[-51.219859,-30.091206],[-51.220137,-30.091456],[-51.218601,-30.092196],[-51.218248,-30.092082],[-51.218112,-30.091233],[-51.216999,-30.089927],[-51.214673,-30.093899],[-51.209188,-30.099646]]]}},{"type":"Feature","properties":{"id":"1431490200317","name":"Nonoai : Vila Vicente Monteggia","city":"4314902","ivs":0.284,"idhm":0.761,"income":899.92,"cnes":1},"geometry":{"type":"Polygon","coordinates":[[[-51.209188,-30.099646],[-51.209364,-30.100024],[-51.212128,-30.102371],[-51.212195,-30.10301],[-51.212859,-30.103364],[-51.220469,-30.103563],[-51.222966,-30.104923],[-51.223277,-30.103405],[-51.223893,-30.101965],[-51.225442,-30.100247],[-51.225606,-30.099672],[-51.225223,-30.098428],[-51.218204,-30.099849],[-51.209188,-30.099646]]]}},{"type":"Feature","properties":{"id":"1431490200318","name":"Nonoai : Cachoeira","city":"4314902","ivs":0.244,"idhm":0.781,"income":1012.04,"cnes":1},"geometry":{"type":"Polygon","coordinates":[[[-51.217596,-30.085386],[-51.219122,-30.086994],[-51.217722,-30.088939],[-51.219859,-30.091206],[-51.221815,-30.088522],[-51.220358,-30.087691],[-51.221929,-30.085612],[-51.222524,-30.086028],[-51.224309,-30.084261],[-51.222505,-30.082876],[-51.220748,-30.084757],[-51.219254,-30.083696],[-51.217596,-30.085386]]]}},{"type":"Feature","properties":{"id":"1431490200319","name":"Nonoai : Dario Totta","city":"4314902","ivs":0.092,"idhm":0.845,"income":1451.48,"cnes":5},"geometry":{"type":"Polygon","coordinates":[[[-51.213658,-30.082913],[-51.213909,-30.084002],[-51.214653,-30.085244],[-51.216448,-30.087672],[-51.217722,-30.088939],[-51.219122,-30.086994],[-51.217596,-30.085386],[-51.219254,-30.083696],[-51.216849,-30.081983],[-51.215818,-30.082988],[-51.214492,-30.082004],[-51.213658,-30.082913]]]}},{"type":"Feature","properties":{"id":"1431490200320","name":"Nonoai ( bairro )","city":"4314902","ivs":0.126,"idhm":0.846,"income":1515.14,"cnes":7},"geometry":{"type":"Polygon","coordinates":[[[-51.209337,-30.087129],[-51.209736,-30.088803],[-51.210498,-30.089274],[-51.209747,-30.090341],[-51.212553,-30.091789],[-51.213612,-30.091902],[-51.21538,-30.092699],[-51.216999,-30.089927],[-51.218112,-30.091233],[-51.218248,-30.092082],[-51.218601,-30.092196],[-51.220137,-30.091456],[-51.215597,-30.086642],[-51.214087,-30.084379],[-51.213658,-30.082913],[-51.21304,-30.0825],[-51.213026,-30.084113],[-51.211985,-30.084554],[-51.211452,-30.085321],[-51.209337,-30.087129]]]}},{"type":"Feature","properties":{"id":"1431490200321","name":"Nonoai : Chácara Sperb / Alto Erechim","city":"4314902","ivs":0.373,"idhm":0.646,"income":489.26,"cnes":0},"geometry":{"type":"Polygon","coordinates":[[[-51.202741,-30.091819],[-51.2032,-30.092237],[-51.20583,-30.092729],[-51.206845,-30.093268],[-51.206716,-30.094034],[-51.206329,-30.09414],[-51.203064,-30.093639],[-51.203968,-30.09487],[-51.204626,-30.096664],[-51.205643,-30.096638],[-51.207564,-30.098117],[-51.208714,-30.098049],[-51.209188,-30.099646],[-51.214673,-30.093899],[-51.21538,-30.092699],[-51.213612,-30.091902],[-51.212553,-30.091789],[-51.209747,-30.090341],[-51.208926,-30.090771],[-51.208218,-30.091551],[-51.206242,-30.090145],[-51.206912,-30.089463],[-51.205562,-30.088392],[-51.205476,-30.08971],[-51.203103,-30.091333],[-51.202741,-30.091819]]]}},{"type":"Feature","properties":{"id":"1431490200322","name":"Belém Novo : Juca Batista / Melo Guimarães / Flores da Cunha / Nossa Senhora de Belém / Linguiça / Trip","city":"4314902","ivs":0.213,"idhm":0.808,"income":1220.08,"cnes":9},"geometry":{"type":"Polygon","coordinates":[[[-51.174622,-30.189703],[-51.178292,-30.199094],[-51.179001,-30.202207],[-51.178969,-30.205859],[-51.17988,-30.207224],[-51.175995,-30.209414],[-51.178862,-30.211522],[-51.181583,-30.210096],[-51.182259,-30.211653],[-51.181342,-30.211994],[-51.179403,-30.213861],[-51.18081,-30.214812],[-51.181518,-30.214729],[-51.182578,-30.21343],[-51.187799,-30.211841],[-51.19298,-30.214232],[-51.197012,-30.213256],[-51.199508,-30.211012],[-51.199792,-30.20985],[-51.195221,-30.207737],[-51.194209,-30.199986],[-51.196872,-30.19613],[-51.197988,-30.195803],[-51.198024,-30.195572],[-51.194386,-30.1934],[-51.19167,-30.191255],[-51.1908,-30.190175],[-51.184356,-30.188155],[-51.176079,-30.179001],[-51.175648,-30.182586],[-51.174792,-30.185805],[-51.174622,-30.189703]]]}},{"type":"Feature","properties":{"id":"1431490200323","name":"Nonoai : Teresópolis","city":"4314902","ivs":0.223,"idhm":0.878,"income":2152.15,"cnes":3},"geometry":{"type":"Polygon","coordinates":[[[-51.201285,-30.091395],[-51.201878,-30.092226],[-51.201639,-30.092827],[-51.201783,-30.093465],[-51.203159,-30.095734],[-51.203228,-30.096701],[-51.204626,-30.096664],[-51.203968,-30.09487],[-51.203064,-30.093639],[-51.206329,-30.09414],[-51.206716,-30.094034],[-51.206845,-30.093268],[-51.20583,-30.092729],[-51.2032,-30.092237],[-51.202741,-30.091819],[-51.202861,-30.091551],[-51.205476,-30.08971],[-51.205562,-30.088392],[-51.206912,-30.089463],[-51.206242,-30.090145],[-51.208218,-30.091551],[-51.208926,-30.090771],[-51.209747,-30.090341],[-51.210498,-30.089274],[-51.209736,-30.088803],[-51.209337,-30.087129],[-51.211452,-30.085321],[-51.211985,-30.084554],[-51.213026,-30.084113],[-51.21304,-30.0825],[-51.211217,-30.084199],[-51.211185,-30.08469],[-51.209614,-30.086145],[-51.208521,-30.086638],[-51.208621,-30.08614],[-51.208343,-30.085856],[-51.20696,-30.086941],[-51.206714,-30.086742],[-51.204926,-30.086811],[-51.2054,-30.087355],[-51.205459,-30.087789],[-51.204875,-30.087847],[-51.204675,-30.087627],[-51.204171,-30.087819],[-51.204458,-30.088386],[-51.204349,-30.088749],[-51.203025,-30.089989],[-51.202431,-30.08899],[-51.202225,-30.090285],[-51.201285,-30.091395]]]}},{"type":"Feature","properties":{"id":"1431490200324","name":"Nonoai : Beco do Sorrisso / Menezes Paredes","city":"4314902","ivs":0.238,"idhm":0.688,"income":662.53,"cnes":1},"geometry":{"type":"Polygon","coordinates":[[[-51.220358,-30.087691],[-51.222184,-30.088732],[-51.226233,-30.089442],[-51.227016,-30.088312],[-51.224781,-30.087619],[-51.221929,-30.085612],[-51.220358,-30.087691]]]}},{"type":"Feature","properties":{"id":"1431490200325","name":"Vila Nova : Condomínio Cristal / Sócio ambiental","city":"4314902","ivs":0.408,"idhm":0.593,"income":385.91,"cnes":0},"geometry":{"type":"Polygon","coordinates":[[[-51.203045,-30.12776],[-51.203549,-30.128072],[-51.204731,-30.127881],[-51.204573,-30.128537],[-51.204927,-30.128775],[-51.205852,-30.126809],[-51.203328,-30.126441],[-51.203261,-30.126878],[-51.203078,-30.126848],[-51.203045,-30.12776]]]}},{"type":"Feature","properties":{"id":"1431490200326","name":"Lageado : São Caetano / Jardim Europa (Extrema) / Canta Galo / Varejão / Quirinas","city":"4314902","ivs":0.301,"idhm":0.681,"income":610.25,"cnes":0},"geometry":{"type":"Polygon","coordinates":[[[-51.011942,-30.198931],[-51.01571,-30.201821],[-51.015927,-30.203258],[-51.016454,-30.204151],[-51.018468,-30.204866],[-51.019858,-30.206988],[-51.025794,-30.211183],[-51.027168,-30.213405],[-51.031709,-30.217361],[-51.036041,-30.219176],[-51.040549,-30.219059],[-51.042786,-30.221671],[-51.046448,-30.223663],[-51.051967,-30.230399],[-51.052677,-30.229806],[-51.05575,-30.229149],[-51.059247,-30.232012],[-51.06025,-30.232222],[-51.064336,-30.229931],[-51.067352,-30.229017],[-51.070664,-30.227355],[-51.07499,-30.225624],[-51.073541,-30.224405],[-51.073185,-30.222885],[-51.070925,-30.218864],[-51.066116,-30.216524],[-51.065455,-30.215887],[-51.064535,-30.213135],[-51.06369,-30.212144],[-51.064011,-30.211917],[-51.068536,-30.211493],[-51.070337,-30.212268],[-51.071108,-30.212342],[-51.075835,-30.211499],[-51.080476,-30.209435],[-51.081933,-30.209626],[-51.086024,-30.209474],[-51.090081,-30.21118],[-51.091489,-30.211286],[-51.092324,-30.211692],[-51.090936,-30.208266],[-51.090941,-30.204854],[-51.091402,-30.20245],[-51.090739,-30.199578],[-51.089338,-30.196443],[-51.089551,-30.195118],[-51.088742,-30.193086],[-51.088937,-30.192394],[-51.091048,-30.191478],[-51.093945,-30.189468],[-51.094199,-30.189425],[-51.094047,-30.190198],[-51.094849,-30.19108],[-51.097019,-30.190979],[-51.098806,-30.189493],[-51.098578,-30.187581],[-51.099071,-30.1862],[-51.099723,-30.185422],[-51.099548,-30.183761],[-51.100321,-30.181442],[-51.101684,-30.179862],[-51.10334,-30.179513],[-51.104112,-30.178724],[-51.104687,-30.178526],[-51.107053,-30.178664],[-51.109002,-30.177815],[-51.109589,-30.178012],[-51.111595,-30.180028],[-51.112302,-30.179923],[-51.113251,-30.179064],[-51.114988,-30.179329],[-51.114483,-30.170165],[-51.101427,-30.172827],[-51.099687,-30.173868],[-51.098736,-30.175488],[-51.09764,-30.176416],[-51.097347,-30.176801],[-51.097321,-30.177811],[-51.096635,-30.178885],[-51.095641,-30.178949],[-51.094521,-30.179959],[-51.093279,-30.180163],[-51.092591,-30.180744],[-51.091699,-30.181088],[-51.09068,-30.182249],[-51.088998,-30.182486],[-51.088701,-30.182827],[-51.087068,-30.181581],[-51.083649,-30.180229],[-51.082909,-30.17967],[-51.082475,-30.178961],[-51.082755,-30.177292],[-51.081271,-30.171694],[-51.080428,-30.170016],[-51.080352,-30.168942],[-51.08071,-30.167057],[-51.081541,-30.165739],[-51.07935,-30.163954],[-51.079076,-30.164015],[-51.078421,-30.16601],[-51.076227,-30.168694],[-51.07667,-30.172407],[-51.076139,-30.175372],[-51.077844,-30.177975],[-51.075492,-30.178088],[-51.07375,-30.177486],[-51.066882,-30.178742],[-51.061596,-30.18284],[-51.057827,-30.187403],[-51.05462,-30.188862],[-51.053699,-30.189004],[-51.051471,-30.188713],[-51.049291,-30.187389],[-51.046445,-30.187055],[-51.042653,-30.184727],[-51.011942,-30.198931]]]}},{"type":"Feature","properties":{"id":"1431490200327","name":"Lageado : Costa do Cerro / Beco do Parafuso","city":"4314902","ivs":0.286,"idhm":0.761,"income":899.92,"cnes":1},"geometry":{"type":"Polygon","coordinates":[[[-51.088742,-30.193086],[-51.089551,-30.195118],[-51.089338,-30.196443],[-51.090739,-30.199578],[-51.091402,-30.20245],[-51.090941,-30.204854],[-51.090936,-30.208266],[-51.092324,-30.211692],[-51.094278,-30.212483],[-51.095881,-30.21437],[-51.097174,-30.216581],[-51.098365,-30.219392],[-51.098516,-30.219941],[-51.098265,-30.22038],[-51.101137,-30.219154],[-51.106953,-30.21505],[-51.111834,-30.209395],[-51.116999,-30.204025],[-51.120808,-30.202441],[-51.126883,-30.199247],[-51.12825,-30.196908],[-51.130427,-30.194115],[-51.131813,-30.191212],[-51.13431,-30.189773],[-51.13665,-30.187484],[-51.137849,-30.185773],[-51.138935,-30.184788],[-51.137213,-30.184039],[-51.136123,-30.183869],[-51.13179,-30.182024],[-51.13086,-30.181907],[-51.122672,-30.18231],[-51.122444,-30.182643],[-51.121768,-30.182332],[-51.121718,-30.182676],[-51.121437,-30.182612],[-51.114988,-30.179329],[-51.113251,-30.179064],[-51.112302,-30.179923],[-51.111595,-30.180028],[-51.109589,-30.178012],[-51.109002,-30.177815],[-51.107053,-30.178664],[-51.104687,-30.178526],[-51.104112,-30.178724],[-51.10334,-30.179513],[-51.101684,-30.179862],[-51.100321,-30.181442],[-51.099548,-30.183761],[-51.099723,-30.185422],[-51.099071,-30.1862],[-51.098578,-30.187581],[-51.098806,-30.189493],[-51.097019,-30.190979],[-51.094849,-30.19108],[-51.094047,-30.190198],[-51.094199,-30.189425],[-51.093945,-30.189468],[-51.091048,-30.191478],[-51.088937,-30.192394],[-51.088742,-30.193086]]]}},{"type":"Feature","properties":{"id":"1431490200328","name":"Lageado : Beco da Vitória","city":"4314902","ivs":0.233,"idhm":0.714,"income":727.98,"cnes":0},"geometry":{"type":"Polygon","coordinates":[[[-51.101137,-30.219154],[-51.103407,-30.219916],[-51.107985,-30.220422],[-51.114225,-30.22012],[-51.115866,-30.219652],[-51.120685,-30.21755],[-51.122256,-30.216332],[-51.124407,-30.215704],[-51.126643,-30.214599],[-51.131944,-30.212866],[-51.137545,-30.211915],[-51.142108,-30.210649],[-51.146087,-30.210797],[-51.132793,-30.203743],[-51.126883,-30.199247],[-51.120808,-30.202441],[-51.116999,-30.204025],[-51.111834,-30.209395],[-51.106953,-30.21505],[-51.101137,-30.219154]]]}},{"type":"Feature","properties":{"id":"1431490200329","name":"Lageado ( bairro)","city":"4314902","ivs":0.299,"idhm":0.681,"income":610.25,"cnes":0},"geometry":{"type":"Polygon","coordinates":[[[-51.126883,-30.199247],[-51.132793,-30.203743],[-51.135118,-30.205113],[-51.146087,-30.210797],[-51.149375,-30.211775],[-51.152,-30.213341],[-51.154499,-30.21372],[-51.157614,-30.213398],[-51.158916,-30.213025],[-51.161802,-30.213169],[-51.161723,-30.211582],[-51.159949,-30.209782],[-51.159936,-30.209214],[-51.160398,-30.2081],[-51.159956,-30.206641],[-51.160065,-30.205835],[-51.160782,-30.204021],[-51.159887,-30.20179],[-51.160301,-30.200765],[-51.162106,-30.199151],[-51.162921,-30.196761],[-51.162384,-30.192792],[-51.161115,-30.192029],[-51.158475,-30.188241],[-51.157327,-30.187165],[-51.154438,-30.186868],[-51.151839,-30.187056],[-51.149953,-30.186485],[-51.148672,-30.185457],[-51.146137,-30.184383],[-51.14336,-30.184282],[-51.142133,-30.183832],[-51.139984,-30.183932],[-51.137849,-30.185773],[-51.13665,-30.187484],[-51.13431,-30.189773],[-51.131813,-30.191212],[-51.130427,-30.194115],[-51.12825,-30.196908],[-51.126883,-30.199247]]]}},{"type":"Feature","properties":{"id":"1431490200330","name":"Belém Novo : Mário Carvalho","city":"4314902","ivs":0.062,"idhm":0.958,"income":7216.42,"cnes":0},"geometry":{"type":"Polygon","coordinates":[[[-51.165878,-30.193467],[-51.166588,-30.194576],[-51.168264,-30.195386],[-51.171873,-30.196504],[-51.172541,-30.196952],[-51.173072,-30.199077],[-51.17385,-30.200272],[-51.175038,-30.200543],[-51.178576,-30.20034],[-51.178292,-30.199094],[-51.174622,-30.189703],[-51.174685,-30.188008],[-51.172294,-30.188769],[-51.170652,-30.188002],[-51.170093,-30.188111],[-51.16819,-30.189486],[-51.166998,-30.189926],[-51.168246,-30.190974],[-51.16817,-30.191576],[-51.167866,-30.192298],[-51.166243,-30.192976],[-51.165878,-30.193467]]]}},{"type":"Feature","properties":{"id":"1431490200331","name":"Lami : Beira Rio / Sapolandia / Ocupação Arroio Manecão","city":"4314902","ivs":0.382,"idhm":0.654,"income":544.22,"cnes":1},"geometry":{"type":"Polygon","coordinates":[[[-51.051967,-30.230399],[-51.052751,-30.231356],[-51.053256,-30.234716],[-51.0574,-30.240187],[-51.057926,-30.244243],[-51.059901,-30.245408],[-51.063492,-30.249567],[-51.06784,-30.250795],[-51.072816,-30.245919],[-51.07785,-30.243413],[-51.086458,-30.241529],[-51.088733,-30.241428],[-51.087795,-30.238189],[-51.092058,-30.221664],[-51.095188,-30.221545],[-51.098265,-30.22038],[-51.098516,-30.219941],[-51.097174,-30.216581],[-51.095881,-30.21437],[-51.094278,-30.212483],[-51.091489,-30.211286],[-51.090081,-30.21118],[-51.086024,-30.209474],[-51.081933,-30.209626],[-51.080476,-30.209435],[-51.075835,-30.211499],[-51.071108,-30.212342],[-51.070337,-30.212268],[-51.068536,-30.211493],[-51.064011,-30.211917],[-51.06369,-30.212144],[-51.064535,-30.213135],[-51.065455,-30.215887],[-51.066116,-30.216524],[-51.070925,-30.218864],[-51.073185,-30.222885],[-51.073541,-30.224405],[-51.07499,-30.225624],[-51.070664,-30.227355],[-51.067352,-30.229017],[-51.064336,-30.229931],[-51.06025,-30.232222],[-51.059247,-30.232012],[-51.05575,-30.229149],[-51.052677,-30.229806],[-51.051967,-30.230399]]]}},{"type":"Feature","properties":{"id":"1431490200332","name":"Lami : Ocupação Otaviano Jose Pinto / Pontal / Reserva Biológica","city":"4314902","ivs":0.301,"idhm":0.724,"income":709.69,"cnes":1},"geometry":{"type":"Polygon","coordinates":[[[-51.087795,-30.238189],[-51.088733,-30.241428],[-51.09333,-30.241223],[-51.099409,-30.243376],[-51.102646,-30.247612],[-51.103186,-30.246475],[-51.104835,-30.245711],[-51.104135,-30.24395],[-51.106127,-30.243662],[-51.106059,-30.247218],[-51.10427,-30.249905],[-51.101452,-30.250001],[-51.101026,-30.250835],[-51.10181,-30.252573],[-51.1011,-30.254288],[-51.100218,-30.254033],[-51.09995,-30.256699],[-51.098727,-30.257649],[-51.1008,-30.259472],[-51.103648,-30.260353],[-51.105546,-30.259917],[-51.106174,-30.259129],[-51.104447,-30.255121],[-51.10577,-30.252442],[-51.110348,-30.249251],[-51.113347,-30.247881],[-51.113436,-30.247],[-51.119621,-30.246417],[-51.122865,-30.247389],[-51.123635,-30.248591],[-51.126724,-30.248033],[-51.128263,-30.248519],[-51.132579,-30.25294],[-51.136833,-30.262763],[-51.136126,-30.264061],[-51.136836,-30.266029],[-51.13418,-30.26814],[-51.133185,-30.269716],[-51.133668,-30.269926],[-51.139299,-30.268799],[-51.143373,-30.265767],[-51.153333,-30.263312],[-51.151463,-30.258972],[-51.148183,-30.259754],[-51.147506,-30.259423],[-51.144219,-30.252905],[-51.141551,-30.244637],[-51.139742,-30.245116],[-51.128531,-30.214104],[-51.126643,-30.214599],[-51.124407,-30.215704],[-51.122256,-30.216332],[-51.120685,-30.21755],[-51.115866,-30.219652],[-51.114225,-30.22012],[-51.107985,-30.220422],[-51.103407,-30.219916],[-51.101137,-30.219154],[-51.095188,-30.221545],[-51.092058,-30.221664],[-51.087795,-30.238189]]]}},{"type":"Feature","properties":{"id":"1431490200333","name":"Belém Novo : Boa Vista","city":"4314902","ivs":0.241,"idhm":0.688,"income":662.53,"cnes":0},"geometry":{"type":"Polygon","coordinates":[[[-51.128531,-30.214104],[-51.139742,-30.245116],[-51.141551,-30.244637],[-51.144219,-30.252905],[-51.147506,-30.259423],[-51.148183,-30.259754],[-51.151463,-30.258972],[-51.153333,-30.263312],[-51.155554,-30.262764],[-51.158058,-30.262529],[-51.163997,-30.266577],[-51.169559,-30.264647],[-51.169729,-30.263742],[-51.168785,-30.263164],[-51.16365,-30.262522],[-51.162171,-30.26301],[-51.157197,-30.261302],[-51.155571,-30.257572],[-51.154871,-30.24947],[-51.152172,-30.24854],[-51.151718,-30.246484],[-51.15302,-30.243382],[-51.155868,-30.240612],[-51.16007,-30.23976],[-51.152012,-30.222423],[-51.146205,-30.210819],[-51.141546,-30.210734],[-51.137545,-30.211915],[-51.132849,-30.212611],[-51.128531,-30.214104]]]}},{"type":"Feature","properties":{"id":"1431490200334","name":"Belém Novo : Leblon / Copacabana / Veludo / Chavante / Amizade","city":"4314902","ivs":0.309,"idhm":0.735,"income":846.68,"cnes":6},"geometry":{"type":"Polygon","coordinates":[[[-51.146205,-30.210819],[-51.152012,-30.222423],[-51.16007,-30.23976],[-51.166693,-30.237886],[-51.168445,-30.238391],[-51.170091,-30.239468],[-51.176298,-30.238314],[-51.179313,-30.236167],[-51.18746,-30.236415],[-51.190377,-30.238682],[-51.191499,-30.242318],[-51.192657,-30.242557],[-51.192521,-30.239114],[-51.19326,-30.237769],[-51.192044,-30.235111],[-51.190446,-30.233813],[-51.185354,-30.233515],[-51.185327,-30.232932],[-51.183467,-30.233303],[-51.179522,-30.227398],[-51.178532,-30.224455],[-51.178737,-30.22213],[-51.177474,-30.219951],[-51.180215,-30.214882],[-51.18081,-30.214812],[-51.179403,-30.213861],[-51.181342,-30.211994],[-51.182259,-30.211653],[-51.181583,-30.210096],[-51.178862,-30.211522],[-51.175995,-30.209414],[-51.17988,-30.207224],[-51.178969,-30.205859],[-51.179001,-30.202207],[-51.178576,-30.20034],[-51.175038,-30.200543],[-51.17385,-30.200272],[-51.173072,-30.199077],[-51.172541,-30.196952],[-51.171873,-30.196504],[-51.168264,-30.195386],[-51.166588,-30.194576],[-51.165878,-30.193467],[-51.166243,-30.192976],[-51.167866,-30.192298],[-51.16817,-30.191576],[-51.168246,-30.190974],[-51.166998,-30.189926],[-51.16819,-30.189486],[-51.170093,-30.188111],[-51.170652,-30.188002],[-51.172294,-30.188769],[-51.174685,-30.188008],[-51.174792,-30.185805],[-51.175648,-30.182586],[-51.176075,-30.178999],[-51.173478,-30.178947],[-51.172635,-30.177733],[-51.172008,-30.177444],[-51.168457,-30.178537],[-51.166684,-30.178782],[-51.164652,-30.180934],[-51.162844,-30.183327],[-51.162329,-30.184261],[-51.161401,-30.187637],[-51.161042,-30.188216],[-51.159368,-30.189488],[-51.161115,-30.192029],[-51.162384,-30.192792],[-51.162506,-30.194524],[-51.16292,-30.196136],[-51.162921,-30.196761],[-51.162106,-30.199151],[-51.160021,-30.201158],[-51.159887,-30.20179],[-51.160733,-30.203793],[-51.160631,-30.204385],[-51.165422,-30.205509],[-51.164694,-30.208334],[-51.164223,-30.209053],[-51.163398,-30.209578],[-51.162836,-30.21068],[-51.16285,-30.211295],[-51.161677,-30.211544],[-51.161802,-30.213169],[-51.158916,-30.213025],[-51.155978,-30.213654],[-51.153075,-30.213637],[-51.152,-30.213341],[-51.150496,-30.212357],[-51.148176,-30.211278],[-51.146205,-30.210819]],[[-51.175484,-30.21298],[-51.176233,-30.212001],[-51.178269,-30.21343],[-51.177407,-30.214156],[-51.175484,-30.21298]]]}},{"type":"Feature","properties":{"id":"1431490200335","name":"Cristal : Vila Massot","city":"4314902","ivs":0.229,"idhm":0.714,"income":727.98,"cnes":1},"geometry":{"type":"Polygon","coordinates":[[[-51.230903,-30.094932],[-51.2314,-30.096182],[-51.23101,-30.097751],[-51.231651,-30.09812],[-51.231807,-30.09873],[-51.233114,-30.095948],[-51.235348,-30.096461],[-51.234931,-30.098201],[-51.236768,-30.098654],[-51.237791,-30.095479],[-51.237459,-30.094903],[-51.237113,-30.094783],[-51.232774,-30.095758],[-51.232311,-30.094529],[-51.230903,-30.094932]]]}},{"type":"Feature","properties":{"id":"1431490200336","name":"Cristal : Angelo Corso","city":"4314902","ivs":0.21,"idhm":0.808,"income":1220.08,"cnes":1},"geometry":{"type":"Polygon","coordinates":[[[-51.232477,-30.097594],[-51.234931,-30.098201],[-51.235348,-30.096461],[-51.233114,-30.095948],[-51.232477,-30.097594]]]}}]}