{"type":"FeatureCollection","features":[{"type":"Feature","properties":{"id":"1261160600001","name":"Boa Vista / Ilha do Leite / Paissandu / Soledade / Santo Amaro","city":"2611606","ivs":0.146,"idhm":0.893,"income":2180.84,"cnes":666},"geometry":{"type":"Polygon","coordinates":[[[-34.87428,-8.053659],[-34.875472,-8.056686],[-34.876335,-8.057163],[-34.879317,-8.059945],[-34.879966,-8.059527],[-34.881824,-8.062405],[-34.882354,-8.062063],[-34.882169,-8.061711],[-34.886361,-8.059572],[-34.88695,-8.060514],[-34.885675,-8.061854],[-34.885708,-8.062162],[-34.885282,-8.062653],[-34.887308,-8.061821],[-34.887614,-8.062166],[-34.888754,-8.061321],[-34.890015,-8.063209],[-34.890683,-8.062649],[-34.891557,-8.063922],[-34.893125,-8.064962],[-34.893883,-8.063776],[-34.894461,-8.064111],[-34.893377,-8.066227],[-34.893122,-8.066336],[-34.894074,-8.068276],[-34.89605,-8.067531],[-34.899142,-8.067498],[-34.89974,-8.06719],[-34.900246,-8.06643],[-34.900822,-8.064062],[-34.900619,-8.061844],[-34.899904,-8.061984],[-34.899426,-8.061036],[-34.898139,-8.059539],[-34.897787,-8.059506],[-34.897848,-8.056047],[-34.897537,-8.054995],[-34.895054,-8.05147],[-34.889934,-8.045039],[-34.889692,-8.047712],[-34.889964,-8.050039],[-34.888231,-8.051184],[-34.889145,-8.05362],[-34.887993,-8.054298],[-34.885911,-8.050893],[-34.881487,-8.053994],[-34.878975,-8.050466],[-34.87428,-8.053659]]]}},{"type":"Feature","properties":{"id":"1261160600002","name":"Boa Vista / Santo Antônio / Ilha do Leite / Coelhos : Rua da Imperatriz","city":"2611606","ivs":0.161,"idhm":0.841,"income":1201.21,"cnes":139},"geometry":{"type":"Polygon","coordinates":[[[-34.87467,-8.06666],[-34.875881,-8.066872],[-34.87635,-8.068586],[-34.878485,-8.067603],[-34.879263,-8.068366],[-34.880744,-8.067276],[-34.882669,-8.066688],[-34.88289,-8.06735],[-34.883839,-8.066435],[-34.884979,-8.064792],[-34.889401,-8.066293],[-34.890564,-8.067978],[-34.891932,-8.067064],[-34.892291,-8.067949],[-34.893627,-8.067296],[-34.893122,-8.066336],[-34.893377,-8.066227],[-34.894461,-8.064111],[-34.893883,-8.063776],[-34.893125,-8.064962],[-34.891557,-8.063922],[-34.890683,-8.062649],[-34.890015,-8.063209],[-34.888754,-8.061321],[-34.887614,-8.062166],[-34.887308,-8.061821],[-34.885282,-8.062653],[-34.885708,-8.062162],[-34.885675,-8.061854],[-34.88695,-8.060514],[-34.886361,-8.059572],[-34.882169,-8.061711],[-34.882354,-8.062063],[-34.881824,-8.062405],[-34.879966,-8.059527],[-34.879317,-8.059945],[-34.87514,-8.056238],[-34.874985,-8.057737],[-34.875194,-8.064008],[-34.87467,-8.06666]]]}},{"type":"Feature","properties":{"id":"1261160600003","name":"São José : Forte das Cinco Pontas","city":"2611606","ivs":0.148,"idhm":0.893,"income":2180.84,"cnes":4},"geometry":{"type":"Polygon","coordinates":[[[-34.871251,-8.069044],[-34.874814,-8.077139],[-34.875436,-8.077817],[-34.879791,-8.08092],[-34.881277,-8.081611],[-34.883915,-8.072458],[-34.886371,-8.070628],[-34.885752,-8.069688],[-34.883822,-8.070948],[-34.882925,-8.069711],[-34.882273,-8.070159],[-34.880214,-8.067598],[-34.879263,-8.068366],[-34.878485,-8.067603],[-34.87635,-8.068586],[-34.875881,-8.066872],[-34.87467,-8.06666],[-34.873531,-8.067693],[-34.871251,-8.069044]]]}},{"type":"Feature","properties":{"id":"1261160600004","name":"Cabanga","city":"2611606","ivs":0.165,"idhm":0.86,"income":1341.98,"cnes":8},"geometry":{"type":"Polygon","coordinates":[[[-34.888575,-8.083381],[-34.893832,-8.082563],[-34.894932,-8.07912],[-34.894312,-8.078913],[-34.894914,-8.076996],[-34.891915,-8.076005],[-34.891426,-8.077373],[-34.89059,-8.077068],[-34.888813,-8.077603],[-34.888575,-8.083381]]]}},{"type":"Feature","properties":{"id":"1261160600005","name":"São José / Ilha Joana Bezerra / Coelhos / Cabanga : Zeis Coque / Zeis Coelhos","city":"2611606","ivs":0.439,"idhm":0.621,"income":297.6,"cnes":46},"geometry":{"type":"Polygon","coordinates":[[[-34.880214,-8.067598],[-34.882273,-8.070159],[-34.882925,-8.069711],[-34.883822,-8.070948],[-34.885752,-8.069688],[-34.886371,-8.070628],[-34.883915,-8.072458],[-34.881277,-8.081611],[-34.886164,-8.083852],[-34.888238,-8.083731],[-34.888575,-8.083381],[-34.888813,-8.077603],[-34.89059,-8.077068],[-34.891426,-8.077373],[-34.891915,-8.076005],[-34.894914,-8.076996],[-34.894312,-8.078913],[-34.894932,-8.07912],[-34.893832,-8.082563],[-34.896268,-8.082297],[-34.9,-8.0827],[-34.901105,-8.08209],[-34.902487,-8.07807],[-34.904068,-8.07537],[-34.904119,-8.074207],[-34.901061,-8.068316],[-34.89974,-8.06719],[-34.898756,-8.067567],[-34.895734,-8.067583],[-34.894074,-8.068276],[-34.893627,-8.067296],[-34.892291,-8.067949],[-34.891932,-8.067064],[-34.890564,-8.067978],[-34.889401,-8.066293],[-34.884979,-8.064792],[-34.883839,-8.066435],[-34.88289,-8.06735],[-34.882669,-8.066688],[-34.880214,-8.067598]]]}},{"type":"Feature","properties":{"id":"1261160600006","name":"Recife / Santo Amaro : Av. Cruz Cabugá / Vila Naval","city":"2611606","ivs":0.281,"idhm":0.796,"income":859.88,"cnes":126},"geometry":{"type":"Polygon","coordinates":[[[-34.860576,-8.044467],[-34.865215,-8.054533],[-34.871251,-8.069044],[-34.874445,-8.066969],[-34.875057,-8.065373],[-34.87514,-8.056238],[-34.87428,-8.053659],[-34.878975,-8.050466],[-34.881487,-8.053994],[-34.885911,-8.050893],[-34.887993,-8.054298],[-34.889145,-8.05362],[-34.888231,-8.051184],[-34.889964,-8.050039],[-34.889692,-8.047712],[-34.889934,-8.045039],[-34.884689,-8.042441],[-34.884244,-8.042869],[-34.882925,-8.042212],[-34.882445,-8.042552],[-34.881738,-8.042258],[-34.881072,-8.043542],[-34.88143,-8.04372],[-34.881636,-8.044218],[-34.880355,-8.044845],[-34.876911,-8.047529],[-34.873858,-8.043279],[-34.875078,-8.042372],[-34.873322,-8.040133],[-34.873139,-8.040005],[-34.872858,-8.040251],[-34.872368,-8.039132],[-34.873079,-8.038508],[-34.873692,-8.037347],[-34.871171,-8.036194],[-34.869924,-8.036329],[-34.864218,-8.041003],[-34.860576,-8.044467]],[[-34.886515,-8.044486],[-34.886999,-8.044132],[-34.888303,-8.044741],[-34.888276,-8.0451],[-34.886915,-8.045066],[-34.886515,-8.044486]]]}},{"type":"Feature","properties":{"id":"1261160600007","name":"Santo Amaro : Zeis Santo Amaro","city":"2611606","ivs":0.496,"idhm":0.608,"income":325.14,"cnes":8},"geometry":{"type":"Polygon","coordinates":[[[-34.872368,-8.039132],[-34.872858,-8.040251],[-34.873139,-8.040005],[-34.873322,-8.040133],[-34.875078,-8.042372],[-34.873858,-8.043279],[-34.876911,-8.047529],[-34.880355,-8.044845],[-34.881636,-8.044218],[-34.88143,-8.04372],[-34.881072,-8.043542],[-34.881738,-8.042258],[-34.882445,-8.042552],[-34.882925,-8.042212],[-34.884244,-8.042869],[-34.884689,-8.042441],[-34.873692,-8.037347],[-34.873079,-8.038508],[-34.872368,-8.039132]]]}},{"type":"Feature","properties":{"id":"1261160600008","name":"Santo Amaro : Zeis João de Barros","city":"2611606","ivs":0.498,"idhm":0.608,"income":325.14,"cnes":0},"geometry":{"type":"Polygon","coordinates":[[[-34.886515,-8.044486],[-34.886915,-8.045066],[-34.888276,-8.0451],[-34.888303,-8.044741],[-34.886999,-8.044132],[-34.886515,-8.044486]]]}},{"type":"Feature","properties":{"id":"1261160600009","name":"Encruzilhada / Torreão : Rua Marechal Deodoro","city":"2611606","ivs":0.146,"idhm":0.893,"income":2180.84,"cnes":20},"geometry":{"type":"Polygon","coordinates":[[[-34.881175,-8.040812],[-34.884689,-8.042441],[-34.887525,-8.039845],[-34.888721,-8.039364],[-34.890356,-8.039087],[-34.889736,-8.037758],[-34.890909,-8.037197],[-34.886545,-8.034394],[-34.884792,-8.03732],[-34.88391,-8.0365],[-34.88347,-8.038936],[-34.882623,-8.038545],[-34.881175,-8.040812]]]}},{"type":"Feature","properties":{"id":"1261160600010","name":"Campo Grande : Zeis Ilha do Joaneiro","city":"2611606","ivs":0.466,"idhm":0.623,"income":332.05,"cnes":1},"geometry":{"type":"Polygon","coordinates":[[[-34.878788,-8.039703],[-34.881175,-8.040812],[-34.882244,-8.038787],[-34.881697,-8.038948],[-34.881639,-8.038761],[-34.882237,-8.038355],[-34.881999,-8.038104],[-34.883281,-8.037042],[-34.882887,-8.036725],[-34.883497,-8.036111],[-34.882701,-8.035409],[-34.882789,-8.034792],[-34.882092,-8.034206],[-34.881007,-8.03376],[-34.878788,-8.039703]]]}},{"type":"Feature","properties":{"id":"1261160600011","name":"Campo Grande : Zeis Chié","city":"2611606","ivs":0.281,"idhm":0.794,"income":776.65,"cnes":0},"geometry":{"type":"Polygon","coordinates":[[[-34.874948,-8.034992],[-34.875817,-8.035772],[-34.875644,-8.036322],[-34.876816,-8.036685],[-34.876401,-8.038605],[-34.878788,-8.039703],[-34.880711,-8.034789],[-34.879373,-8.03435],[-34.879141,-8.034996],[-34.875273,-8.033805],[-34.874948,-8.034992]]]}},{"type":"Feature","properties":{"id":"1261160600012","name":"Campo Grande : Zeis Chié / Fábrica Tacaruna","city":"2611606","ivs":0.41,"idhm":0.644,"income":385.0,"cnes":0},"geometry":{"type":"Polygon","coordinates":[[[-34.869924,-8.036329],[-34.871171,-8.036194],[-34.876401,-8.038605],[-34.876816,-8.036685],[-34.875644,-8.036322],[-34.875817,-8.035772],[-34.874948,-8.034992],[-34.875961,-8.031787],[-34.875549,-8.031721],[-34.869924,-8.036329]]]}},{"type":"Feature","properties":{"id":"1261160600013","name":"Rosarinho / Encruzilhada : Av. Santos Dumont","city":"2611606","ivs":0.195,"idhm":0.941,"income":4423.57,"cnes":17},"geometry":{"type":"Polygon","coordinates":[[[-34.891554,-8.034431],[-34.893152,-8.035481],[-34.894252,-8.037039],[-34.893134,-8.03796],[-34.891956,-8.038555],[-34.892186,-8.039743],[-34.89243,-8.039927],[-34.89456,-8.039312],[-34.894223,-8.038271],[-34.895846,-8.037859],[-34.899333,-8.03628],[-34.899096,-8.03525],[-34.900147,-8.035045],[-34.897393,-8.030387],[-34.895638,-8.03042],[-34.895597,-8.03119],[-34.894159,-8.031515],[-34.892848,-8.031372],[-34.892689,-8.032188],[-34.894543,-8.032153],[-34.895061,-8.033281],[-34.894054,-8.034343],[-34.893121,-8.033641],[-34.891779,-8.033317],[-34.891554,-8.034431]]]}},{"type":"Feature","properties":{"id":"1261160600014","name":"Encruzilhada / Ponto de Parada / Hipódromo : Av. Beberibe","city":"2611606","ivs":0.197,"idhm":0.893,"income":1871.47,"cnes":22},"geometry":{"type":"Polygon","coordinates":[[[-34.884512,-8.032978],[-34.890896,-8.037181],[-34.889736,-8.037758],[-34.890356,-8.039087],[-34.891956,-8.038555],[-34.893134,-8.03796],[-34.894252,-8.037039],[-34.893152,-8.035481],[-34.891554,-8.034431],[-34.891779,-8.033317],[-34.893121,-8.033641],[-34.894054,-8.034343],[-34.895061,-8.033281],[-34.894543,-8.032153],[-34.892689,-8.032188],[-34.892848,-8.031372],[-34.891433,-8.031109],[-34.891695,-8.029982],[-34.89439,-8.030452],[-34.894952,-8.031235],[-34.895079,-8.028104],[-34.889114,-8.02766],[-34.889568,-8.028991],[-34.888481,-8.028306],[-34.888126,-8.028818],[-34.887558,-8.028406],[-34.884512,-8.032978]]]}},{"type":"Feature","properties":{"id":"1261160600015","name":"Campo Grande : Estrada de Belém","city":"2611606","ivs":0.237,"idhm":0.88,"income":1784.05,"cnes":6},"geometry":{"type":"Polygon","coordinates":[[[-34.875273,-8.033805],[-34.879141,-8.034996],[-34.879373,-8.03435],[-34.880711,-8.034789],[-34.881007,-8.03376],[-34.882738,-8.034728],[-34.882691,-8.035389],[-34.883153,-8.035809],[-34.88531,-8.033531],[-34.884512,-8.032978],[-34.886244,-8.030325],[-34.881818,-8.029389],[-34.882336,-8.02696],[-34.881084,-8.026525],[-34.880995,-8.027165],[-34.879035,-8.026639],[-34.8787,-8.028764],[-34.879148,-8.02885],[-34.87863,-8.032212],[-34.875961,-8.031787],[-34.875273,-8.033805]]]}},{"type":"Feature","properties":{"id":"1261160600016","name":"Campo Grande : Av. Correia de Brito / Zeis Campo Grande","city":"2611606","ivs":0.264,"idhm":0.799,"income":930.13,"cnes":4},"geometry":{"type":"Polygon","coordinates":[[[-34.875514,-8.02687],[-34.87614,-8.029763],[-34.875549,-8.031721],[-34.87863,-8.032212],[-34.879148,-8.02885],[-34.8787,-8.028764],[-34.879035,-8.026639],[-34.880995,-8.027165],[-34.881084,-8.026525],[-34.882336,-8.02696],[-34.881818,-8.029389],[-34.886244,-8.030325],[-34.887558,-8.028406],[-34.883511,-8.025786],[-34.880883,-8.024914],[-34.880346,-8.025117],[-34.880199,-8.026229],[-34.877673,-8.025214],[-34.875962,-8.025944],[-34.876247,-8.026832],[-34.875514,-8.02687]]]}},{"type":"Feature","properties":{"id":"1261160600017","name":"Rosarinho / Ponto de Parada ( Espinheirão )","city":"2611606","ivs":0.286,"idhm":0.796,"income":859.88,"cnes":4},"geometry":{"type":"MultiPolygon","coordinates":[[[[-34.894952,-8.03123],[-34.895597,-8.03119],[-34.895638,-8.03042],[-34.897393,-8.030387],[-34.897988,-8.031482],[-34.898458,-8.031042],[-34.896941,-8.029014],[-34.895086,-8.028276],[-34.894952,-8.03123]]],[[[-34.891433,-8.031109],[-34.893974,-8.031539],[-34.894952,-8.031235],[-34.89439,-8.030452],[-34.891695,-8.029982],[-34.891433,-8.031109]]]]}},{"type":"Feature","properties":{"id":"1261160600018","name":"Arruda / Água Fria : Estádio do Arruda / Mercado de Água Fria","city":"2611606","ivs":0.197,"idhm":0.832,"income":1049.13,"cnes":8},"geometry":{"type":"Polygon","coordinates":[[[-34.887968,-8.025432],[-34.890326,-8.025993],[-34.889796,-8.027718],[-34.895079,-8.028104],[-34.897843,-8.026767],[-34.897619,-8.025994],[-34.895855,-8.025656],[-34.89603,-8.024706],[-34.897365,-8.024892],[-34.896554,-8.02145],[-34.89531,-8.022142],[-34.894873,-8.021806],[-34.894015,-8.022355],[-34.893734,-8.023113],[-34.893005,-8.021131],[-34.89419,-8.021526],[-34.894496,-8.019759],[-34.893822,-8.019069],[-34.89275,-8.02043],[-34.892252,-8.019143],[-34.889989,-8.020059],[-34.890849,-8.021924],[-34.892242,-8.021428],[-34.893032,-8.023417],[-34.890204,-8.024523],[-34.889464,-8.022445],[-34.888272,-8.022904],[-34.888982,-8.025002],[-34.887968,-8.025432]]]}},{"type":"Feature","properties":{"id":"1261160600019","name":"Água Fria / Bomba do Hemetério : Zeis Casa Amarela","city":"2611606","ivs":0.393,"idhm":0.644,"income":345.36,"cnes":2},"geometry":{"type":"Polygon","coordinates":[[[-34.892394,-8.017555],[-34.893616,-8.018886],[-34.895262,-8.016958],[-34.89661,-8.015787],[-34.896631,-8.016877],[-34.895429,-8.019125],[-34.897427,-8.020961],[-34.898067,-8.019406],[-34.898673,-8.01988],[-34.90003,-8.019539],[-34.901487,-8.019672],[-34.901575,-8.020851],[-34.902825,-8.020219],[-34.904286,-8.020934],[-34.906009,-8.020033],[-34.906994,-8.020086],[-34.907852,-8.019499],[-34.906557,-8.017892],[-34.906375,-8.018259],[-34.905471,-8.018374],[-34.90551,-8.018674],[-34.905078,-8.01858],[-34.906027,-8.017043],[-34.906365,-8.015132],[-34.906095,-8.014249],[-34.905242,-8.013405],[-34.905046,-8.012789],[-34.903547,-8.010703],[-34.903127,-8.010503],[-34.901177,-8.010614],[-34.897644,-8.009696],[-34.896793,-8.009033],[-34.896439,-8.007728],[-34.89564,-8.007698],[-34.894209,-8.008069],[-34.893729,-8.008297],[-34.893133,-8.009072],[-34.894139,-8.009546],[-34.894384,-8.011083],[-34.895521,-8.012791],[-34.89638,-8.013493],[-34.893107,-8.016518],[-34.89332,-8.016768],[-34.892394,-8.017555]]]}},{"type":"Feature","properties":{"id":"1261160600020","name":"Arruda / Água Fria / Fundão : Rua da Regeneração / Rua Gravatá / Zeis Campo Grande / Zeis Fundão de Fora","city":"2611606","ivs":0.275,"idhm":0.768,"income":699.96,"cnes":8},"geometry":{"type":"Polygon","coordinates":[[[-34.881227,-8.022098],[-34.881423,-8.022383],[-34.881884,-8.022246],[-34.882141,-8.022826],[-34.883597,-8.022368],[-34.884293,-8.024237],[-34.883976,-8.024316],[-34.883713,-8.02483],[-34.88561,-8.025847],[-34.887208,-8.025174],[-34.887614,-8.026247],[-34.888586,-8.026439],[-34.887938,-8.027377],[-34.889796,-8.027718],[-34.890326,-8.025993],[-34.887968,-8.025432],[-34.888982,-8.025002],[-34.888272,-8.022904],[-34.889464,-8.022445],[-34.890204,-8.024523],[-34.893032,-8.023417],[-34.892242,-8.021428],[-34.890849,-8.021924],[-34.889989,-8.020059],[-34.892252,-8.019143],[-34.892857,-8.020356],[-34.893822,-8.019069],[-34.892394,-8.017555],[-34.89332,-8.016768],[-34.893107,-8.016518],[-34.89638,-8.013493],[-34.895564,-8.01284],[-34.894242,-8.011084],[-34.888575,-8.016513],[-34.887355,-8.016961],[-34.886102,-8.016849],[-34.885907,-8.01717],[-34.886568,-8.018508],[-34.887078,-8.018279],[-34.887245,-8.01873],[-34.886722,-8.018917],[-34.887494,-8.02102],[-34.886456,-8.02142],[-34.885507,-8.019653],[-34.881227,-8.022098]]]}},{"type":"Feature","properties":{"id":"1261160600021","name":"Campo Grande / Arruda / Peixinhos / Campina do Barreto : Zeis Campo Grande","city":"2611606","ivs":0.462,"idhm":0.615,"income":294.44,"cnes":4},"geometry":{"type":"Polygon","coordinates":[[[-34.872896,-8.017307],[-34.873387,-8.020286],[-34.875514,-8.02687],[-34.876247,-8.026832],[-34.875962,-8.025944],[-34.877673,-8.025214],[-34.880199,-8.026229],[-34.880346,-8.025117],[-34.880883,-8.024914],[-34.883511,-8.025786],[-34.888126,-8.028818],[-34.888481,-8.028306],[-34.889568,-8.028991],[-34.889114,-8.02766],[-34.887938,-8.027377],[-34.888586,-8.026439],[-34.887614,-8.026247],[-34.887208,-8.025174],[-34.88561,-8.025847],[-34.883713,-8.02483],[-34.883976,-8.024316],[-34.884293,-8.024237],[-34.883597,-8.022368],[-34.883126,-8.022522],[-34.883031,-8.023816],[-34.87982,-8.022463],[-34.881058,-8.02219],[-34.885507,-8.019653],[-34.883904,-8.016577],[-34.883486,-8.016665],[-34.883739,-8.017772],[-34.882887,-8.017982],[-34.882624,-8.01686],[-34.881357,-8.017169],[-34.881027,-8.015788],[-34.881597,-8.015631],[-34.881121,-8.013216],[-34.880702,-8.012045],[-34.87997,-8.011348],[-34.87932,-8.016107],[-34.872896,-8.017307]]]}},{"type":"Feature","properties":{"id":"1261160600022","name":"Água Fria / Fundão : Zeis Fundão de Fora","city":"2611606","ivs":0.351,"idhm":0.695,"income":442.59,"cnes":0},"geometry":{"type":"Polygon","coordinates":[[[-34.883904,-8.016577],[-34.886456,-8.02142],[-34.887494,-8.02102],[-34.886722,-8.018917],[-34.887245,-8.01873],[-34.887078,-8.018279],[-34.886568,-8.018508],[-34.885907,-8.01717],[-34.886102,-8.016849],[-34.887355,-8.016961],[-34.888461,-8.016585],[-34.890042,-8.015001],[-34.88921,-8.01388],[-34.887138,-8.014234],[-34.884746,-8.015888],[-34.885061,-8.016268],[-34.883904,-8.016577]]]}},{"type":"Feature","properties":{"id":"1261160600023","name":"Cajueiro / Campina do Barreto : Rua Pará / Rua dos Peixinhos","city":"2611606","ivs":0.279,"idhm":0.794,"income":776.65,"cnes":3},"geometry":{"type":"Polygon","coordinates":[[[-34.87997,-8.011348],[-34.880702,-8.012045],[-34.881121,-8.013216],[-34.881597,-8.015631],[-34.881027,-8.015788],[-34.881357,-8.017169],[-34.882624,-8.01686],[-34.882887,-8.017982],[-34.883739,-8.017772],[-34.883486,-8.016665],[-34.885061,-8.016268],[-34.884746,-8.015888],[-34.887376,-8.014116],[-34.887477,-8.013311],[-34.886998,-8.013465],[-34.887106,-8.012746],[-34.886584,-8.012658],[-34.886043,-8.012014],[-34.884928,-8.01256],[-34.884215,-8.011658],[-34.88309,-8.012552],[-34.882067,-8.011358],[-34.883047,-8.010557],[-34.883711,-8.011306],[-34.883952,-8.011108],[-34.88361,-8.010721],[-34.884675,-8.009885],[-34.884416,-8.009456],[-34.886039,-8.008902],[-34.886407,-8.008918],[-34.887107,-8.010032],[-34.888129,-8.010521],[-34.88827,-8.00889],[-34.885042,-8.006559],[-34.883756,-8.008387],[-34.881472,-8.009711],[-34.87997,-8.011348]]]}},{"type":"Feature","properties":{"id":"1261160600024","name":"Cajueiro / Porto da Madeira : Rua Sebastião Salazar","city":"2611606","ivs":0.165,"idhm":0.86,"income":1341.98,"cnes":0},"geometry":{"type":"Polygon","coordinates":[[[-34.882067,-8.011358],[-34.88309,-8.012552],[-34.884215,-8.011658],[-34.884928,-8.01256],[-34.886043,-8.012014],[-34.886584,-8.012658],[-34.887106,-8.012746],[-34.886998,-8.013465],[-34.887477,-8.013311],[-34.887263,-8.014217],[-34.88921,-8.01388],[-34.889406,-8.012496],[-34.888993,-8.010616],[-34.889065,-8.009259],[-34.889337,-8.008628],[-34.890853,-8.006908],[-34.889189,-8.00476],[-34.886469,-8.006335],[-34.885975,-8.005721],[-34.885042,-8.006559],[-34.88827,-8.00889],[-34.888129,-8.010521],[-34.887107,-8.010032],[-34.886407,-8.008918],[-34.886039,-8.008902],[-34.884416,-8.009456],[-34.884675,-8.009885],[-34.88361,-8.010721],[-34.883952,-8.011108],[-34.883711,-8.011306],[-34.883047,-8.010557],[-34.882067,-8.011358]]]}},{"type":"Feature","properties":{"id":"1261160600025","name":"Porto da Madeira / Fundão : Zeis Casa Amarela","city":"2611606","ivs":0.303,"idhm":0.709,"income":527.54,"cnes":7},"geometry":{"type":"Polygon","coordinates":[[[-34.885975,-8.005721],[-34.886469,-8.006335],[-34.889189,-8.00476],[-34.890853,-8.006908],[-34.889337,-8.008628],[-34.88901,-8.009501],[-34.888993,-8.010616],[-34.889406,-8.012496],[-34.889197,-8.013826],[-34.890042,-8.015001],[-34.894384,-8.011083],[-34.89416,-8.009577],[-34.893133,-8.009072],[-34.893729,-8.008297],[-34.894244,-8.008064],[-34.893013,-8.006478],[-34.891594,-8.003471],[-34.890804,-8.003436],[-34.889635,-8.004206],[-34.888668,-8.004366],[-34.887465,-8.005347],[-34.885975,-8.005721]]]}},{"type":"Feature","properties":{"id":"1261160600026","name":"Beberibe / Linha do Tiro / Alto Santa Terezinha : Zeis Casa Amarela","city":"2611606","ivs":0.407,"idhm":0.664,"income":360.89,"cnes":10},"geometry":{"type":"Polygon","coordinates":[[[-34.891594,-8.003471],[-34.893013,-8.006478],[-34.894099,-8.007999],[-34.896439,-8.007728],[-34.896793,-8.009033],[-34.897644,-8.009696],[-34.901177,-8.010614],[-34.903219,-8.010508],[-34.903769,-8.010937],[-34.905242,-8.013405],[-34.906095,-8.014249],[-34.906365,-8.015132],[-34.906027,-8.017043],[-34.905078,-8.01858],[-34.90551,-8.018674],[-34.905471,-8.018374],[-34.906375,-8.018259],[-34.906526,-8.017888],[-34.907082,-8.018311],[-34.907852,-8.019499],[-34.909323,-8.018893],[-34.910693,-8.019037],[-34.910085,-8.017418],[-34.910296,-8.015499],[-34.909829,-8.014655],[-34.910209,-8.013916],[-34.910164,-8.012482],[-34.911251,-8.013233],[-34.91276,-8.01212],[-34.910289,-8.011219],[-34.91068,-8.008068],[-34.911213,-8.007563],[-34.910811,-8.007657],[-34.910332,-8.006344],[-34.909714,-8.006594],[-34.909059,-8.007243],[-34.90655,-8.007459],[-34.90336,-8.006281],[-34.902658,-8.00593],[-34.902232,-8.005051],[-34.901629,-8.004775],[-34.899279,-8.00249],[-34.897908,-8.001508],[-34.897293,-8.001612],[-34.895361,-8.00295],[-34.891594,-8.003471]]]}},{"type":"Feature","properties":{"id":"1261160600027","name":"Dois Unidos : Zeis Dois Unidos / Zeis Linha do Tiro","city":"2611606","ivs":0.494,"idhm":0.648,"income":342.32,"cnes":5},"geometry":{"type":"Polygon","coordinates":[[[-34.898608,-8.001948],[-34.901629,-8.004775],[-34.902232,-8.005051],[-34.902658,-8.00593],[-34.906419,-8.007449],[-34.909059,-8.007243],[-34.910219,-8.006353],[-34.912166,-8.006235],[-34.913204,-8.005361],[-34.913907,-8.005305],[-34.913932,-8.004713],[-34.914997,-8.004223],[-34.915325,-8.00369],[-34.915938,-8.003831],[-34.91653,-8.002671],[-34.917184,-8.002342],[-34.917556,-8.002452],[-34.919086,-8.001385],[-34.921081,-8.000496],[-34.921584,-7.999965],[-34.921475,-7.999486],[-34.921107,-7.999186],[-34.921504,-7.998813],[-34.923102,-7.994905],[-34.922967,-7.993762],[-34.923589,-7.992656],[-34.921131,-7.990277],[-34.918975,-7.988734],[-34.91873,-7.988242],[-34.919051,-7.988199],[-34.919191,-7.987634],[-34.918346,-7.987234],[-34.916615,-7.987193],[-34.916902,-7.987599],[-34.916848,-7.988159],[-34.916364,-7.988186],[-34.913047,-7.990779],[-34.911273,-7.99163],[-34.90948,-7.992859],[-34.908318,-7.994715],[-34.906882,-7.99611],[-34.906916,-7.996738],[-34.906308,-7.997378],[-34.905632,-7.9976],[-34.905227,-7.998104],[-34.903271,-7.999311],[-34.9031,-7.99965],[-34.899468,-8.001958],[-34.898608,-8.001948]]]}},{"type":"Feature","properties":{"id":"1261160600028","name":"Derby","city":"2611606","ivs":0.133,"idhm":0.919,"income":2478.45,"cnes":64},"geometry":{"type":"Polygon","coordinates":[[[-34.896387,-8.053392],[-34.897776,-8.055579],[-34.897787,-8.059506],[-34.898139,-8.059539],[-34.899426,-8.061036],[-34.899904,-8.061984],[-34.900619,-8.061844],[-34.900794,-8.058825],[-34.901333,-8.057852],[-34.902675,-8.056797],[-34.903139,-8.056116],[-34.904074,-8.053004],[-34.898766,-8.052432],[-34.897105,-8.052884],[-34.896387,-8.053392]]]}},{"type":"Feature","properties":{"id":"1261160600029","name":"Graças / Aflitos","city":"2611606","ivs":0.049,"idhm":0.952,"income":4771.99,"cnes":211},"geometry":{"type":"Polygon","coordinates":[[[-34.892327,-8.039918],[-34.894505,-8.042458],[-34.89571,-8.043122],[-34.894096,-8.044449],[-34.895929,-8.046931],[-34.89688,-8.047623],[-34.896799,-8.048003],[-34.896411,-8.04899],[-34.895971,-8.048666],[-34.893885,-8.04999],[-34.896387,-8.053392],[-34.897105,-8.052884],[-34.898766,-8.052432],[-34.904074,-8.053004],[-34.904338,-8.0504],[-34.903524,-8.048134],[-34.903368,-8.046393],[-34.904386,-8.043589],[-34.904678,-8.042057],[-34.903337,-8.041517],[-34.903368,-8.040979],[-34.903555,-8.040389],[-34.904962,-8.038597],[-34.899775,-8.036144],[-34.895846,-8.037859],[-34.894223,-8.038271],[-34.89456,-8.039312],[-34.892327,-8.039918]]]}},{"type":"Feature","properties":{"id":"1261160600030","name":"Espinheiro","city":"2611606","ivs":0.076,"idhm":0.955,"income":3756.84,"cnes":45},"geometry":{"type":"Polygon","coordinates":[[[-34.886815,-8.040356],[-34.88746,-8.041199],[-34.887165,-8.041403],[-34.888252,-8.042621],[-34.887341,-8.04371],[-34.889981,-8.04508],[-34.893885,-8.04999],[-34.895971,-8.048666],[-34.896411,-8.04899],[-34.89688,-8.047623],[-34.895929,-8.046931],[-34.894096,-8.044449],[-34.89571,-8.043122],[-34.894505,-8.042458],[-34.892202,-8.03978],[-34.891956,-8.038555],[-34.888194,-8.039526],[-34.886815,-8.040356]]]}},{"type":"Feature","properties":{"id":"1261160600031","name":"Espinheiro : Zeis Campo do Vila","city":"2611606","ivs":0.282,"idhm":0.768,"income":699.96,"cnes":0},"geometry":{"type":"Polygon","coordinates":[[[-34.884689,-8.042441],[-34.887341,-8.04371],[-34.888252,-8.042621],[-34.887165,-8.041403],[-34.88746,-8.041199],[-34.886815,-8.040356],[-34.884689,-8.042441]]]}},{"type":"Feature","properties":{"id":"1261160600032","name":"Jaqueira / Parnamirim / Santana / Casa Forte / Poço / Monteiro : Zeis Poço da Panela / Esperança / Cabocó / Inaldo Martins","city":"2611606","ivs":0.195,"idhm":0.941,"income":4423.57,"cnes":119},"geometry":{"type":"Polygon","coordinates":[[[-34.902734,-8.037505],[-34.904962,-8.038597],[-34.903555,-8.040389],[-34.903337,-8.041517],[-34.903519,-8.041666],[-34.904678,-8.042057],[-34.904836,-8.039975],[-34.905195,-8.038967],[-34.906694,-8.037462],[-34.908056,-8.037169],[-34.909492,-8.037812],[-34.911023,-8.039202],[-34.912746,-8.041828],[-34.913601,-8.042571],[-34.915551,-8.043263],[-34.918301,-8.042964],[-34.922447,-8.040476],[-34.92521,-8.039554],[-34.925819,-8.039004],[-34.926279,-8.037977],[-34.926574,-8.034003],[-34.927458,-8.032334],[-34.928947,-8.030296],[-34.928455,-8.028858],[-34.928654,-8.028787],[-34.928896,-8.027741],[-34.929192,-8.027677],[-34.93008,-8.029019],[-34.930459,-8.028556],[-34.931794,-8.025905],[-34.933076,-8.024914],[-34.933023,-8.023023],[-34.933348,-8.022661],[-34.934019,-8.02245],[-34.93366,-8.021254],[-34.931958,-8.021768],[-34.930731,-8.022824],[-34.930043,-8.025476],[-34.929522,-8.02564],[-34.929158,-8.026332],[-34.929141,-8.026555],[-34.929648,-8.026804],[-34.929204,-8.027564],[-34.92699,-8.02776],[-34.926215,-8.027379],[-34.924528,-8.027608],[-34.923193,-8.028427],[-34.9217,-8.028596],[-34.920067,-8.02792],[-34.919825,-8.028508],[-34.920483,-8.028997],[-34.920831,-8.029728],[-34.912895,-8.032249],[-34.911724,-8.030628],[-34.91083,-8.02983],[-34.90871,-8.031256],[-34.908507,-8.031061],[-34.907827,-8.03267],[-34.907208,-8.032595],[-34.90674,-8.033501],[-34.905581,-8.033865],[-34.902734,-8.037505]],[[-34.914558,-8.034964],[-34.915578,-8.033216],[-34.915536,-8.032335],[-34.916423,-8.033032],[-34.915835,-8.033781],[-34.916045,-8.034233],[-34.914558,-8.034964]]]}},{"type":"Feature","properties":{"id":"1261160600033","name":"Parnamirim : Zeis Lemos Torres","city":"2611606","ivs":0.29,"idhm":0.796,"income":859.88,"cnes":0},"geometry":{"type":"Polygon","coordinates":[[[-34.914558,-8.034964],[-34.916045,-8.034233],[-34.915835,-8.033781],[-34.916423,-8.033032],[-34.915536,-8.032335],[-34.915578,-8.033216],[-34.914558,-8.034964]]]}},{"type":"Feature","properties":{"id":"1261160600034","name":"Jaqueira / Tamarineira / Casa Amarela : Estrada do Arraial / Zeis Tamarineira","city":"2611606","ivs":0.076,"idhm":0.955,"income":3756.84,"cnes":91},"geometry":{"type":"Polygon","coordinates":[[[-34.897937,-8.031529],[-34.900147,-8.035045],[-34.899096,-8.03525],[-34.899333,-8.03628],[-34.899977,-8.036167],[-34.902734,-8.037505],[-34.905581,-8.033865],[-34.90674,-8.033501],[-34.907208,-8.032595],[-34.907827,-8.03267],[-34.908507,-8.031061],[-34.90871,-8.031256],[-34.91083,-8.02983],[-34.911724,-8.030628],[-34.912895,-8.032249],[-34.920831,-8.029728],[-34.920483,-8.028997],[-34.919825,-8.028508],[-34.920068,-8.027917],[-34.917681,-8.026757],[-34.91774,-8.024728],[-34.91852,-8.023297],[-34.917741,-8.021866],[-34.918501,-8.021522],[-34.918439,-8.021113],[-34.916454,-8.021623],[-34.916777,-8.022342],[-34.916153,-8.022638],[-34.913979,-8.024527],[-34.913226,-8.025842],[-34.912447,-8.023838],[-34.91131,-8.024246],[-34.911981,-8.028035],[-34.90995,-8.028603],[-34.909551,-8.027268],[-34.906939,-8.027654],[-34.906728,-8.026615],[-34.905103,-8.026823],[-34.904913,-8.026539],[-34.904473,-8.026834],[-34.906272,-8.030401],[-34.904905,-8.031537],[-34.903182,-8.027731],[-34.902584,-8.02814],[-34.903411,-8.030017],[-34.902986,-8.030301],[-34.902381,-8.029722],[-34.90236,-8.030086],[-34.901253,-8.030407],[-34.900421,-8.029621],[-34.897937,-8.031529]]]}},{"type":"Feature","properties":{"id":"1261160600035","name":"Tamarineira / Casa Amarela : Av. Norte / Zeis Tamarineira","city":"2611606","ivs":0.165,"idhm":0.86,"income":1341.98,"cnes":23},"geometry":{"type":"Polygon","coordinates":[[[-34.895079,-8.028104],[-34.895086,-8.028276],[-34.896941,-8.029014],[-34.898458,-8.031042],[-34.900421,-8.029621],[-34.901253,-8.030407],[-34.90236,-8.030086],[-34.902381,-8.029722],[-34.902986,-8.030301],[-34.903411,-8.030017],[-34.902584,-8.02814],[-34.903182,-8.027731],[-34.904905,-8.031537],[-34.906272,-8.030401],[-34.904473,-8.026834],[-34.904913,-8.026539],[-34.905103,-8.026823],[-34.906728,-8.026615],[-34.906939,-8.027654],[-34.909551,-8.027268],[-34.90995,-8.028603],[-34.911981,-8.028035],[-34.91131,-8.024246],[-34.907181,-8.025331],[-34.905424,-8.026188],[-34.904675,-8.026104],[-34.903203,-8.026474],[-34.898749,-8.026444],[-34.895079,-8.028104]]]}},{"type":"Feature","properties":{"id":"1261160600036","name":"Mangabeira : Av. Professor José dos Anjos","city":"2611606","ivs":0.276,"idhm":0.768,"income":699.96,"cnes":3},"geometry":{"type":"Polygon","coordinates":[[[-34.898749,-8.026444],[-34.903306,-8.026468],[-34.904675,-8.026104],[-34.905424,-8.026188],[-34.906521,-8.025587],[-34.906434,-8.025302],[-34.905115,-8.024835],[-34.902958,-8.025371],[-34.900615,-8.025454],[-34.900245,-8.025],[-34.901829,-8.023507],[-34.90235,-8.024037],[-34.902873,-8.023966],[-34.90215,-8.022871],[-34.902566,-8.02252],[-34.902253,-8.022137],[-34.900559,-8.022862],[-34.898749,-8.026444]]]}},{"type":"Feature","properties":{"id":"1261160600037","name":"Alto José do Pinho : Rua Valeriano Lobo","city":"2611606","ivs":0.315,"idhm":0.736,"income":598.43,"cnes":1},"geometry":{"type":"Polygon","coordinates":[[[-34.907956,-8.023581],[-34.908458,-8.024987],[-34.911838,-8.024085],[-34.911576,-8.022886],[-34.910076,-8.023169],[-34.908889,-8.022591],[-34.908958,-8.023565],[-34.908445,-8.023723],[-34.908296,-8.023405],[-34.907956,-8.023581]]]}},{"type":"Feature","properties":{"id":"1261160600038","name":"Morro da Conceição / Alto José do Pinho / Alto José Bonifácio / Mangabeira : Zeis Casa Amarela","city":"2611606","ivs":0.391,"idhm":0.659,"income":376.17,"cnes":7},"geometry":{"type":"Polygon","coordinates":[[[-34.900245,-8.025],[-34.900871,-8.02548],[-34.902958,-8.025371],[-34.905115,-8.024835],[-34.906434,-8.025302],[-34.906521,-8.025587],[-34.908458,-8.024987],[-34.907956,-8.023581],[-34.908296,-8.023405],[-34.908445,-8.023723],[-34.908958,-8.023565],[-34.908889,-8.022591],[-34.910076,-8.023169],[-34.911576,-8.022886],[-34.911838,-8.024085],[-34.91464,-8.022541],[-34.914396,-8.02129],[-34.915414,-8.021154],[-34.917121,-8.020463],[-34.917044,-8.020253],[-34.917686,-8.019652],[-34.917527,-8.018635],[-34.917808,-8.016633],[-34.917033,-8.016586],[-34.916448,-8.016226],[-34.916382,-8.015796],[-34.915764,-8.015254],[-34.91664,-8.014881],[-34.915636,-8.012446],[-34.915635,-8.011792],[-34.91528,-8.011828],[-34.914481,-8.009844],[-34.91227,-8.00746],[-34.91226,-8.007188],[-34.911213,-8.007563],[-34.91068,-8.008068],[-34.910576,-8.008754],[-34.910289,-8.011219],[-34.91276,-8.01212],[-34.911251,-8.013233],[-34.910164,-8.012482],[-34.910209,-8.013916],[-34.909829,-8.014655],[-34.910296,-8.015499],[-34.910085,-8.017418],[-34.910693,-8.019037],[-34.908678,-8.019024],[-34.907852,-8.019499],[-34.908136,-8.019931],[-34.907612,-8.020238],[-34.902253,-8.022137],[-34.902566,-8.02252],[-34.90215,-8.022871],[-34.902873,-8.023966],[-34.90235,-8.024037],[-34.901829,-8.023507],[-34.900245,-8.025]]]}},{"type":"Feature","properties":{"id":"1261160600039","name":"Casa Amarela : Zeis Alto do Mandú / Alto Santa Izabel","city":"2611606","ivs":0.282,"idhm":0.716,"income":490.37,"cnes":6},"geometry":{"type":"Polygon","coordinates":[[[-34.918144,-8.026985],[-34.9217,-8.028596],[-34.923193,-8.028427],[-34.924528,-8.027608],[-34.926215,-8.027379],[-34.926721,-8.027515],[-34.927179,-8.026864],[-34.92639,-8.026297],[-34.926357,-8.026044],[-34.926672,-8.025843],[-34.926519,-8.025349],[-34.926092,-8.025255],[-34.926292,-8.024771],[-34.925611,-8.02387],[-34.925586,-8.022721],[-34.923757,-8.023134],[-34.923423,-8.022642],[-34.923742,-8.022634],[-34.923943,-8.022291],[-34.924107,-8.02052],[-34.921659,-8.020793],[-34.921022,-8.021389],[-34.921767,-8.022543],[-34.922145,-8.022366],[-34.922567,-8.022921],[-34.922243,-8.023197],[-34.922,-8.02289],[-34.921284,-8.023241],[-34.921161,-8.02368],[-34.921891,-8.024133],[-34.921417,-8.02442],[-34.921261,-8.025006],[-34.920602,-8.025067],[-34.920611,-8.025328],[-34.920285,-8.02536],[-34.918144,-8.026985]]]}},{"type":"Feature","properties":{"id":"1261160600040","name":"Casa Amarela / Vasco da Gama / Alto do Mandu / Monteiro / Apipucos : Zeis Alto do Mandú / Alto Santa Izabel e Vila São João","city":"2611606","ivs":0.265,"idhm":0.76,"income":692.09,"cnes":24},"geometry":{"type":"MultiPolygon","coordinates":[[[[-34.919227016707616,-8.018412067813268],[-34.91769,-8.019475],[-34.917044,-8.020253],[-34.917121,-8.020463],[-34.914347,-8.02135],[-34.91464,-8.022541],[-34.912447,-8.023838],[-34.913226,-8.025842],[-34.913979,-8.024527],[-34.916153,-8.022638],[-34.916777,-8.022342],[-34.916454,-8.021623],[-34.918439,-8.021113],[-34.918501,-8.021522],[-34.917741,-8.021866],[-34.91852,-8.023297],[-34.91774,-8.024728],[-34.917681,-8.026757],[-34.918144,-8.026985],[-34.920285,-8.02536],[-34.920611,-8.025328],[-34.920602,-8.025067],[-34.921261,-8.025006],[-34.921417,-8.02442],[-34.921891,-8.024133],[-34.921161,-8.02368],[-34.921284,-8.023241],[-34.922,-8.02289],[-34.922243,-8.023197],[-34.922567,-8.022921],[-34.922145,-8.022366],[-34.921767,-8.022543],[-34.921022,-8.021389],[-34.921659,-8.020793],[-34.924107,-8.02052],[-34.923943,-8.022291],[-34.923742,-8.022634],[-34.923423,-8.022642],[-34.923698,-8.023098],[-34.925586,-8.022721],[-34.925598,-8.023816],[-34.925898,-8.024448],[-34.926441,-8.024836],[-34.927573,-8.025137],[-34.927872,-8.025805],[-34.927511,-8.026371],[-34.92775,-8.026544],[-34.927928,-8.026328],[-34.928448,-8.026666],[-34.928696,-8.02652],[-34.928627,-8.026029],[-34.929218,-8.026159],[-34.929522,-8.02564],[-34.930043,-8.025476],[-34.930802,-8.022734],[-34.931958,-8.021768],[-34.93366,-8.021254],[-34.931743,-8.019729],[-34.930217,-8.019066],[-34.930014,-8.019345],[-34.929381,-8.018616],[-34.928438,-8.018241],[-34.928542,-8.017973],[-34.927822,-8.018672],[-34.927237,-8.018847],[-34.926076,-8.018803],[-34.926053,-8.018378],[-34.924321,-8.018972],[-34.924147,-8.01774],[-34.924327,-8.017426],[-34.924071,-8.01698],[-34.922449,-8.017557],[-34.921563,-8.018107],[-34.921494,-8.018463],[-34.920282,-8.01836],[-34.920642,-8.019199],[-34.919951,-8.019542],[-34.919802,-8.019168],[-34.919337,-8.019068],[-34.919227016707616,-8.018412067813268]]],[[[-34.919227016707616,-8.018412067813268],[-34.919228,-8.018412],[-34.919227,-8.018412],[-34.919227016707616,-8.018412067813268]]]]}},{"type":"Feature","properties":{"id":"1261160600041","name":"Vasco da Gama : Zeis Casa Amarela","city":"2611606","ivs":0.451,"idhm":0.656,"income":362.15,"cnes":4},"geometry":{"type":"Polygon","coordinates":[[[-34.919227016707616,-8.018412067813268],[-34.919337,-8.019068],[-34.919802,-8.019168],[-34.919951,-8.019542],[-34.920642,-8.019199],[-34.920282,-8.01836],[-34.921494,-8.018463],[-34.921563,-8.018107],[-34.922449,-8.017557],[-34.924071,-8.01698],[-34.923745,-8.016095],[-34.923361,-8.015722],[-34.922953,-8.013408],[-34.923181,-8.012278],[-34.923155,-8.009696],[-34.922123,-8.008747],[-34.922089,-8.008183],[-34.922455,-8.007318],[-34.922351,-8.00673],[-34.922002,-8.00608],[-34.921235,-8.005973],[-34.92223,-8.004485],[-34.921542,-8.003447],[-34.919083,-8.002524],[-34.914722,-8.005669],[-34.913094,-8.006322],[-34.912259,-8.007215],[-34.914481,-8.009844],[-34.91528,-8.011828],[-34.915635,-8.011792],[-34.915636,-8.012446],[-34.91664,-8.014881],[-34.915764,-8.015254],[-34.916382,-8.015796],[-34.916448,-8.016226],[-34.917033,-8.016586],[-34.917808,-8.016633],[-34.917527,-8.018635],[-34.91769,-8.019475],[-34.919227016707616,-8.018412067813268]]]}},{"type":"Feature","properties":{"id":"1261160600042","name":"Nova Descoberta : Zeis Casa Amarela","city":"2611606","ivs":0.45,"idhm":0.643,"income":317.15,"cnes":4},"geometry":{"type":"Polygon","coordinates":[[[-34.921235,-8.005973],[-34.922002,-8.00608],[-34.922351,-8.00673],[-34.922455,-8.007318],[-34.922089,-8.008183],[-34.922123,-8.008747],[-34.923155,-8.009696],[-34.923181,-8.012278],[-34.922953,-8.013408],[-34.923361,-8.015722],[-34.924298,-8.017272],[-34.924148,-8.017914],[-34.924321,-8.018972],[-34.926053,-8.018378],[-34.926076,-8.018803],[-34.927098,-8.018846],[-34.926935,-8.018443],[-34.927448,-8.018291],[-34.926881,-8.016159],[-34.926877,-8.014792],[-34.925939,-8.013155],[-34.926109,-8.01219],[-34.927017,-8.01117],[-34.92679,-8.010904],[-34.926769,-8.009151],[-34.926313,-8.008112],[-34.925229,-8.008128],[-34.924653,-8.007542],[-34.92534,-8.006823],[-34.925534,-8.00687],[-34.926497,-8.005317],[-34.928733,-8.005436],[-34.929604,-8.005826],[-34.932171,-8.004817],[-34.932119,-8.003982],[-34.932684,-8.0039],[-34.932869,-8.00411],[-34.933579,-8.003565],[-34.933999,-8.003886],[-34.935221,-8.002939],[-34.93559,-8.00184],[-34.936684,-8.000806],[-34.936201,-7.999019],[-34.934265,-7.997738],[-34.932523,-7.997447],[-34.932466,-7.996461],[-34.93191,-7.995492],[-34.930389,-7.994516],[-34.929326,-7.995496],[-34.929063,-7.995229],[-34.928805,-7.995453],[-34.924762,-8.000162],[-34.924456,-8.000308],[-34.923714,-7.999813],[-34.923308,-8.000151],[-34.922975,-8.000857],[-34.923428,-8.001141],[-34.92364,-8.0017],[-34.922745,-8.001891],[-34.922729,-8.002507],[-34.9222,-8.003322],[-34.921572,-8.00347],[-34.92223,-8.004522],[-34.921235,-8.005973]]]}},{"type":"Feature","properties":{"id":"1261160600043","name":"Macaxeira / Córrego do Jenipapo : Zeis Casa Amarela","city":"2611606","ivs":0.446,"idhm":0.653,"income":332.24,"cnes":1},"geometry":{"type":"Polygon","coordinates":[[[-34.924653,-8.007542],[-34.925229,-8.008128],[-34.926313,-8.008112],[-34.926769,-8.009151],[-34.92679,-8.010904],[-34.927017,-8.01117],[-34.926109,-8.01219],[-34.925939,-8.013155],[-34.926877,-8.014792],[-34.926881,-8.016159],[-34.927448,-8.018291],[-34.926935,-8.018443],[-34.927237,-8.018847],[-34.928616,-8.018048],[-34.930418,-8.01624],[-34.930096,-8.016199],[-34.929399,-8.013227],[-34.930355,-8.010946],[-34.931681,-8.009213],[-34.931273,-8.008706],[-34.9322,-8.00858],[-34.932361,-8.010057],[-34.933051,-8.010018],[-34.933254,-8.012018],[-34.934498,-8.011347],[-34.936688,-8.008893],[-34.937627,-8.009008],[-34.938733,-8.000629],[-34.939461,-7.997399],[-34.939042,-7.995558],[-34.93799,-7.994137],[-34.937104,-7.995457],[-34.935724,-7.996685],[-34.935371,-7.997652],[-34.934715,-7.99803],[-34.936113,-7.998886],[-34.93674,-8.000523],[-34.936504,-8.001062],[-34.93559,-8.00184],[-34.935221,-8.002939],[-34.933999,-8.003886],[-34.933579,-8.003565],[-34.932869,-8.00411],[-34.932684,-8.0039],[-34.932119,-8.003982],[-34.932171,-8.004817],[-34.929709,-8.005801],[-34.928733,-8.005436],[-34.926497,-8.005317],[-34.925534,-8.00687],[-34.92534,-8.006823],[-34.924653,-8.007542]]]}},{"type":"Feature","properties":{"id":"1261160600044","name":"Apipucos : Zeis Apipucos e Zeis Vila Marcionila / Mussum","city":"2611606","ivs":0.287,"idhm":0.716,"income":490.37,"cnes":0},"geometry":{"type":"Polygon","coordinates":[[[-34.935044,-8.02246],[-34.936444,-8.022408],[-34.938112,-8.022008],[-34.938418,-8.022334],[-34.938424,-8.022734],[-34.93787,-8.023383],[-34.937949,-8.024107],[-34.94033,-8.026086],[-34.941263,-8.02651],[-34.941674,-8.027068],[-34.942958,-8.027441],[-34.942431,-8.01964],[-34.941882,-8.018283],[-34.939342,-8.014267],[-34.937545,-8.015194],[-34.936681,-8.018271],[-34.935758,-8.0197],[-34.93583,-8.021287],[-34.935172,-8.021505],[-34.935044,-8.02246]]]}},{"type":"Feature","properties":{"id":"1261160600045","name":"Ilha do Retiro : Zeis Caranguejo / Campo Tabaiares","city":"2611606","ivs":0.501,"idhm":0.608,"income":325.14,"cnes":1},"geometry":{"type":"Polygon","coordinates":[[[-34.903352,-8.065936],[-34.903884,-8.066886],[-34.905027,-8.067968],[-34.906855,-8.066733],[-34.907552,-8.06553],[-34.907999,-8.065344],[-34.906183,-8.065385],[-34.904233,-8.064479],[-34.903352,-8.065936]]]}},{"type":"Feature","properties":{"id":"1261160600046","name":"Dois Irmãos / Sítio dos Pintos : Rua Manoel de Medeiros","city":"2611606","ivs":0.172,"idhm":0.86,"income":1341.98,"cnes":2},"geometry":{"type":"Polygon","coordinates":[[[-34.93756,-8.009999],[-34.93776,-8.01104],[-34.939694,-8.014971],[-34.942022,-8.018565],[-34.942567,-8.020289],[-34.942734,-8.023023],[-34.943409,-8.023248],[-34.944449,-8.022757],[-34.946175,-8.021101],[-34.947887,-8.0205],[-34.949427,-8.020775],[-34.950792,-8.020491],[-34.951354,-8.020742],[-34.952293,-8.021972],[-34.953621,-8.022649],[-34.954281,-8.022841],[-34.955647,-8.022517],[-34.9553,-8.020979],[-34.954735,-8.020033],[-34.95248,-8.018065],[-34.953863,-8.017554],[-34.955642,-8.017546],[-34.956224,-8.018033],[-34.956053,-8.018235],[-34.957983,-8.018491],[-34.958082,-8.018196],[-34.958934,-8.017789],[-34.959457,-8.016683],[-34.961336,-8.016229],[-34.961969,-8.015432],[-34.96097,-8.014046],[-34.960165,-8.013899],[-34.959874,-8.014171],[-34.958913,-8.013634],[-34.95889,-8.014276],[-34.958402,-8.014343],[-34.957986,-8.013957],[-34.957817,-8.014112],[-34.957685,-8.013998],[-34.958494,-8.013252],[-34.958222,-8.013066],[-34.956503,-8.014298],[-34.955597,-8.014295],[-34.955154,-8.014034],[-34.954366,-8.014314],[-34.953783,-8.013729],[-34.953177,-8.014302],[-34.952189,-8.014291],[-34.951898,-8.014657],[-34.951321,-8.016826],[-34.950296,-8.0161],[-34.948627,-8.014076],[-34.948109,-8.014113],[-34.945831,-8.016142],[-34.945023,-8.01617],[-34.94432,-8.014957],[-34.947831,-8.009176],[-34.949175,-8.004843],[-34.949636,-8.004669],[-34.955765,-7.996699],[-34.95271,-7.994113],[-34.951392,-7.993616],[-34.945197,-7.992381],[-34.94387,-7.992382],[-34.94046,-7.993514],[-34.938616,-7.99491],[-34.939268,-7.99613],[-34.939461,-7.997399],[-34.938012,-8.005298],[-34.93756,-8.009999]]]}},{"type":"Feature","properties":{"id":"1261160600047","name":"Brejo da Guabiraba / Brejo de Beberibe / Passarinho","city":"2611606","ivs":0.497,"idhm":0.632,"income":334.5,"cnes":6},"geometry":{"type":"Polygon","coordinates":[[[-34.910292,-7.953751],[-34.913501,-7.974867],[-34.914057,-7.979997],[-34.913721,-7.982207],[-34.915314,-7.983187],[-34.915651,-7.984009],[-34.916121,-7.984181],[-34.916125,-7.984884],[-34.916599,-7.984987],[-34.916627,-7.985265],[-34.916133,-7.985551],[-34.916166,-7.986415],[-34.916723,-7.986719],[-34.916615,-7.987193],[-34.918346,-7.987234],[-34.919191,-7.987634],[-34.919051,-7.988199],[-34.91873,-7.988242],[-34.918975,-7.988734],[-34.921131,-7.990277],[-34.923589,-7.992656],[-34.922967,-7.993762],[-34.923102,-7.994905],[-34.921504,-7.998813],[-34.921107,-7.999186],[-34.921475,-7.999486],[-34.921584,-7.999965],[-34.921081,-8.000496],[-34.919086,-8.001385],[-34.917556,-8.002452],[-34.917184,-8.002342],[-34.91653,-8.002671],[-34.915938,-8.003831],[-34.915325,-8.00369],[-34.914997,-8.004223],[-34.914029,-8.004609],[-34.913907,-8.005305],[-34.913204,-8.005361],[-34.912984,-8.00574],[-34.912105,-8.006253],[-34.910332,-8.006344],[-34.910811,-8.007657],[-34.91226,-8.007188],[-34.913094,-8.006322],[-34.914722,-8.005669],[-34.919083,-8.002524],[-34.921401,-8.003448],[-34.922105,-8.003405],[-34.922729,-8.002507],[-34.922745,-8.001891],[-34.92364,-8.0017],[-34.923428,-8.001141],[-34.922975,-8.000857],[-34.923348,-8.000104],[-34.923714,-7.999813],[-34.924456,-8.000308],[-34.924762,-8.000162],[-34.928805,-7.995453],[-34.929063,-7.995229],[-34.929326,-7.995496],[-34.930389,-7.994516],[-34.93191,-7.995492],[-34.932466,-7.996461],[-34.932523,-7.997447],[-34.934189,-7.997709],[-34.934715,-7.99803],[-34.935371,-7.997652],[-34.935724,-7.996685],[-34.937104,-7.995457],[-34.93799,-7.994137],[-34.936785,-7.992407],[-34.935299,-7.989341],[-34.931858,-7.985152],[-34.931703,-7.984259],[-34.931992,-7.9823],[-34.931647,-7.981381],[-34.930043,-7.979925],[-34.927643,-7.978387],[-34.926072,-7.976884],[-34.922983,-7.975488],[-34.922182,-7.974659],[-34.920856,-7.970753],[-34.920152,-7.969425],[-34.916077,-7.963781],[-34.91496,-7.963048],[-34.913216,-7.961285],[-34.911829,-7.957507],[-34.911231,-7.954472],[-34.910804,-7.95372],[-34.910292,-7.953751]]]}},{"type":"Feature","properties":{"id":"1261160600048","name":"Guabiraba / Dois Irmãos ( Bola na Rede / Bom Clima )","city":"2611606","ivs":0.464,"idhm":0.615,"income":294.44,"cnes":4},"geometry":{"type":"Polygon","coordinates":[[[-34.909249,-7.944015],[-34.910292,-7.953751],[-34.910804,-7.95372],[-34.911231,-7.954472],[-34.911829,-7.957507],[-34.912778,-7.960388],[-34.913216,-7.961285],[-34.91417,-7.962342],[-34.916077,-7.963781],[-34.920401,-7.969802],[-34.922409,-7.974989],[-34.923265,-7.975646],[-34.926072,-7.976884],[-34.927643,-7.978387],[-34.930043,-7.979925],[-34.931647,-7.981381],[-34.931992,-7.9823],[-34.931703,-7.984259],[-34.931858,-7.985152],[-34.935187,-7.989179],[-34.937025,-7.99283],[-34.938616,-7.99491],[-34.940553,-7.993475],[-34.94367,-7.992421],[-34.945197,-7.992381],[-34.952242,-7.993844],[-34.955765,-7.996699],[-34.949636,-8.004669],[-34.955469,-8.008264],[-34.956734,-8.007601],[-34.957728,-8.006702],[-34.957034,-8.005102],[-34.964359,-8.008346],[-34.962317,-7.990408],[-34.962317,-7.990087],[-34.964059,-7.987488],[-34.964064,-7.986906],[-34.963566,-7.984597],[-34.963156,-7.983837],[-34.962309,-7.983221],[-34.962016,-7.982473],[-34.961951,-7.981494],[-34.962328,-7.980475],[-34.962271,-7.978545],[-34.962616,-7.977546],[-34.961231,-7.975585],[-34.961538,-7.974591],[-34.961917,-7.974147],[-34.963512,-7.973669],[-34.965469,-7.973563],[-34.966014,-7.973136],[-34.970936,-7.971616],[-34.970446,-7.969962],[-34.963721,-7.96195],[-34.963442,-7.961246],[-34.961872,-7.959118],[-34.961802,-7.958486],[-34.962431,-7.958243],[-34.963997,-7.958338],[-34.966736,-7.959384],[-34.971278,-7.959603],[-34.971359,-7.959193],[-34.970651,-7.959038],[-34.970721,-7.958795],[-34.970978,-7.958936],[-34.971398,-7.958589],[-34.970993,-7.957766],[-34.971071,-7.956808],[-34.973389,-7.955929],[-34.973648,-7.955437],[-34.973459,-7.955149],[-34.973572,-7.954772],[-34.973895,-7.954642],[-34.974494,-7.953514],[-34.975359,-7.952905],[-34.975722,-7.953019],[-34.975882,-7.953422],[-34.976374,-7.953377],[-34.976272,-7.953175],[-34.97656,-7.952886],[-34.97759,-7.953186],[-34.977684,-7.952976],[-34.979092,-7.95276],[-34.980632,-7.952828],[-34.980976,-7.953226],[-34.981771,-7.953471],[-34.982356,-7.953204],[-34.982704,-7.953364],[-34.982926,-7.95273],[-34.983373,-7.95244],[-34.98423,-7.952767],[-34.986037,-7.951867],[-34.986602,-7.952029],[-34.986956,-7.951586],[-34.987183,-7.951966],[-34.987828,-7.952096],[-34.989183,-7.95104],[-34.990198,-7.950898],[-34.99089,-7.950298],[-34.991255,-7.950418],[-34.991833,-7.949619],[-34.992647,-7.949183],[-34.99373,-7.949709],[-34.994384,-7.949265],[-34.994595,-7.949444],[-34.994654,-7.949202],[-34.995162,-7.949074],[-34.995138,-7.94937],[-34.995957,-7.949072],[-34.996201,-7.948367],[-34.998041,-7.94816],[-34.99825,-7.948458],[-34.999426,-7.948235],[-34.999996,-7.94827],[-35.000119,-7.948519],[-35.000241,-7.948029],[-35.000635,-7.94811],[-35.000729,-7.94769],[-35.001198,-7.947395],[-35.002171,-7.947145],[-35.002617,-7.947209],[-35.003056,-7.947625],[-35.004115,-7.946991],[-35.004201,-7.94672],[-35.005342,-7.946693],[-35.005924,-7.945847],[-35.00637,-7.946133],[-35.007519,-7.945716],[-35.008399,-7.945731],[-35.000118,-7.929206],[-34.999955,-7.929735],[-34.998659,-7.929866],[-34.998404,-7.930258],[-34.997342,-7.930193],[-34.996308,-7.931359],[-34.996564,-7.932411],[-34.99589,-7.933263],[-34.994594,-7.933317],[-34.993662,-7.932934],[-34.992701,-7.933283],[-34.992706,-7.934287],[-34.99212,-7.934285],[-34.991961,-7.93462],[-34.991503,-7.934757],[-34.991586,-7.935892],[-34.99122,-7.936294],[-34.990812,-7.93636],[-34.990932,-7.938345],[-34.990411,-7.938746],[-34.990382,-7.939147],[-34.989922,-7.938754],[-34.988688,-7.938786],[-34.98788,-7.939566],[-34.98772,-7.939488],[-34.987848,-7.940238],[-34.987528,-7.940679],[-34.986874,-7.940697],[-34.986328,-7.941007],[-34.984704,-7.940541],[-34.985095,-7.94034],[-34.984746,-7.93943],[-34.983771,-7.939691],[-34.984038,-7.940157],[-34.983386,-7.939829],[-34.983117,-7.940185],[-34.982393,-7.939796],[-34.982281,-7.940046],[-34.981966,-7.939968],[-34.981669,-7.940423],[-34.981171,-7.940556],[-34.98098,-7.941408],[-34.979506,-7.941074],[-34.978441,-7.940213],[-34.97746,-7.940027],[-34.977205,-7.939619],[-34.975217,-7.939815],[-34.974424,-7.940747],[-34.972116,-7.941185],[-34.971517,-7.940475],[-34.970565,-7.940175],[-34.970006,-7.940576],[-34.969649,-7.941389],[-34.968664,-7.941628],[-34.968414,-7.941423],[-34.968391,-7.941717],[-34.967758,-7.941791],[-34.964619,-7.94014],[-34.963158,-7.939018],[-34.960217,-7.938243],[-34.95995,-7.93769],[-34.959323,-7.937182],[-34.959079,-7.936497],[-34.958427,-7.935975],[-34.957796,-7.936303],[-34.956567,-7.935504],[-34.953955,-7.936028],[-34.952301,-7.93549],[-34.95187,-7.93501],[-34.950729,-7.932549],[-34.94902,-7.931034],[-34.948984,-7.930125],[-34.948517,-7.92952],[-34.947677,-7.930323],[-34.947135,-7.929837],[-34.945762,-7.930287],[-34.945713,-7.930027],[-34.9453,-7.930158],[-34.944998,-7.929874],[-34.942845,-7.929991],[-34.94259,-7.930885],[-34.940999,-7.931624],[-34.940188,-7.931189],[-34.938121,-7.933056],[-34.937215,-7.932991],[-34.936057,-7.932119],[-34.935315,-7.932678],[-34.934408,-7.932403],[-34.933946,-7.9325],[-34.93263,-7.933903],[-34.930502,-7.934913],[-34.929124,-7.93487],[-34.927903,-7.935677],[-34.926064,-7.935353],[-34.925478,-7.934539],[-34.925465,-7.933948],[-34.924478,-7.933977],[-34.923513,-7.933527],[-34.922621,-7.934534],[-34.922273,-7.934401],[-34.918461,-7.935928],[-34.91799,-7.935328],[-34.916162,-7.934828],[-34.915278,-7.935452],[-34.915567,-7.936118],[-34.914864,-7.936151],[-34.914289,-7.936492],[-34.913871,-7.937069],[-34.911238,-7.939107],[-34.911048,-7.939561],[-34.911284,-7.941122],[-34.911018,-7.941816],[-34.91059,-7.942791],[-34.909249,-7.944015]]]}},{"type":"Feature","properties":{"id":"1261160600049","name":"Guabiraba / Pau Ferro : Estrada do Orfanato","city":"2611606","ivs":0.267,"idhm":0.799,"income":930.13,"cnes":0},"geometry":{"type":"Polygon","coordinates":[[[-34.961707,-7.958801],[-34.963721,-7.96195],[-34.970446,-7.969962],[-34.970936,-7.971616],[-34.972218,-7.971763],[-34.973444,-7.969704],[-34.974781,-7.968861],[-34.975421,-7.968763],[-34.976438,-7.969251],[-34.977262,-7.968999],[-34.978381,-7.970042],[-34.979522,-7.970037],[-34.981397,-7.968189],[-34.981387,-7.967841],[-34.98214,-7.967596],[-34.983437,-7.96667],[-34.985577,-7.966289],[-34.987359,-7.964876],[-34.988095,-7.964639],[-34.989243,-7.963505],[-34.989888,-7.962314],[-34.990974,-7.962481],[-34.991741,-7.96225],[-34.992523,-7.961611],[-34.993823,-7.961604],[-34.995335,-7.962683],[-34.997601,-7.962714],[-34.99852,-7.963677],[-35.00008,-7.963842],[-35.002781,-7.96075],[-35.002896,-7.960221],[-35.003719,-7.959552],[-34.998647,-7.948314],[-34.99825,-7.948458],[-34.998041,-7.94816],[-34.996201,-7.948367],[-34.995957,-7.949072],[-34.995138,-7.94937],[-34.995162,-7.949074],[-34.994654,-7.949202],[-34.994595,-7.949444],[-34.994384,-7.949265],[-34.993902,-7.949687],[-34.992647,-7.949183],[-34.991833,-7.949619],[-34.991255,-7.950418],[-34.99089,-7.950298],[-34.990198,-7.950898],[-34.989183,-7.95104],[-34.987828,-7.952096],[-34.987183,-7.951966],[-34.986956,-7.951586],[-34.986602,-7.952029],[-34.986037,-7.951867],[-34.98423,-7.952767],[-34.983373,-7.95244],[-34.982926,-7.95273],[-34.982704,-7.953364],[-34.982356,-7.953204],[-34.981771,-7.953471],[-34.980976,-7.953226],[-34.980632,-7.952828],[-34.979092,-7.95276],[-34.977684,-7.952976],[-34.97759,-7.953186],[-34.97656,-7.952886],[-34.976272,-7.953175],[-34.976374,-7.953377],[-34.975882,-7.953422],[-34.975722,-7.953019],[-34.975359,-7.952905],[-34.974494,-7.953514],[-34.973895,-7.954642],[-34.973572,-7.954772],[-34.973459,-7.955149],[-34.973648,-7.955437],[-34.973389,-7.955929],[-34.971071,-7.956808],[-34.970993,-7.957766],[-34.971398,-7.958589],[-34.970978,-7.958936],[-34.970721,-7.958795],[-34.970651,-7.959038],[-34.971359,-7.959193],[-34.971278,-7.959603],[-34.966736,-7.959384],[-34.963997,-7.958338],[-34.962262,-7.958263],[-34.961802,-7.958486],[-34.961707,-7.958801]]]}},{"type":"Feature","properties":{"id":"1261160600050","name":"Madalena / Torre / Ilha do Retiro / Prado","city":"2611606","ivs":0.086,"idhm":0.93,"income":3109.3,"cnes":139},"geometry":{"type":"Polygon","coordinates":[[[-34.89974,-8.06719],[-34.900541,-8.06785],[-34.900958,-8.067767],[-34.902411,-8.0659],[-34.902944,-8.065725],[-34.903434,-8.065862],[-34.904233,-8.064479],[-34.906276,-8.065402],[-34.909003,-8.065121],[-34.909593,-8.062125],[-34.911599,-8.062547],[-34.913071,-8.062543],[-34.912193,-8.05944],[-34.911503,-8.058635],[-34.912529,-8.057469],[-34.912361,-8.056506],[-34.911688,-8.055112],[-34.912225,-8.053415],[-34.912179,-8.050036],[-34.913377,-8.04977],[-34.91337,-8.049096],[-34.913615,-8.048849],[-34.913372,-8.048024],[-34.914669,-8.048203],[-34.914882,-8.048507],[-34.917633,-8.04836],[-34.917335,-8.047538],[-34.91484,-8.047569],[-34.912499,-8.045496],[-34.912917,-8.044508],[-34.911716,-8.043537],[-34.911166,-8.045248],[-34.90994,-8.045046],[-34.911101,-8.041559],[-34.90871,-8.0409],[-34.909907,-8.038165],[-34.908315,-8.037225],[-34.907457,-8.03721],[-34.90625,-8.037766],[-34.905195,-8.038967],[-34.904895,-8.039704],[-34.904655,-8.042516],[-34.903368,-8.046393],[-34.903524,-8.048134],[-34.904338,-8.0504],[-34.904074,-8.053004],[-34.903139,-8.056116],[-34.902675,-8.056797],[-34.901333,-8.057852],[-34.900794,-8.058825],[-34.90053,-8.06107],[-34.900828,-8.063777],[-34.900732,-8.064969],[-34.900246,-8.06643],[-34.89974,-8.06719]],[[-34.908908,-8.048065],[-34.9091,-8.047464],[-34.912328,-8.04789],[-34.91223,-8.049611],[-34.91131,-8.049881],[-34.911285,-8.048575],[-34.908908,-8.048065]],[[-34.905015,-8.049893],[-34.905054,-8.047922],[-34.905915,-8.048081],[-34.90593,-8.049464],[-34.905015,-8.049893]]]}},{"type":"Feature","properties":{"id":"1261160600051","name":"Madalena : Zeis Mangueira da Torre","city":"2611606","ivs":0.356,"idhm":0.693,"income":450.91,"cnes":1},"geometry":{"type":"Polygon","coordinates":[[[-34.905054,-8.047922],[-34.905018,-8.048369],[-34.905015,-8.049893],[-34.90593,-8.049464],[-34.905915,-8.048081],[-34.905054,-8.047922]]]}},{"type":"Feature","properties":{"id":"1261160600052","name":"Madalena : Rua Dom Manoel da Costa","city":"2611606","ivs":0.255,"idhm":0.777,"income":711.84,"cnes":1},"geometry":{"type":"Polygon","coordinates":[[[-34.908908,-8.048065],[-34.911285,-8.048575],[-34.91131,-8.049881],[-34.91223,-8.049611],[-34.912328,-8.04789],[-34.9091,-8.047464],[-34.908908,-8.048065]]]}},{"type":"Feature","properties":{"id":"1261160600053","name":"Madalena : Rua Graciliano Cardoso","city":"2611606","ivs":0.28,"idhm":0.794,"income":776.65,"cnes":0},"geometry":{"type":"Polygon","coordinates":[[[-34.912111,-8.051986],[-34.912314,-8.052088],[-34.91217,-8.053968],[-34.913019,-8.054058],[-34.913138,-8.052221],[-34.914086,-8.052149],[-34.91405,-8.05171],[-34.914662,-8.05167],[-34.914574,-8.051254],[-34.913366,-8.050592],[-34.912729,-8.05106],[-34.912137,-8.051071],[-34.912111,-8.051986]]]}},{"type":"Feature","properties":{"id":"1261160600054","name":"Prado : Rua Desembargador Adolfo Ciriaco","city":"2611606","ivs":0.17,"idhm":0.842,"income":1199.86,"cnes":0},"geometry":{"type":"Polygon","coordinates":[[[-34.911503,-8.058635],[-34.911892,-8.058984],[-34.915301,-8.057845],[-34.914655,-8.05613],[-34.912414,-8.0568],[-34.912529,-8.057469],[-34.911503,-8.058635]]]}},{"type":"Feature","properties":{"id":"1261160600055","name":"Prado : Rua Engenheiro Brandão Cavalcante","city":"2611606","ivs":0.197,"idhm":0.832,"income":1049.13,"cnes":5},"geometry":{"type":"Polygon","coordinates":[[[-34.909003,-8.065121],[-34.911032,-8.064098],[-34.913301,-8.06334],[-34.914079,-8.066059],[-34.917387,-8.064457],[-34.918235,-8.063558],[-34.918233,-8.063014],[-34.918644,-8.062555],[-34.919703,-8.062285],[-34.920616,-8.062367],[-34.921146,-8.061588],[-34.916911,-8.062439],[-34.911599,-8.062547],[-34.909593,-8.062125],[-34.909003,-8.065121]]]}},{"type":"Feature","properties":{"id":"1261160600056","name":"Madalena / Zumbi / Prado : Zeis Sítio do Cardoso / Zeis Sítio do Berardo","city":"2611606","ivs":0.304,"idhm":0.709,"income":527.54,"cnes":3},"geometry":{"type":"Polygon","coordinates":[[[-34.911687,-8.055042],[-34.912345,-8.056774],[-34.914655,-8.05613],[-34.915301,-8.057845],[-34.911892,-8.058984],[-34.913071,-8.062543],[-34.917877,-8.06236],[-34.920357,-8.061783],[-34.919573,-8.05917],[-34.919201,-8.059265],[-34.919641,-8.06073],[-34.919338,-8.060834],[-34.918314,-8.056975],[-34.917787,-8.057125],[-34.917117,-8.055254],[-34.916387,-8.055489],[-34.915776,-8.053351],[-34.918866,-8.051644],[-34.917916,-8.049142],[-34.916207,-8.050184],[-34.914855,-8.050541],[-34.9141,-8.048118],[-34.913372,-8.048024],[-34.913615,-8.048849],[-34.91337,-8.049096],[-34.913377,-8.04977],[-34.912179,-8.050036],[-34.912137,-8.051071],[-34.912729,-8.05106],[-34.913366,-8.050592],[-34.914574,-8.051254],[-34.914662,-8.05167],[-34.91405,-8.05171],[-34.914086,-8.052149],[-34.913138,-8.052221],[-34.913019,-8.054058],[-34.912056,-8.053956],[-34.911687,-8.055042]]]}},{"type":"Feature","properties":{"id":"1261160600057","name":"Prado / Cordeiro / Zumbi : Rua Gomes Taborda / Zeis Prado","city":"2611606","ivs":0.265,"idhm":0.76,"income":692.09,"cnes":10},"geometry":{"type":"Polygon","coordinates":[[[-34.918314,-8.056975],[-34.919338,-8.060834],[-34.919641,-8.06073],[-34.919201,-8.059265],[-34.919573,-8.05917],[-34.920357,-8.061783],[-34.925703,-8.060476],[-34.923934,-8.055428],[-34.925893,-8.054735],[-34.924834,-8.052705],[-34.923018,-8.053858],[-34.922575,-8.053136],[-34.921893,-8.053522],[-34.921228,-8.05242],[-34.919641,-8.053078],[-34.920482,-8.054598],[-34.918761,-8.055509],[-34.91925,-8.056694],[-34.918314,-8.056975]],[[-34.919551,-8.056608],[-34.921337,-8.056115],[-34.922332,-8.058012],[-34.920745,-8.058585],[-34.920816,-8.05885],[-34.920283,-8.058987],[-34.919551,-8.056608]]]}},{"type":"Feature","properties":{"id":"1261160600058","name":"Prado : Zeis Prado","city":"2611606","ivs":0.381,"idhm":0.68,"income":398.31,"cnes":1},"geometry":{"type":"Polygon","coordinates":[[[-34.919551,-8.056608],[-34.920283,-8.058987],[-34.920816,-8.05885],[-34.920745,-8.058585],[-34.922332,-8.058012],[-34.921337,-8.056115],[-34.919551,-8.056608]]]}},{"type":"Feature","properties":{"id":"1261160600059","name":"Cordeiro : Rua Alexandre de Gusmão","city":"2611606","ivs":0.284,"idhm":0.716,"income":490.37,"cnes":1},"geometry":{"type":"Polygon","coordinates":[[[-34.926969,-8.05576],[-34.927616,-8.057926],[-34.928369,-8.057676],[-34.928923,-8.058898],[-34.929303,-8.058742],[-34.928935,-8.057932],[-34.929771,-8.057501],[-34.928795,-8.055765],[-34.928515,-8.055959],[-34.928285,-8.055306],[-34.926969,-8.05576]]]}},{"type":"Feature","properties":{"id":"1261160600060","name":"Cordeiro / Zumbi : Exposição dos Animais","city":"2611606","ivs":0.165,"idhm":0.842,"income":1199.86,"cnes":32},"geometry":{"type":"Polygon","coordinates":[[[-34.9141,-8.048118],[-34.914855,-8.050541],[-34.916207,-8.050184],[-34.917916,-8.049142],[-34.918866,-8.051644],[-34.915776,-8.053351],[-34.916387,-8.055489],[-34.917117,-8.055254],[-34.917787,-8.057125],[-34.91925,-8.056694],[-34.918761,-8.055509],[-34.920482,-8.054598],[-34.919641,-8.053078],[-34.921228,-8.05242],[-34.921893,-8.053522],[-34.922575,-8.053136],[-34.923018,-8.053858],[-34.924834,-8.052705],[-34.925893,-8.054735],[-34.923934,-8.055428],[-34.92481,-8.057718],[-34.927239,-8.057007],[-34.927337,-8.056694],[-34.926969,-8.05576],[-34.928285,-8.055306],[-34.928515,-8.055959],[-34.928795,-8.055765],[-34.929112,-8.056341],[-34.931227,-8.055151],[-34.932295,-8.056747],[-34.933696,-8.055024],[-34.933877,-8.055224],[-34.934949,-8.054648],[-34.934296,-8.053503],[-34.93493,-8.053749],[-34.935211,-8.052772],[-34.935308,-8.052418],[-34.934628,-8.052229],[-34.935533,-8.049088],[-34.932848,-8.048359],[-34.932874,-8.046872],[-34.931736,-8.046405],[-34.930935,-8.044948],[-34.929836,-8.04555],[-34.932374,-8.050077],[-34.929978,-8.051394],[-34.92935,-8.050265],[-34.929012,-8.050443],[-34.928692,-8.049871],[-34.928338,-8.050076],[-34.927358,-8.04834],[-34.927791,-8.048098],[-34.927203,-8.047034],[-34.92782,-8.046676],[-34.925103,-8.041742],[-34.922946,-8.043011],[-34.921997,-8.045277],[-34.918297,-8.047334],[-34.917335,-8.047538],[-34.917633,-8.04836],[-34.914882,-8.048507],[-34.914669,-8.048203],[-34.9141,-8.048118]]]}},{"type":"Feature","properties":{"id":"1261160600061","name":"Torre / Cordeiro ( Vila Santa Luzia )","city":"2611606","ivs":0.372,"idhm":0.705,"income":519.53,"cnes":5},"geometry":{"type":"Polygon","coordinates":[[[-34.912358,-8.042347],[-34.913588,-8.043277],[-34.912917,-8.044508],[-34.91335,-8.044705],[-34.913525,-8.045485],[-34.913194,-8.046142],[-34.91484,-8.047569],[-34.917957,-8.047471],[-34.921038,-8.045814],[-34.920647,-8.04503],[-34.920139,-8.045284],[-34.919772,-8.044544],[-34.920652,-8.04412],[-34.920811,-8.044545],[-34.921474,-8.044227],[-34.921016,-8.04316],[-34.922022,-8.043254],[-34.922426,-8.044452],[-34.923078,-8.042865],[-34.925103,-8.041742],[-34.926163,-8.043744],[-34.928221,-8.042612],[-34.926618,-8.039721],[-34.925819,-8.039004],[-34.92521,-8.039554],[-34.922447,-8.040476],[-34.918023,-8.04306],[-34.915937,-8.043276],[-34.914774,-8.043144],[-34.913601,-8.042571],[-34.912746,-8.041828],[-34.912358,-8.042347]]]}},{"type":"Feature","properties":{"id":"1261160600062","name":"Torrões : Rua Gurupi","city":"2611606","ivs":0.281,"idhm":0.794,"income":776.65,"cnes":2},"geometry":{"type":"Polygon","coordinates":[[[-34.931949,-8.060384],[-34.932285,-8.062606],[-34.935515,-8.063966],[-34.935097,-8.06277],[-34.933447,-8.060145],[-34.934223,-8.059892],[-34.934002,-8.059404],[-34.93313,-8.059805],[-34.932954,-8.059542],[-34.931949,-8.060384]]]}},{"type":"Feature","properties":{"id":"1261160600063","name":"Torrões / Cordeiro : Zeis Torrões / Zeis Vietnã","city":"2611606","ivs":0.332,"idhm":0.665,"income":371.85,"cnes":7},"geometry":{"type":"Polygon","coordinates":[[[-34.931084,-8.058136],[-34.931794,-8.059453],[-34.931949,-8.060384],[-34.932954,-8.059542],[-34.93313,-8.059805],[-34.934002,-8.059404],[-34.934223,-8.059892],[-34.933447,-8.060145],[-34.935097,-8.06277],[-34.935458,-8.063739],[-34.935515,-8.063966],[-34.932461,-8.062681],[-34.933213,-8.06452],[-34.932888,-8.064658],[-34.934396,-8.068884],[-34.94214,-8.066719],[-34.944522,-8.06337],[-34.945574,-8.060636],[-34.945374,-8.060573],[-34.944637,-8.062037],[-34.943603,-8.063348],[-34.942785,-8.063711],[-34.941688,-8.063518],[-34.939186,-8.052981],[-34.938799,-8.052885],[-34.938119,-8.052018],[-34.936618,-8.051548],[-34.93698,-8.050308],[-34.93615,-8.049355],[-34.935533,-8.049088],[-34.934628,-8.052229],[-34.935308,-8.052418],[-34.935211,-8.052772],[-34.93493,-8.053749],[-34.934296,-8.053503],[-34.934949,-8.054648],[-34.933877,-8.055224],[-34.933696,-8.055024],[-34.931084,-8.058136]]]}},{"type":"Feature","properties":{"id":"1261160600064","name":"Engenho do Meio : Rua Waldemar Falcão / Zeis Vila Redenção","city":"2611606","ivs":0.274,"idhm":0.768,"income":699.96,"cnes":3},"geometry":{"type":"Polygon","coordinates":[[[-34.940168,-8.057065],[-34.941688,-8.063518],[-34.942785,-8.063711],[-34.943326,-8.063512],[-34.944007,-8.062942],[-34.945374,-8.060573],[-34.945574,-8.060636],[-34.946318,-8.057121],[-34.944618,-8.057534],[-34.944556,-8.05691],[-34.944844,-8.056819],[-34.944671,-8.056154],[-34.945682,-8.05586],[-34.945598,-8.055564],[-34.940168,-8.057065]]]}},{"type":"Feature","properties":{"id":"1261160600065","name":"Engenho do Meio : Zeis Vila Redenção","city":"2611606","ivs":0.378,"idhm":0.68,"income":398.31,"cnes":1},"geometry":{"type":"Polygon","coordinates":[[[-34.944556,-8.05691],[-34.944618,-8.057534],[-34.946318,-8.057121],[-34.946326,-8.05536],[-34.945598,-8.055564],[-34.945682,-8.05586],[-34.944671,-8.056154],[-34.944844,-8.056819],[-34.944556,-8.05691]]]}},{"type":"Feature","properties":{"id":"1261160600066","name":"Cordeiro : Rua Bom Pastor / Canal do Cavoco","city":"2611606","ivs":0.167,"idhm":0.86,"income":1341.98,"cnes":2},"geometry":{"type":"Polygon","coordinates":[[[-34.932848,-8.048359],[-34.93615,-8.049355],[-34.93698,-8.050308],[-34.936618,-8.051548],[-34.938289,-8.052153],[-34.938784,-8.051916],[-34.940171,-8.047206],[-34.939911,-8.046998],[-34.932874,-8.046872],[-34.932848,-8.048359]]]}},{"type":"Feature","properties":{"id":"1261160600067","name":"Iputinga : Av. Caxangá","city":"2611606","ivs":0.162,"idhm":0.841,"income":1201.21,"cnes":16},"geometry":{"type":"Polygon","coordinates":[[[-34.930652,-8.041995],[-34.931959,-8.044388],[-34.938482,-8.040791],[-34.93992,-8.045263],[-34.938459,-8.045523],[-34.939115,-8.047018],[-34.939911,-8.046998],[-34.942035,-8.046058],[-34.944811,-8.046358],[-34.941888,-8.038899],[-34.945449,-8.036938],[-34.944923,-8.036276],[-34.944409,-8.034877],[-34.944556,-8.027431],[-34.942958,-8.027441],[-34.94294,-8.030165],[-34.941612,-8.034688],[-34.940951,-8.034935],[-34.939884,-8.033944],[-34.939657,-8.034352],[-34.938777,-8.034804],[-34.939094,-8.035766],[-34.937667,-8.036343],[-34.936581,-8.036258],[-34.935265,-8.036696],[-34.935813,-8.038264],[-34.932394,-8.039357],[-34.932383,-8.039047],[-34.93165,-8.03913],[-34.931841,-8.04002],[-34.932267,-8.039974],[-34.932755,-8.040862],[-34.930652,-8.041995]]]}},{"type":"Feature","properties":{"id":"1261160600068","name":"Iputinga ( Detran / Barbalho ) : Zeis Vila União","city":"2611606","ivs":0.36,"idhm":0.693,"income":450.91,"cnes":4},"geometry":{"type":"Polygon","coordinates":[[[-34.931501,-8.028973],[-34.931603,-8.029421],[-34.932109,-8.029433],[-34.932153,-8.029997],[-34.934129,-8.029921],[-34.934903,-8.034685],[-34.93711,-8.033944],[-34.93724,-8.034167],[-34.937331,-8.03449],[-34.934998,-8.035224],[-34.935265,-8.036696],[-34.936581,-8.036258],[-34.937667,-8.036343],[-34.939094,-8.035766],[-34.938777,-8.034804],[-34.939657,-8.034352],[-34.939884,-8.033944],[-34.940951,-8.034935],[-34.941612,-8.034688],[-34.942687,-8.031087],[-34.941444,-8.03114],[-34.940512,-8.029304],[-34.940093,-8.030004],[-34.93941,-8.029261],[-34.938122,-8.030688],[-34.936131,-8.029271],[-34.935027,-8.029245],[-34.931814,-8.028519],[-34.931501,-8.028973]]]}},{"type":"Feature","properties":{"id":"1261160600069","name":"Iputinga ( São João / Santa Marta / Ayrton Sena )","city":"2611606","ivs":0.497,"idhm":0.608,"income":325.14,"cnes":0},"geometry":{"type":"Polygon","coordinates":[[[-34.930755,-8.028028],[-34.931955,-8.028574],[-34.933539,-8.028783],[-34.934,-8.029056],[-34.936131,-8.029271],[-34.938122,-8.030688],[-34.93941,-8.029261],[-34.940093,-8.030004],[-34.940512,-8.029304],[-34.941444,-8.03114],[-34.942687,-8.031087],[-34.94294,-8.030165],[-34.942958,-8.027441],[-34.941674,-8.027068],[-34.941263,-8.02651],[-34.94033,-8.026086],[-34.937949,-8.024107],[-34.93787,-8.023383],[-34.938424,-8.022734],[-34.938418,-8.022334],[-34.938112,-8.022008],[-34.936058,-8.022453],[-34.933944,-8.022455],[-34.933168,-8.022801],[-34.932917,-8.023515],[-34.933161,-8.024216],[-34.933076,-8.024914],[-34.931794,-8.025905],[-34.930755,-8.028028]]]}},{"type":"Feature","properties":{"id":"1261160600070","name":"Várzea : Av. General Polidoro","city":"2611606","ivs":0.197,"idhm":0.893,"income":1871.47,"cnes":4},"geometry":{"type":"Polygon","coordinates":[[[-34.941888,-8.038899],[-34.944811,-8.046358],[-34.948017,-8.046384],[-34.947303,-8.043786],[-34.948041,-8.043593],[-34.94737,-8.040647],[-34.946533,-8.040904],[-34.945449,-8.036938],[-34.941888,-8.038899]]]}},{"type":"Feature","properties":{"id":"1261160600071","name":"Várzea / Cidade Universitária : Terminal Integrado de Passageiros - TIP","city":"2611606","ivs":0.26,"idhm":0.777,"income":711.84,"cnes":22},"geometry":{"type":"Polygon","coordinates":[[[-34.94288,-8.051962],[-34.943099,-8.053585],[-34.946237,-8.052709],[-34.946316,-8.05718],[-34.945826,-8.059644],[-34.954511,-8.056956],[-34.955315,-8.059808],[-34.955561,-8.059375],[-34.955897,-8.059459],[-34.956635,-8.06152],[-34.956825,-8.06117],[-34.962632,-8.064866],[-34.975293,-8.070821],[-34.980045,-8.072245],[-34.980551,-8.067293],[-34.986141,-8.07165],[-34.9894,-8.07117],[-34.989533,-8.070896],[-34.989254,-8.069195],[-34.990096,-8.068891],[-34.991699,-8.066732],[-34.993161,-8.066199],[-34.993774,-8.06359],[-34.993024,-8.062338],[-34.994055,-8.062154],[-34.994848,-8.062516],[-34.995094,-8.062422],[-34.99559,-8.060761],[-34.996248,-8.060892],[-34.998125,-8.062561],[-34.999015,-8.062716],[-35.000305,-8.063896],[-35.002658,-8.064017],[-35.003313,-8.062783],[-35.004897,-8.062716],[-35.006411,-8.060413],[-35.006624,-8.059659],[-35.007416,-8.059679],[-35.009377,-8.060331],[-35.009989,-8.059282],[-35.010367,-8.059045],[-35.01132,-8.059472],[-35.012314,-8.059036],[-35.012272,-8.057993],[-35.013518,-8.056914],[-35.013672,-8.056275],[-35.014496,-8.056379],[-35.015236,-8.055793],[-35.016284,-8.055964],[-35.016695,-8.055808],[-34.994784,-8.046071],[-34.994278,-8.044367],[-34.993411,-8.043313],[-34.993258,-8.042668],[-34.99343,-8.041734],[-34.987395,-8.038317],[-34.986703,-8.039478],[-34.985771,-8.03718],[-34.984769,-8.037602],[-34.984434,-8.03685],[-34.982844,-8.037538],[-34.981713,-8.035859],[-34.981362,-8.03606],[-34.98156,-8.036403],[-34.980571,-8.036965],[-34.981059,-8.037822],[-34.981849,-8.037912],[-34.981795,-8.038332],[-34.980564,-8.03818],[-34.980265,-8.039297],[-34.979495,-8.039119],[-34.978498,-8.039853],[-34.97708,-8.038167],[-34.977543,-8.037989],[-34.977469,-8.037691],[-34.978637,-8.037363],[-34.97851,-8.037005],[-34.978867,-8.036906],[-34.979376,-8.036115],[-34.979089,-8.035626],[-34.977077,-8.036162],[-34.975407,-8.035767],[-34.975317,-8.036212],[-34.972571,-8.03567],[-34.972267,-8.037481],[-34.96828,-8.038562],[-34.968498,-8.038823],[-34.960961,-8.041684],[-34.961019,-8.043115],[-34.961746,-8.044001],[-34.96241,-8.045503],[-34.96127,-8.046007],[-34.960011,-8.04745],[-34.957782,-8.046302],[-34.957881,-8.04694],[-34.954154,-8.047939],[-34.953713,-8.046349],[-34.943827,-8.04624],[-34.944277,-8.051568],[-34.94288,-8.051962]],[[-34.954613,-8.049596],[-34.959036,-8.048343],[-34.959799,-8.051198],[-34.959641,-8.053536],[-34.95856,-8.053724],[-34.958557,-8.05333],[-34.95798,-8.053069],[-34.955625,-8.053211],[-34.954613,-8.049596]]]}},{"type":"Feature","properties":{"id":"1261160600072","name":"Várzea : Rua Francisco Lisboa / Praça Quitéria","city":"2611606","ivs":0.238,"idhm":0.88,"income":1784.05,"cnes":1},"geometry":{"type":"Polygon","coordinates":[[[-34.954613,-8.049596],[-34.955625,-8.053211],[-34.95798,-8.053069],[-34.958557,-8.05333],[-34.95856,-8.053724],[-34.959641,-8.053536],[-34.959799,-8.051198],[-34.959036,-8.048343],[-34.954613,-8.049596]]]}},{"type":"Feature","properties":{"id":"1261160600073","name":"Várzea : Zeis Vila Arraes","city":"2611606","ivs":0.46,"idhm":0.615,"income":294.44,"cnes":5},"geometry":{"type":"Polygon","coordinates":[[[-34.958496,-8.042493],[-34.959395,-8.045952],[-34.959413,-8.047157],[-34.960011,-8.04745],[-34.96127,-8.046007],[-34.96241,-8.045503],[-34.961746,-8.044001],[-34.961019,-8.043115],[-34.961093,-8.042306],[-34.9606,-8.04074],[-34.959467,-8.04113],[-34.959771,-8.04211],[-34.958496,-8.042493]]]}},{"type":"Feature","properties":{"id":"1261160600074","name":"Várzea : Zeis Campo do Banco","city":"2611606","ivs":0.462,"idhm":0.623,"income":332.05,"cnes":1},"geometry":{"type":"Polygon","coordinates":[[[-34.951676,-8.045078],[-34.951969,-8.046372],[-34.953713,-8.046349],[-34.954154,-8.047939],[-34.957881,-8.04694],[-34.957782,-8.046302],[-34.956591,-8.045766],[-34.955183,-8.041219],[-34.953202,-8.042076],[-34.954138,-8.043874],[-34.952319,-8.044798],[-34.952488,-8.045065],[-34.951676,-8.045078]]]}},{"type":"Feature","properties":{"id":"1261160600075","name":"Várzea : Rua Estevão de Sá","city":"2611606","ivs":0.199,"idhm":0.832,"income":1049.13,"cnes":1},"geometry":{"type":"MultiPolygon","coordinates":[[[[-34.947303,-8.043786],[-34.948017,-8.046384],[-34.951969,-8.046372],[-34.951676,-8.045078],[-34.952488,-8.045065],[-34.952319,-8.044798],[-34.954138,-8.043874],[-34.953202,-8.042076],[-34.952115,-8.042779],[-34.947303,-8.043786]]],[[[-34.946564,-8.036322],[-34.948614,-8.039949],[-34.949486,-8.039473],[-34.94967,-8.038858],[-34.948896,-8.03847],[-34.947593,-8.037192],[-34.948471,-8.036564],[-34.948811,-8.037224],[-34.948322,-8.037447],[-34.94846,-8.037804],[-34.952039,-8.035764],[-34.951602,-8.035341],[-34.950933,-8.035287],[-34.950336,-8.034229],[-34.946564,-8.036322]]]]}},{"type":"Feature","properties":{"id":"1261160600076","name":"Várzea : Zeis Sítio Wanderley","city":"2611606","ivs":0.264,"idhm":0.76,"income":692.09,"cnes":2},"geometry":{"type":"Polygon","coordinates":[[[-34.945449,-8.036938],[-34.946533,-8.040904],[-34.94737,-8.040647],[-34.948041,-8.043593],[-34.952115,-8.042779],[-34.953129,-8.042197],[-34.950777,-8.037731],[-34.949985,-8.037892],[-34.949486,-8.039473],[-34.948614,-8.039949],[-34.946564,-8.036322],[-34.945449,-8.036938]]]}},{"type":"Feature","properties":{"id":"1261160600077","name":"Várzea ( Brasilit 2 )","city":"2611606","ivs":0.496,"idhm":0.608,"income":325.14,"cnes":0},"geometry":{"type":"Polygon","coordinates":[[[-34.954202,-8.038315],[-34.954516,-8.039593],[-34.956188,-8.039053],[-34.955733,-8.037751],[-34.954202,-8.038315]]]}},{"type":"Feature","properties":{"id":"1261160600078","name":"Várzea : Zeis Brasilit","city":"2611606","ivs":0.406,"idhm":0.644,"income":385.0,"cnes":0},"geometry":{"type":"Polygon","coordinates":[[[-34.947589,-8.037199],[-34.949556,-8.038821],[-34.950007,-8.037871],[-34.950777,-8.037731],[-34.951323,-8.038671],[-34.951999,-8.038034],[-34.952489,-8.038871],[-34.954126,-8.037984],[-34.953763,-8.035459],[-34.955238,-8.034587],[-34.955085,-8.033255],[-34.954453,-8.032398],[-34.954343,-8.033636],[-34.952979,-8.03387],[-34.952706,-8.03292],[-34.950336,-8.034229],[-34.950933,-8.035287],[-34.951602,-8.035341],[-34.952039,-8.035764],[-34.94846,-8.037804],[-34.948322,-8.037447],[-34.948811,-8.037224],[-34.948471,-8.036564],[-34.947589,-8.037199]]]}},{"type":"Feature","properties":{"id":"1261160600079","name":"Várzea : Caxangá Golf Clube","city":"2611606","ivs":0.197,"idhm":0.893,"income":1871.47,"cnes":3},"geometry":{"type":"Polygon","coordinates":[[[-34.944409,-8.034877],[-34.944923,-8.036276],[-34.945449,-8.036938],[-34.953302,-8.032594],[-34.953555,-8.033788],[-34.954343,-8.033636],[-34.954453,-8.032398],[-34.953753,-8.031506],[-34.952686,-8.031614],[-34.95261,-8.0309],[-34.953273,-8.03081],[-34.953331,-8.029985],[-34.951743,-8.030193],[-34.951686,-8.029761],[-34.95124,-8.029822],[-34.951116,-8.029099],[-34.951348,-8.027982],[-34.947144,-8.027364],[-34.944556,-8.027431],[-34.944409,-8.034877]]]}},{"type":"Feature","properties":{"id":"1261160600080","name":"Caxangá : Loteamento Nova Morada","city":"2611606","ivs":0.279,"idhm":0.796,"income":859.88,"cnes":4},"geometry":{"type":"Polygon","coordinates":[[[-34.942734,-8.023023],[-34.942958,-8.027441],[-34.947144,-8.027364],[-34.951348,-8.027982],[-34.951116,-8.029099],[-34.95124,-8.029822],[-34.951686,-8.029761],[-34.951743,-8.030193],[-34.953331,-8.029985],[-34.953273,-8.03081],[-34.95261,-8.0309],[-34.952686,-8.031614],[-34.953753,-8.031506],[-34.954127,-8.032146],[-34.957985,-8.030023],[-34.955708,-8.022489],[-34.954453,-8.022829],[-34.953621,-8.022649],[-34.952293,-8.021972],[-34.951354,-8.020742],[-34.950792,-8.020491],[-34.949427,-8.020775],[-34.947887,-8.0205],[-34.946175,-8.021101],[-34.944449,-8.022757],[-34.943653,-8.023161],[-34.942734,-8.023023]]]}},{"type":"Feature","properties":{"id":"1261160600081","name":"Várzea / Caxangá : Zeis Rosa Selvagem / Zeis Vila Felicidade","city":"2611606","ivs":0.434,"idhm":0.654,"income":356.1,"cnes":1},"geometry":{"type":"Polygon","coordinates":[[[-34.955708,-8.022489],[-34.957463,-8.028652],[-34.958604,-8.031383],[-34.963604,-8.037849],[-34.964649,-8.037061],[-34.9653,-8.037868],[-34.966665,-8.037515],[-34.96828,-8.038562],[-34.972267,-8.037481],[-34.972571,-8.03567],[-34.975317,-8.036212],[-34.975407,-8.035767],[-34.977077,-8.036162],[-34.979089,-8.035626],[-34.979376,-8.036115],[-34.978867,-8.036906],[-34.97851,-8.037005],[-34.978637,-8.037363],[-34.977469,-8.037691],[-34.977543,-8.037989],[-34.97708,-8.038167],[-34.978498,-8.039853],[-34.979495,-8.039119],[-34.980265,-8.039297],[-34.980564,-8.03818],[-34.981795,-8.038332],[-34.981849,-8.037912],[-34.981059,-8.037822],[-34.980571,-8.036965],[-34.98156,-8.036403],[-34.981362,-8.03606],[-34.981713,-8.035859],[-34.982844,-8.037538],[-34.984434,-8.03685],[-34.984769,-8.037602],[-34.985771,-8.03718],[-34.986703,-8.039478],[-34.987395,-8.038317],[-34.99343,-8.041734],[-34.99398,-8.039845],[-34.996138,-8.036854],[-34.996545,-8.035344],[-34.995984,-8.034826],[-34.996145,-8.034141],[-34.995939,-8.033979],[-34.996197,-8.033326],[-34.994388,-8.032661],[-34.993867,-8.032829],[-34.993861,-8.032457],[-34.994118,-8.032405],[-34.99375,-8.031981],[-34.993313,-8.032219],[-34.992818,-8.032061],[-34.990463,-8.032416],[-34.989628,-8.033716],[-34.987729,-8.035821],[-34.986576,-8.036592],[-34.985989,-8.03671],[-34.9843,-8.035237],[-34.98233,-8.034753],[-34.982027,-8.034131],[-34.97993,-8.032748],[-34.980153,-8.031895],[-34.980017,-8.031234],[-34.978684,-8.029365],[-34.977325,-8.029351],[-34.976721,-8.028948],[-34.976063,-8.028925],[-34.975179,-8.029864],[-34.974505,-8.02973],[-34.96846,-8.022593],[-34.967995,-8.022353],[-34.967397,-8.022546],[-34.966663,-8.022302],[-34.965977,-8.021035],[-34.963009,-8.022478],[-34.962535,-8.023889],[-34.961818,-8.024275],[-34.960697,-8.026081],[-34.956947,-8.022196],[-34.955708,-8.022489]]]}},{"type":"Feature","properties":{"id":"1261160600082","name":"Caxangá : Av. Joaquim Ribeiro","city":"2611606","ivs":0.166,"idhm":0.86,"income":1341.98,"cnes":1},"geometry":{"type":"Polygon","coordinates":[[[-34.956947,-8.022196],[-34.960697,-8.026081],[-34.961818,-8.024275],[-34.962535,-8.023889],[-34.963009,-8.022478],[-34.965977,-8.021035],[-34.965541,-8.019814],[-34.961939,-8.021379],[-34.962078,-8.020661],[-34.956947,-8.022196]]]}},{"type":"Feature","properties":{"id":"1261160600083","name":"Afogados : Zeis Caranguejo / Campo Tabaiares","city":"2611606","ivs":0.498,"idhm":0.608,"income":325.14,"cnes":0},"geometry":{"type":"Polygon","coordinates":[[[-34.905038,-8.067961],[-34.905962,-8.068544],[-34.90635,-8.069123],[-34.908376,-8.068376],[-34.907999,-8.065344],[-34.907552,-8.06553],[-34.906855,-8.066733],[-34.905038,-8.067961]]]}},{"type":"Feature","properties":{"id":"1261160600084","name":"Afogados : Estrada dos Remédios","city":"2611606","ivs":0.366,"idhm":0.705,"income":519.53,"cnes":6},"geometry":{"type":"Polygon","coordinates":[[[-34.899372,-8.08269],[-34.903238,-8.084612],[-34.906827,-8.083644],[-34.906109,-8.081209],[-34.906564,-8.080244],[-34.905569,-8.080224],[-34.904296,-8.07955],[-34.906249,-8.077253],[-34.908281,-8.078331],[-34.909412,-8.078394],[-34.912431,-8.077877],[-34.912185,-8.076582],[-34.913938,-8.076192],[-34.913539,-8.074764],[-34.912989,-8.07485],[-34.912909,-8.074367],[-34.911248,-8.074362],[-34.910594,-8.073468],[-34.909494,-8.073067],[-34.908478,-8.073406],[-34.907716,-8.073324],[-34.908235,-8.070116],[-34.909627,-8.069949],[-34.909742,-8.068285],[-34.910433,-8.067947],[-34.909955,-8.06692],[-34.909214,-8.067014],[-34.909106,-8.066778],[-34.908229,-8.067123],[-34.908376,-8.068376],[-34.90635,-8.069123],[-34.905962,-8.068544],[-34.904537,-8.067621],[-34.903506,-8.066106],[-34.902944,-8.065725],[-34.902411,-8.0659],[-34.901264,-8.067579],[-34.900541,-8.06785],[-34.901177,-8.068514],[-34.903979,-8.073764],[-34.90415,-8.074725],[-34.903876,-8.075792],[-34.902487,-8.07807],[-34.901227,-8.081889],[-34.900467,-8.082583],[-34.899372,-8.08269]]]}},{"type":"Feature","properties":{"id":"1261160600085","name":"Afogados : Zeis Afogados","city":"2611606","ivs":0.358,"idhm":0.693,"income":450.91,"cnes":4},"geometry":{"type":"Polygon","coordinates":[[[-34.90827,-8.081773],[-34.908927,-8.081871],[-34.908917,-8.083159],[-34.909791,-8.083357],[-34.910464,-8.084077],[-34.911707,-8.086191],[-34.913199,-8.088084],[-34.914246,-8.088681],[-34.916407,-8.08879],[-34.916785,-8.087925],[-34.916827,-8.086831],[-34.917777,-8.08528],[-34.91752,-8.084241],[-34.918124,-8.084002],[-34.917866,-8.082937],[-34.91718,-8.082875],[-34.916762,-8.080756],[-34.909439,-8.080295],[-34.909117,-8.081236],[-34.908355,-8.081134],[-34.90827,-8.081773]]]}},{"type":"Feature","properties":{"id":"1261160600086","name":"Afogados : Rua Madressilva","city":"2611606","ivs":0.241,"idhm":0.88,"income":1784.05,"cnes":1},"geometry":{"type":"Polygon","coordinates":[[[-34.916762,-8.080756],[-34.91718,-8.082875],[-34.917866,-8.082937],[-34.918124,-8.084002],[-34.91752,-8.084241],[-34.917777,-8.08528],[-34.918627,-8.084741],[-34.920866,-8.083973],[-34.920851,-8.08199],[-34.920199,-8.081915],[-34.920232,-8.08091],[-34.916762,-8.080756]]]}},{"type":"Feature","properties":{"id":"1261160600087","name":"Afogados / Estância / Jiquiá : Av. Central / Zeis Vila do Siri / Mangueira / Rua do Rio / Iraque","city":"2611606","ivs":0.279,"idhm":0.796,"income":859.88,"cnes":22},"geometry":{"type":"Polygon","coordinates":[[[-34.904296,-8.07955],[-34.905569,-8.080224],[-34.906564,-8.080244],[-34.906109,-8.081209],[-34.906827,-8.083644],[-34.908917,-8.083159],[-34.908927,-8.081871],[-34.90827,-8.081773],[-34.908355,-8.081134],[-34.909117,-8.081236],[-34.909439,-8.080295],[-34.920232,-8.08091],[-34.920199,-8.081915],[-34.920851,-8.08199],[-34.920866,-8.083973],[-34.918627,-8.084741],[-34.917777,-8.08528],[-34.916827,-8.086831],[-34.916785,-8.087925],[-34.916407,-8.08879],[-34.91761,-8.08882],[-34.91851,-8.089273],[-34.919116,-8.090281],[-34.919162,-8.091315],[-34.921005,-8.090651],[-34.924186,-8.090079],[-34.924377,-8.091342],[-34.923213,-8.092039],[-34.923371,-8.092551],[-34.922019,-8.093205],[-34.921796,-8.093518],[-34.922193,-8.094109],[-34.928482,-8.091201],[-34.926829,-8.089263],[-34.927449,-8.08805],[-34.928254,-8.087359],[-34.927439,-8.086397],[-34.927576,-8.085994],[-34.928747,-8.086438],[-34.929669,-8.087365],[-34.930594,-8.086349],[-34.930995,-8.086751],[-34.93127,-8.086463],[-34.9321,-8.084749],[-34.927173,-8.08329],[-34.926478,-8.083982],[-34.925366,-8.083607],[-34.925184,-8.082297],[-34.923038,-8.080026],[-34.921978,-8.079547],[-34.917424,-8.078347],[-34.917451,-8.077187],[-34.917084,-8.075354],[-34.917317,-8.075301],[-34.917058,-8.074211],[-34.912909,-8.074367],[-34.912989,-8.07485],[-34.913539,-8.074764],[-34.913938,-8.076192],[-34.912185,-8.076582],[-34.912431,-8.077877],[-34.908542,-8.078385],[-34.906249,-8.077253],[-34.904296,-8.07955]]]}},{"type":"Feature","properties":{"id":"1261160600088","name":"Afogados : Rua Cosme Viana","city":"2611606","ivs":0.314,"idhm":0.736,"income":598.43,"cnes":1},"geometry":{"type":"Polygon","coordinates":[[[-34.907716,-8.073324],[-34.908478,-8.073406],[-34.909107,-8.073072],[-34.909376,-8.071526],[-34.910265,-8.071919],[-34.911355,-8.071362],[-34.910984,-8.070608],[-34.911602,-8.070301],[-34.911301,-8.069703],[-34.912456,-8.06914],[-34.91275,-8.069733],[-34.913344,-8.069449],[-34.913723,-8.070207],[-34.913946,-8.070107],[-34.913924,-8.071074],[-34.914826,-8.070683],[-34.914141,-8.067977],[-34.913566,-8.068077],[-34.913011,-8.066662],[-34.912,-8.067181],[-34.910515,-8.064355],[-34.908814,-8.065201],[-34.907999,-8.065344],[-34.908229,-8.067123],[-34.909106,-8.066778],[-34.909214,-8.067014],[-34.909955,-8.06692],[-34.910433,-8.067947],[-34.909742,-8.068285],[-34.909627,-8.069949],[-34.908235,-8.070116],[-34.907716,-8.073324]]]}},{"type":"Feature","properties":{"id":"1261160600089","name":"Afogados : Rua Florentino Olímpio dos Santos","city":"2611606","ivs":0.199,"idhm":0.832,"income":1049.13,"cnes":0},"geometry":{"type":"Polygon","coordinates":[[[-34.910265,-8.071919],[-34.911325,-8.072354],[-34.911789,-8.072147],[-34.912031,-8.072629],[-34.913835,-8.072069],[-34.913946,-8.070107],[-34.913723,-8.070207],[-34.913344,-8.069449],[-34.91275,-8.069733],[-34.912456,-8.06914],[-34.911301,-8.069703],[-34.911602,-8.070301],[-34.910984,-8.070608],[-34.911355,-8.071362],[-34.910265,-8.071919]]]}},{"type":"Feature","properties":{"id":"1261160600090","name":"Afogados / Mustardinha / Bongi : Zeis Mustardinha","city":"2611606","ivs":0.399,"idhm":0.674,"income":402.39,"cnes":5},"geometry":{"type":"Polygon","coordinates":[[[-34.909107,-8.073072],[-34.910501,-8.073408],[-34.911025,-8.074247],[-34.911531,-8.074432],[-34.915909,-8.074243],[-34.91579,-8.07339],[-34.918236,-8.073065],[-34.917777,-8.070304],[-34.919701,-8.069931],[-34.919655,-8.070687],[-34.921661,-8.070182],[-34.921605,-8.069539],[-34.922291,-8.069838],[-34.921818,-8.068054],[-34.920763,-8.068601],[-34.920672,-8.068283],[-34.92109,-8.067639],[-34.920559,-8.06614],[-34.919181,-8.066624],[-34.919198,-8.066805],[-34.917112,-8.067315],[-34.916535,-8.064901],[-34.914079,-8.066059],[-34.913301,-8.06334],[-34.911032,-8.064098],[-34.910515,-8.064355],[-34.912,-8.067181],[-34.913011,-8.066662],[-34.913566,-8.068077],[-34.914141,-8.067977],[-34.914826,-8.070683],[-34.913924,-8.071074],[-34.913932,-8.072019],[-34.912031,-8.072629],[-34.911789,-8.072147],[-34.911325,-8.072354],[-34.909376,-8.071526],[-34.909107,-8.073072]]]}},{"type":"Feature","properties":{"id":"1261160600091","name":"Bongi / San Martin : Zeis Novo Prado","city":"2611606","ivs":0.315,"idhm":0.69,"income":461.52,"cnes":1},"geometry":{"type":"Polygon","coordinates":[[[-34.920062,-8.064794],[-34.923373,-8.063589],[-34.923918,-8.063094],[-34.926227,-8.062182],[-34.925703,-8.060476],[-34.921146,-8.061588],[-34.920641,-8.062285],[-34.920062,-8.064794]]]}},{"type":"Feature","properties":{"id":"1261160600092","name":"San Martin / Bongi : Av. Consul Vilares Fragoso","city":"2611606","ivs":0.263,"idhm":0.799,"income":930.13,"cnes":10},"geometry":{"type":"Polygon","coordinates":[[[-34.917987,-8.06383],[-34.919085,-8.066572],[-34.920559,-8.06614],[-34.92109,-8.067639],[-34.920672,-8.068283],[-34.920763,-8.068601],[-34.922838,-8.067458],[-34.923465,-8.0698],[-34.92639,-8.069002],[-34.927098,-8.071629],[-34.932735,-8.069472],[-34.930028,-8.061675],[-34.927381,-8.060558],[-34.925703,-8.060476],[-34.926227,-8.062182],[-34.923918,-8.063094],[-34.923373,-8.063589],[-34.920062,-8.064794],[-34.920616,-8.062367],[-34.919703,-8.062285],[-34.918644,-8.062555],[-34.918279,-8.062919],[-34.918235,-8.063558],[-34.917987,-8.06383]],[[-34.924289,-8.066722],[-34.92555,-8.066098],[-34.926233,-8.068474],[-34.925064,-8.068859],[-34.924289,-8.066722]]]}},{"type":"Feature","properties":{"id":"1261160600093","name":"San Martin ( Boa Idéia )","city":"2611606","ivs":0.36,"idhm":0.64,"income":360.3,"cnes":0},"geometry":{"type":"Polygon","coordinates":[[[-34.924804,-8.071812],[-34.925017,-8.072448],[-34.927098,-8.071629],[-34.92639,-8.069002],[-34.925339,-8.069284],[-34.925851,-8.071474],[-34.924804,-8.071812]]]}},{"type":"Feature","properties":{"id":"1261160600094","name":"San Martin / Mustardinha : Zeis Mangueira","city":"2611606","ivs":0.257,"idhm":0.777,"income":711.84,"cnes":9},"geometry":{"type":"Polygon","coordinates":[[[-34.915762,-8.07345],[-34.915909,-8.074243],[-34.917058,-8.074211],[-34.917317,-8.075301],[-34.920262,-8.074928],[-34.922422,-8.074274],[-34.923932,-8.073004],[-34.925153,-8.072427],[-34.925226,-8.073309],[-34.92629,-8.072864],[-34.926025,-8.074235],[-34.926737,-8.074312],[-34.926493,-8.075801],[-34.932289,-8.074611],[-34.933426,-8.072477],[-34.932735,-8.069472],[-34.925017,-8.072448],[-34.924804,-8.071812],[-34.925851,-8.071474],[-34.925339,-8.069284],[-34.923465,-8.0698],[-34.922838,-8.067458],[-34.92178,-8.068],[-34.922291,-8.069838],[-34.921605,-8.069539],[-34.921661,-8.070182],[-34.919655,-8.070687],[-34.919701,-8.069931],[-34.917777,-8.070304],[-34.918236,-8.073065],[-34.915762,-8.07345]]]}},{"type":"Feature","properties":{"id":"1261160600095","name":"Mangueira / San Martin / Jiquiá / Estância : Zeis Mangueira","city":"2611606","ivs":0.452,"idhm":0.656,"income":375.54,"cnes":3},"geometry":{"type":"Polygon","coordinates":[[[-34.917988,-8.078502],[-34.921978,-8.079547],[-34.923038,-8.080026],[-34.925184,-8.082297],[-34.925366,-8.083607],[-34.926478,-8.083982],[-34.928121,-8.082302],[-34.929585,-8.082758],[-34.930045,-8.081194],[-34.930655,-8.08138],[-34.931076,-8.079917],[-34.932344,-8.080181],[-34.932643,-8.079237],[-34.933421,-8.079405],[-34.933626,-8.078096],[-34.934045,-8.078005],[-34.934333,-8.077627],[-34.93468,-8.077749],[-34.938521,-8.072051],[-34.938852,-8.070803],[-34.934484,-8.068864],[-34.932735,-8.069472],[-34.933426,-8.072477],[-34.932485,-8.074501],[-34.926493,-8.075801],[-34.926737,-8.074312],[-34.926025,-8.074235],[-34.92629,-8.072864],[-34.925226,-8.073309],[-34.925153,-8.072427],[-34.923932,-8.073004],[-34.92249,-8.074247],[-34.919313,-8.075014],[-34.919447,-8.076976],[-34.918604,-8.077172],[-34.918885,-8.077525],[-34.918459,-8.07795],[-34.918087,-8.077871],[-34.917988,-8.078502]]]}},{"type":"Feature","properties":{"id":"1261160600096","name":"Curado : Jardim Botânico / BR 232 / Ceasa","city":"2611606","ivs":0.435,"idhm":0.654,"income":356.1,"cnes":4},"geometry":{"type":"Polygon","coordinates":[[[-34.934484,-8.068864],[-34.938852,-8.070803],[-34.938561,-8.071984],[-34.936707,-8.07473],[-34.937688,-8.074632],[-34.940474,-8.075274],[-34.946325,-8.075079],[-34.946404,-8.076028],[-34.947309,-8.076586],[-34.947738,-8.076084],[-34.948685,-8.075621],[-34.950204,-8.07549],[-34.950792,-8.075607],[-34.950903,-8.075847],[-34.951676,-8.075619],[-34.953921,-8.071065],[-34.95829,-8.077255],[-34.962196,-8.081852],[-34.967975,-8.08114],[-34.970051,-8.080655],[-34.970221,-8.080437],[-34.971035,-8.081072],[-34.970922,-8.081358],[-34.971153,-8.081564],[-34.971285,-8.080848],[-34.972273,-8.079403],[-34.971706,-8.078887],[-34.971613,-8.078495],[-34.972649,-8.078196],[-34.973374,-8.0784],[-34.97386,-8.078258],[-34.97405,-8.079002],[-34.975302,-8.079172],[-34.975982,-8.080374],[-34.976489,-8.080551],[-34.976595,-8.08032],[-34.976266,-8.07987],[-34.976384,-8.07972],[-34.976502,-8.079876],[-34.976851,-8.079266],[-34.977154,-8.079454],[-34.977351,-8.079285],[-34.977384,-8.07817],[-34.978932,-8.077877],[-34.97909,-8.076364],[-34.979432,-8.075947],[-34.980668,-8.075434],[-34.983167,-8.075833],[-34.983822,-8.074912],[-34.984527,-8.075101],[-34.98521,-8.07425],[-34.985857,-8.074624],[-34.986289,-8.074328],[-34.985659,-8.071947],[-34.986141,-8.07165],[-34.986082,-8.071458],[-34.985609,-8.071317],[-34.980551,-8.067293],[-34.980045,-8.072245],[-34.975293,-8.070821],[-34.962632,-8.064866],[-34.956825,-8.06117],[-34.956635,-8.06152],[-34.955897,-8.059459],[-34.955561,-8.059375],[-34.955315,-8.059808],[-34.954511,-8.056956],[-34.945826,-8.059644],[-34.944522,-8.06337],[-34.94214,-8.066719],[-34.934484,-8.068864]],[[-34.963474,-8.079278],[-34.967283,-8.078917],[-34.971135,-8.078792],[-34.970765,-8.079014],[-34.963551,-8.079621],[-34.963474,-8.079278]]]}},{"type":"Feature","properties":{"id":"1261160600097","name":"Curado : Conjunto Habitacional Jardim Botânico","city":"2611606","ivs":0.162,"idhm":0.842,"income":1199.86,"cnes":0},"geometry":{"type":"Polygon","coordinates":[[[-34.963474,-8.079278],[-34.963551,-8.079621],[-34.970765,-8.079014],[-34.971135,-8.078792],[-34.963474,-8.079278]]]}},{"type":"Feature","properties":{"id":"1261160600098","name":"Coqueiral / Tejipió / Sancho / Totó : Zeis Cavaleiro","city":"2611606","ivs":0.397,"idhm":0.674,"income":402.39,"cnes":1},"geometry":{"type":"Polygon","coordinates":[[[-34.961396,-8.091988],[-34.96581,-8.09472],[-34.966203,-8.094141],[-34.964346,-8.093128],[-34.965248,-8.092123],[-34.965104,-8.091469],[-34.966386,-8.091091],[-34.967843,-8.091291],[-34.968167,-8.089876],[-34.969545,-8.089302],[-34.969276,-8.08892],[-34.969755,-8.088669],[-34.969568,-8.088137],[-34.970179,-8.088119],[-34.970266,-8.087494],[-34.971335,-8.087652],[-34.971654,-8.088221],[-34.973216,-8.087407],[-34.973547,-8.086146],[-34.973255,-8.085673],[-34.971899,-8.084833],[-34.971261,-8.083936],[-34.971234,-8.082458],[-34.970806,-8.081897],[-34.971173,-8.081524],[-34.970922,-8.081358],[-34.971035,-8.081072],[-34.970221,-8.080437],[-34.970051,-8.080655],[-34.967975,-8.08114],[-34.964486,-8.081563],[-34.965909,-8.084552],[-34.965898,-8.085396],[-34.966229,-8.085708],[-34.96516,-8.088285],[-34.965021,-8.091239],[-34.963338,-8.091738],[-34.963273,-8.091506],[-34.962681,-8.091632],[-34.961586,-8.091412],[-34.961396,-8.091988]]]}},{"type":"Feature","properties":{"id":"1261160600099","name":"Sancho : Rua Aprígio Guimarães / Presídio Professor Aníbal Bruno / Zeis Coqueiral","city":"2611606","ivs":0.354,"idhm":0.695,"income":442.59,"cnes":6},"geometry":{"type":"Polygon","coordinates":[[[-34.95898,-8.086145],[-34.959205,-8.087964],[-34.962,-8.087394],[-34.9622,-8.089235],[-34.962762,-8.088814],[-34.965134,-8.08845],[-34.965588,-8.086883],[-34.966229,-8.085708],[-34.965898,-8.085396],[-34.965909,-8.084552],[-34.964486,-8.081563],[-34.961958,-8.081886],[-34.96212,-8.083284],[-34.959753,-8.085046],[-34.959934,-8.085304],[-34.95898,-8.086145]]]}},{"type":"Feature","properties":{"id":"1261160600100","name":"Tejipió / Sancho / Curado : Av. Liberdade / Zeis Planeta dos Macacos","city":"2611606","ivs":0.274,"idhm":0.768,"income":699.96,"cnes":2},"geometry":{"type":"Polygon","coordinates":[[[-34.951676,-8.075619],[-34.951712,-8.077692],[-34.952417,-8.077919],[-34.953564,-8.0789],[-34.953994,-8.079727],[-34.95461,-8.080301],[-34.954559,-8.080552],[-34.955202,-8.081137],[-34.954853,-8.081746],[-34.954946,-8.082015],[-34.955653,-8.081833],[-34.955853,-8.082046],[-34.955866,-8.082258],[-34.955379,-8.08256],[-34.955556,-8.082858],[-34.954424,-8.083901],[-34.954413,-8.083271],[-34.953896,-8.083212],[-34.953832,-8.084166],[-34.954528,-8.085369],[-34.956364,-8.084214],[-34.956359,-8.088047],[-34.956897,-8.087958],[-34.956913,-8.088811],[-34.956898,-8.089097],[-34.956347,-8.089079],[-34.95634,-8.09005],[-34.956124,-8.090224],[-34.957647,-8.090596],[-34.957404,-8.091775],[-34.959628,-8.093018],[-34.960148,-8.093198],[-34.961251,-8.092674],[-34.961919,-8.093065],[-34.962976,-8.093233],[-34.962963,-8.093675],[-34.963441,-8.093171],[-34.961396,-8.091988],[-34.961586,-8.091412],[-34.962681,-8.091632],[-34.963273,-8.091506],[-34.963338,-8.091738],[-34.965021,-8.091239],[-34.965134,-8.08845],[-34.962762,-8.088814],[-34.9622,-8.089235],[-34.962,-8.087394],[-34.959205,-8.087964],[-34.95898,-8.086145],[-34.959934,-8.085304],[-34.959753,-8.085046],[-34.96212,-8.083284],[-34.961958,-8.081886],[-34.962194,-8.081841],[-34.95829,-8.077255],[-34.953921,-8.071065],[-34.951676,-8.075619]]]}},{"type":"Feature","properties":{"id":"1261160600101","name":"Barro : Vila dos Milagres / Mata do Barro / Zeis Tejipió","city":"2611606","ivs":0.501,"idhm":0.641,"income":332.89,"cnes":3},"geometry":{"type":"Polygon","coordinates":[[[-34.946892,-8.10945],[-34.947614,-8.109932],[-34.95209,-8.110706],[-34.951971,-8.111535],[-34.95358,-8.111943],[-34.95564,-8.11353],[-34.956813,-8.111735],[-34.959261,-8.110593],[-34.960413,-8.110423],[-34.961807,-8.109601],[-34.961957,-8.108984],[-34.962663,-8.108369],[-34.96279,-8.10711],[-34.963314,-8.106476],[-34.96283,-8.106244],[-34.962686,-8.103854],[-34.963007,-8.101552],[-34.962687,-8.101485],[-34.962917,-8.099674],[-34.962277,-8.099571],[-34.961988,-8.098304],[-34.962315,-8.096267],[-34.961378,-8.095045],[-34.961679,-8.093806],[-34.962522,-8.093924],[-34.962963,-8.093675],[-34.962976,-8.093233],[-34.961919,-8.093065],[-34.961251,-8.092674],[-34.960056,-8.093198],[-34.957404,-8.091775],[-34.956708,-8.092214],[-34.956057,-8.09195],[-34.955515,-8.092177],[-34.953138,-8.092074],[-34.951891,-8.092851],[-34.949154,-8.094018],[-34.948472,-8.094673],[-34.949849,-8.096945],[-34.950074,-8.0992],[-34.949681,-8.100496],[-34.948325,-8.102887],[-34.948746,-8.105197],[-34.948677,-8.106002],[-34.946892,-8.10945]]]}},{"type":"Feature","properties":{"id":"1261160600102","name":"Curado : Zeis Planeta dos Macacos","city":"2611606","ivs":0.503,"idhm":0.641,"income":332.89,"cnes":0},"geometry":{"type":"Polygon","coordinates":[[[-34.947309,-8.076586],[-34.94739,-8.077552],[-34.949208,-8.077431],[-34.950247,-8.077916],[-34.950758,-8.07786],[-34.95172,-8.078638],[-34.952431,-8.08077],[-34.953784,-8.082659],[-34.953896,-8.083212],[-34.954413,-8.083271],[-34.954424,-8.083901],[-34.955556,-8.082858],[-34.955379,-8.08256],[-34.955866,-8.082258],[-34.955836,-8.081999],[-34.955653,-8.081833],[-34.955169,-8.082084],[-34.954907,-8.081965],[-34.955202,-8.081137],[-34.954559,-8.080552],[-34.95461,-8.080301],[-34.953994,-8.079727],[-34.953564,-8.0789],[-34.952417,-8.077919],[-34.951712,-8.077692],[-34.951676,-8.075619],[-34.950903,-8.075847],[-34.950792,-8.075607],[-34.950204,-8.07549],[-34.948685,-8.075621],[-34.947738,-8.076084],[-34.947309,-8.076586]]]}},{"type":"Feature","properties":{"id":"1261160600103","name":"Jardim São Paulo : Zeis Jardim São Paulo II / Zeis Planeta dos Macacos","city":"2611606","ivs":0.315,"idhm":0.736,"income":598.43,"cnes":10},"geometry":{"type":"Polygon","coordinates":[[[-34.940197,-8.080847],[-34.944778,-8.082836],[-34.945551,-8.082586],[-34.945804,-8.081992],[-34.949817,-8.0843],[-34.950687,-8.082324],[-34.950792,-8.081447],[-34.951288,-8.081545],[-34.952318,-8.082112],[-34.951073,-8.084927],[-34.953448,-8.0863],[-34.954528,-8.085369],[-34.953843,-8.084231],[-34.953844,-8.082778],[-34.952431,-8.08077],[-34.95172,-8.078638],[-34.950758,-8.07786],[-34.950247,-8.077916],[-34.949208,-8.077431],[-34.94739,-8.077552],[-34.947309,-8.076585],[-34.946404,-8.076028],[-34.946325,-8.075079],[-34.942764,-8.075133],[-34.942811,-8.075786],[-34.942647,-8.075544],[-34.941595,-8.077668],[-34.942857,-8.079012],[-34.943066,-8.079872],[-34.940966,-8.079104],[-34.940197,-8.080847]]]}},{"type":"Feature","properties":{"id":"1261160600104","name":"Jardim São Paulo : Rua Miracema","city":"2611606","ivs":0.257,"idhm":0.827,"income":1172.92,"cnes":0},"geometry":{"type":"Polygon","coordinates":[[[-34.949817,-8.0843],[-34.951073,-8.084927],[-34.952289,-8.082051],[-34.950792,-8.081447],[-34.950687,-8.082324],[-34.949817,-8.0843]]]}},{"type":"Feature","properties":{"id":"1261160600105","name":"Jardim São Paulo : BR 101 / Av. Central","city":"2611606","ivs":0.313,"idhm":0.736,"income":598.43,"cnes":2},"geometry":{"type":"Polygon","coordinates":[[[-34.934895,-8.085573],[-34.93839,-8.086548],[-34.941135,-8.086368],[-34.943151,-8.087284],[-34.943627,-8.086652],[-34.9455,-8.085307],[-34.943887,-8.083548],[-34.943288,-8.082195],[-34.940197,-8.080847],[-34.939946,-8.081403],[-34.941964,-8.082282],[-34.940248,-8.085497],[-34.939293,-8.086009],[-34.937675,-8.084847],[-34.938036,-8.084006],[-34.937145,-8.083873],[-34.937047,-8.084417],[-34.935349,-8.083926],[-34.934895,-8.085573]]]}},{"type":"Feature","properties":{"id":"1261160600106","name":"Jardim São Paulo : Av. Recife / Zeis Jardim São Paulo I","city":"2611606","ivs":0.371,"idhm":0.705,"income":519.53,"cnes":0},"geometry":{"type":"Polygon","coordinates":[[[-34.93468,-8.077749],[-34.935873,-8.076626],[-34.938856,-8.076292],[-34.939796,-8.076845],[-34.93948,-8.077482],[-34.938842,-8.077803],[-34.941105,-8.078792],[-34.940966,-8.079104],[-34.943066,-8.079872],[-34.942857,-8.079012],[-34.941595,-8.077668],[-34.942647,-8.075544],[-34.942811,-8.075786],[-34.942764,-8.075133],[-34.940074,-8.075251],[-34.937688,-8.074632],[-34.936823,-8.074685],[-34.93468,-8.077749]]]}},{"type":"Feature","properties":{"id":"1261160600107","name":"Jardim São Paulo : Praça Jardim São Paulo","city":"2611606","ivs":0.161,"idhm":0.841,"income":1201.21,"cnes":9},"geometry":{"type":"Polygon","coordinates":[[[-34.9344,-8.085421],[-34.934895,-8.085573],[-34.935349,-8.083926],[-34.937047,-8.084417],[-34.937145,-8.083873],[-34.938036,-8.084006],[-34.937675,-8.084847],[-34.939293,-8.086009],[-34.940248,-8.085497],[-34.941964,-8.082282],[-34.939946,-8.081403],[-34.941105,-8.078792],[-34.938482,-8.077609],[-34.937359,-8.077992],[-34.938038,-8.079467],[-34.936057,-8.080396],[-34.935168,-8.079971],[-34.9344,-8.085421]]]}},{"type":"Feature","properties":{"id":"1261160600109","name":"Jardim São Paulo / Barro : Zeis Areias / Zeis Barro","city":"2611606","ivs":0.357,"idhm":0.693,"income":450.91,"cnes":0},"geometry":{"type":"Polygon","coordinates":[[[-34.938122,-8.088251],[-34.939012,-8.088312],[-34.93895,-8.089431],[-34.941233,-8.089837],[-34.941241,-8.090519],[-34.943478,-8.090562],[-34.943419,-8.091742],[-34.944478,-8.092034],[-34.946758,-8.091358],[-34.946769,-8.089452],[-34.948684,-8.089631],[-34.948754,-8.087963],[-34.950066,-8.085971],[-34.951519,-8.087008],[-34.952683,-8.085818],[-34.945804,-8.081992],[-34.945551,-8.082586],[-34.944865,-8.082835],[-34.943288,-8.082195],[-34.943887,-8.083548],[-34.9455,-8.085307],[-34.943627,-8.086652],[-34.943151,-8.087284],[-34.940998,-8.08634],[-34.938969,-8.086539],[-34.938122,-8.088251]]]}},{"type":"Feature","properties":{"id":"1261160600110","name":"Areias : Zeis Capuá","city":"2611606","ivs":0.359,"idhm":0.693,"income":450.91,"cnes":4},"geometry":{"type":"Polygon","coordinates":[[[-34.932858,-8.088578],[-34.933818,-8.089544],[-34.93443,-8.088958],[-34.935666,-8.0898],[-34.936084,-8.089554],[-34.9362,-8.088199],[-34.934839,-8.085752],[-34.934151,-8.085362],[-34.933715,-8.086841],[-34.933765,-8.08751],[-34.932858,-8.088578]]]}},{"type":"Feature","properties":{"id":"1261160600111","name":"Areias / Barro : Av. Dr. José Rufino","city":"2611606","ivs":0.278,"idhm":0.794,"income":776.65,"cnes":9},"geometry":{"type":"Polygon","coordinates":[[[-34.928722,-8.095837],[-34.932747,-8.099636],[-34.934715,-8.09916],[-34.934787,-8.101346],[-34.936476,-8.10141],[-34.936876,-8.100029],[-34.937744,-8.10013],[-34.938005,-8.099219],[-34.939702,-8.099382],[-34.93984,-8.100889],[-34.940336,-8.100419],[-34.941909,-8.099902],[-34.942849,-8.099206],[-34.942298,-8.098618],[-34.943187,-8.096842],[-34.943616,-8.093237],[-34.942937,-8.092978],[-34.94273,-8.093464],[-34.942164,-8.0936],[-34.942205,-8.09454],[-34.939188,-8.095157],[-34.937812,-8.093216],[-34.937652,-8.09228],[-34.938822,-8.092549],[-34.938714,-8.091018],[-34.940739,-8.091608],[-34.943419,-8.091742],[-34.943478,-8.090562],[-34.941241,-8.090519],[-34.941233,-8.089837],[-34.93895,-8.089431],[-34.939012,-8.088312],[-34.938122,-8.088251],[-34.938969,-8.086539],[-34.937664,-8.08641],[-34.9321,-8.084749],[-34.93144,-8.086243],[-34.929833,-8.088334],[-34.928722,-8.095837]],[[-34.932858,-8.088578],[-34.933765,-8.08751],[-34.933715,-8.086841],[-34.934151,-8.085362],[-34.934839,-8.085752],[-34.9362,-8.088199],[-34.936084,-8.089554],[-34.935666,-8.0898],[-34.93443,-8.088958],[-34.933818,-8.089544],[-34.932858,-8.088578]]]}},{"type":"Feature","properties":{"id":"1261160600112","name":"Areias / Caçote : Zeis Jardim Uchôa / Zeis Beirinha / Zeis Caçote","city":"2611606","ivs":0.361,"idhm":0.64,"income":360.3,"cnes":15},"geometry":{"type":"Polygon","coordinates":[[[-34.921397,-8.09724],[-34.923758,-8.100496],[-34.924985,-8.101777],[-34.925773,-8.102131],[-34.928644,-8.102376],[-34.93219,-8.104587],[-34.933922,-8.104789],[-34.936214,-8.104487],[-34.937455,-8.104609],[-34.937843,-8.104324],[-34.938894,-8.102138],[-34.93984,-8.100889],[-34.939702,-8.099382],[-34.938005,-8.099219],[-34.937744,-8.10013],[-34.936876,-8.100029],[-34.936476,-8.10141],[-34.934787,-8.101346],[-34.934715,-8.09916],[-34.932747,-8.099636],[-34.928722,-8.095837],[-34.9282,-8.0996],[-34.92503,-8.099166],[-34.925202,-8.097981],[-34.924947,-8.097234],[-34.923906,-8.096213],[-34.924064,-8.095099],[-34.92328,-8.095605],[-34.923114,-8.095432],[-34.922759,-8.095802],[-34.922856,-8.096264],[-34.921397,-8.09724]]]}},{"type":"Feature","properties":{"id":"1261160600113","name":"Areias : Residencial Inez Andreazza","city":"2611606","ivs":0.195,"idhm":0.832,"income":1049.13,"cnes":6},"geometry":{"type":"Polygon","coordinates":[[[-34.919846,-8.095828],[-34.920264,-8.09668],[-34.921397,-8.09724],[-34.922856,-8.096264],[-34.922759,-8.095802],[-34.923114,-8.095432],[-34.92328,-8.095605],[-34.924064,-8.095099],[-34.923906,-8.096213],[-34.924947,-8.097234],[-34.925202,-8.097981],[-34.92503,-8.099166],[-34.9282,-8.0996],[-34.929449,-8.09077],[-34.919928,-8.095175],[-34.919846,-8.095828]]]}},{"type":"Feature","properties":{"id":"1261160600114","name":"Estância : Zeis Rua do Rio / Iraque","city":"2611606","ivs":0.366,"idhm":0.64,"income":360.3,"cnes":0},"geometry":{"type":"Polygon","coordinates":[[[-34.926829,-8.089263],[-34.928482,-8.091201],[-34.929449,-8.09077],[-34.929833,-8.088334],[-34.930995,-8.086751],[-34.930594,-8.086349],[-34.929669,-8.087365],[-34.928747,-8.086438],[-34.927576,-8.085994],[-34.927439,-8.086397],[-34.928254,-8.087359],[-34.927449,-8.08805],[-34.926829,-8.089263]]]}},{"type":"Feature","properties":{"id":"1261160600115","name":"Boa Viagem / Pina : Orla","city":"2611606","ivs":0.069,"idhm":0.95,"income":7669.31,"cnes":60},"geometry":{"type":"Polygon","coordinates":[[[-34.880197,-8.090307],[-34.88083,-8.091704],[-34.880768,-8.093884],[-34.882292,-8.098722],[-34.883686,-8.101412],[-34.884763,-8.102894],[-34.889135,-8.112262],[-34.896012,-8.123559],[-34.897617,-8.128088],[-34.900382,-8.134177],[-34.903193,-8.141974],[-34.905988,-8.147939],[-34.907088,-8.147383],[-34.906566,-8.146328],[-34.908203,-8.145591],[-34.90982,-8.142734],[-34.90739,-8.143912],[-34.906279,-8.141099],[-34.905958,-8.141237],[-34.905516,-8.140212],[-34.904667,-8.140432],[-34.903586,-8.137039],[-34.905255,-8.136936],[-34.904369,-8.134087],[-34.9047,-8.133882],[-34.902622,-8.132928],[-34.902572,-8.131669],[-34.901428,-8.132055],[-34.901336,-8.131474],[-34.900316,-8.131802],[-34.900024,-8.131125],[-34.900479,-8.130965],[-34.899761,-8.128555],[-34.899127,-8.128794],[-34.898876,-8.128068],[-34.900074,-8.127603],[-34.899043,-8.124905],[-34.898252,-8.125051],[-34.898083,-8.1243],[-34.898764,-8.124133],[-34.898626,-8.123752],[-34.897468,-8.12392],[-34.8983,-8.12287],[-34.897415,-8.120983],[-34.898586,-8.120839],[-34.897936,-8.119789],[-34.896977,-8.120255],[-34.894597,-8.116187],[-34.895475,-8.115758],[-34.894963,-8.114921],[-34.893214,-8.11582],[-34.891817,-8.113404],[-34.892572,-8.112914],[-34.891404,-8.110993],[-34.890608,-8.111426],[-34.889744,-8.109533],[-34.889562,-8.108903],[-34.889992,-8.108326],[-34.889689,-8.10767],[-34.888551,-8.107692],[-34.888824,-8.106993],[-34.888343,-8.106496],[-34.888248,-8.105991],[-34.888664,-8.105432],[-34.886695,-8.101076],[-34.887424,-8.100749],[-34.886515,-8.098733],[-34.885787,-8.099073],[-34.885194,-8.097675],[-34.885891,-8.09744],[-34.88617,-8.097746],[-34.886244,-8.097356],[-34.886791,-8.097256],[-34.886481,-8.095636],[-34.886254,-8.095092],[-34.884055,-8.09563],[-34.88357,-8.093953],[-34.8841,-8.093819],[-34.883567,-8.090435],[-34.882788,-8.089616],[-34.882703,-8.08889],[-34.882718,-8.088292],[-34.883428,-8.08708],[-34.882417,-8.086972],[-34.881593,-8.088996],[-34.881521,-8.089987],[-34.880197,-8.090307]]]}},{"type":"Feature","properties":{"id":"1261160600116","name":"Pina : Av. Conselheiro Aguiar / Zeis Pina / Encanta Moça e Zeis Brasília Teimosa","city":"2611606","ivs":0.238,"idhm":0.88,"income":1784.05,"cnes":7},"geometry":{"type":"Polygon","coordinates":[[[-34.882696,-8.088427],[-34.882788,-8.089616],[-34.883567,-8.090435],[-34.8841,-8.093819],[-34.88357,-8.093953],[-34.884055,-8.09563],[-34.88536,-8.095293],[-34.884877,-8.094367],[-34.886151,-8.093898],[-34.885316,-8.090673],[-34.884764,-8.091208],[-34.884401,-8.089563],[-34.884255,-8.089647],[-34.883369,-8.088825],[-34.88413,-8.088033],[-34.883772,-8.087654],[-34.884002,-8.087277],[-34.883428,-8.08708],[-34.882696,-8.088427]]]}},{"type":"Feature","properties":{"id":"1261160600117","name":"Brasília Teimosa : Zeis Brasília Teimosa","city":"2611606","ivs":0.317,"idhm":0.69,"income":461.52,"cnes":4},"geometry":{"type":"Polygon","coordinates":[[[-34.873585,-8.074729],[-34.874543,-8.077582],[-34.875243,-8.078797],[-34.87791,-8.08539],[-34.878983,-8.088626],[-34.879666,-8.089137],[-34.880197,-8.090307],[-34.881521,-8.089987],[-34.881593,-8.088996],[-34.882417,-8.086972],[-34.884002,-8.087277],[-34.885961,-8.08506],[-34.88658,-8.085459],[-34.888238,-8.083731],[-34.886164,-8.083852],[-34.879791,-8.08092],[-34.875212,-8.077622],[-34.874814,-8.077139],[-34.873782,-8.074634],[-34.873585,-8.074729]]]}},{"type":"Feature","properties":{"id":"1261160600118","name":"Pina : Av. Herculano Bandeira / Rua Manoel de Brito","city":"2611606","ivs":0.132,"idhm":0.919,"income":2478.45,"cnes":2},"geometry":{"type":"Polygon","coordinates":[[[-34.88658,-8.085459],[-34.888509,-8.0873],[-34.89008,-8.085556],[-34.888896,-8.08489],[-34.887978,-8.085878],[-34.887049,-8.08496],[-34.88658,-8.085459]]]}},{"type":"Feature","properties":{"id":"1261160600119","name":"Pina : Shopping Rio Mar","city":"2611606","ivs":0.264,"idhm":0.799,"income":930.13,"cnes":173},"geometry":{"type":"Polygon","coordinates":[[[-34.883772,-8.087654],[-34.88413,-8.088033],[-34.884443,-8.087706],[-34.885019,-8.088943],[-34.885947,-8.087963],[-34.887437,-8.089252],[-34.887869,-8.088612],[-34.888262,-8.088735],[-34.889061,-8.087832],[-34.890042,-8.088789],[-34.891279,-8.087615],[-34.89179,-8.088884],[-34.895434,-8.088508],[-34.89639,-8.088673],[-34.896274,-8.086977],[-34.899947,-8.08672],[-34.899372,-8.08269],[-34.895936,-8.082299],[-34.888575,-8.083381],[-34.887049,-8.08496],[-34.887978,-8.085878],[-34.88964,-8.084034],[-34.890054,-8.084385],[-34.891473,-8.084637],[-34.890644,-8.085115],[-34.890582,-8.085786],[-34.89008,-8.085556],[-34.888509,-8.0873],[-34.886015,-8.085034],[-34.883772,-8.087654]]]}},{"type":"Feature","properties":{"id":"1261160600120","name":"Pina ( Jardim Beira Rio / Bode II ) : Zeis Pina / Encanta Moça","city":"2611606","ivs":0.405,"idhm":0.644,"income":385.0,"cnes":22},"geometry":{"type":"Polygon","coordinates":[[[-34.88665,-8.093938],[-34.887344,-8.096091],[-34.88735,-8.095059],[-34.887671,-8.09485],[-34.888184,-8.095552],[-34.888775,-8.094942],[-34.889691,-8.095651],[-34.892161,-8.092301],[-34.891677,-8.091894],[-34.890706,-8.091591],[-34.891182,-8.090942],[-34.891603,-8.089573],[-34.894669,-8.08967],[-34.899774,-8.090559],[-34.900274,-8.089266],[-34.899947,-8.08672],[-34.896274,-8.086977],[-34.89639,-8.088673],[-34.895434,-8.088508],[-34.89179,-8.088884],[-34.891279,-8.087615],[-34.890042,-8.088789],[-34.889061,-8.087832],[-34.888262,-8.088735],[-34.887869,-8.088612],[-34.887437,-8.089252],[-34.887928,-8.089567],[-34.887633,-8.091354],[-34.887755,-8.092825],[-34.886669,-8.093222],[-34.88665,-8.093938]]]}},{"type":"Feature","properties":{"id":"1261160600121","name":"Pina : Zeis Ilha de Deus","city":"2611606","ivs":0.504,"idhm":0.608,"income":325.14,"cnes":0},"geometry":{"type":"Polygon","coordinates":[[[-34.899372,-8.08269],[-34.900274,-8.089266],[-34.899774,-8.090559],[-34.899818,-8.093699],[-34.90065,-8.093535],[-34.901049,-8.093076],[-34.901438,-8.093127],[-34.901829,-8.093553],[-34.902219,-8.093078],[-34.903453,-8.093535],[-34.904026,-8.092115],[-34.905582,-8.092495],[-34.907018,-8.09233],[-34.90504,-8.090754],[-34.904239,-8.089446],[-34.903837,-8.088323],[-34.90362,-8.085935],[-34.903238,-8.084612],[-34.899372,-8.08269]]]}},{"type":"Feature","properties":{"id":"1261160600122","name":"Pina / Imbiribeira / Boa Viagem : Parque dos Manguezais / Zeis Ilha do Destino","city":"2611606","ivs":0.263,"idhm":0.827,"income":1172.92,"cnes":25},"geometry":{"type":"Polygon","coordinates":[[[-34.886515,-8.098733],[-34.888923,-8.10403],[-34.889638,-8.103799],[-34.894206,-8.108005],[-34.894506,-8.107796],[-34.894639,-8.107984],[-34.89513,-8.107841],[-34.895805,-8.107099],[-34.896542,-8.107571],[-34.897286,-8.107641],[-34.897385,-8.107862],[-34.89702,-8.108238],[-34.898903,-8.110743],[-34.89955,-8.110403],[-34.899888,-8.111317],[-34.900465,-8.111215],[-34.900798,-8.111948],[-34.902043,-8.112874],[-34.903126,-8.11479],[-34.904553,-8.113928],[-34.904806,-8.11431],[-34.906179,-8.112672],[-34.906503,-8.112169],[-34.904977,-8.113003],[-34.904193,-8.111362],[-34.906264,-8.110386],[-34.905521,-8.108108],[-34.905208,-8.108235],[-34.905711,-8.107089],[-34.90575,-8.106382],[-34.906586,-8.106147],[-34.908179,-8.106312],[-34.907504,-8.103531],[-34.90414,-8.103189],[-34.904538,-8.102114],[-34.906697,-8.098475],[-34.907523,-8.096446],[-34.907683,-8.093697],[-34.907018,-8.09233],[-34.905582,-8.092495],[-34.904026,-8.092115],[-34.903453,-8.093535],[-34.902219,-8.093078],[-34.901829,-8.093553],[-34.901438,-8.093127],[-34.901049,-8.093076],[-34.90065,-8.093535],[-34.899818,-8.093699],[-34.899774,-8.090559],[-34.894669,-8.08967],[-34.891603,-8.089573],[-34.891182,-8.090942],[-34.890706,-8.091591],[-34.891677,-8.091894],[-34.892161,-8.092301],[-34.889691,-8.095651],[-34.888447,-8.096848],[-34.888812,-8.097694],[-34.886515,-8.098733]]]}},{"type":"Feature","properties":{"id":"1261160600123","name":"Boa Viagem : Zeis Ilha do Destino","city":"2611606","ivs":0.361,"idhm":0.695,"income":442.59,"cnes":0},"geometry":{"type":"Polygon","coordinates":[[[-34.893333,-8.108399],[-34.893582,-8.108841],[-34.894107,-8.108575],[-34.895047,-8.110098],[-34.897385,-8.107862],[-34.897286,-8.107641],[-34.896542,-8.107571],[-34.895805,-8.107099],[-34.89513,-8.107841],[-34.894639,-8.107984],[-34.894506,-8.107796],[-34.893333,-8.108399]]]}},{"type":"Feature","properties":{"id":"1261160600124","name":"Boa Viagem : Shopping Recife / Rua Artur Muniz","city":"2611606","ivs":0.063,"idhm":0.935,"income":3673.43,"cnes":148},"geometry":{"type":"Polygon","coordinates":[[[-34.886695,-8.101076],[-34.888664,-8.105432],[-34.888248,-8.105991],[-34.888343,-8.106496],[-34.888824,-8.106993],[-34.888551,-8.107692],[-34.889689,-8.10767],[-34.889992,-8.108326],[-34.889562,-8.108903],[-34.889744,-8.109533],[-34.890608,-8.111426],[-34.891404,-8.110993],[-34.892572,-8.112914],[-34.891817,-8.113404],[-34.893214,-8.11582],[-34.894963,-8.114921],[-34.895475,-8.115758],[-34.894597,-8.116187],[-34.896977,-8.120255],[-34.897936,-8.119789],[-34.898586,-8.120839],[-34.897415,-8.120983],[-34.897878,-8.121765],[-34.901653,-8.121293],[-34.903637,-8.120743],[-34.908988,-8.120392],[-34.907833,-8.118805],[-34.9055,-8.117353],[-34.903075,-8.114736],[-34.901971,-8.112787],[-34.900798,-8.111948],[-34.900465,-8.111215],[-34.900015,-8.111389],[-34.899735,-8.111153],[-34.89955,-8.110403],[-34.898903,-8.110743],[-34.89702,-8.108238],[-34.895047,-8.110098],[-34.894107,-8.108575],[-34.893582,-8.108841],[-34.893333,-8.108399],[-34.894206,-8.108005],[-34.889638,-8.103799],[-34.888923,-8.10403],[-34.887424,-8.100749],[-34.886695,-8.101076]]]}},{"type":"Feature","properties":{"id":"1261160600125","name":"Boa Viagem : Zeis Entra Apulso","city":"2611606","ivs":0.409,"idhm":0.644,"income":385.0,"cnes":10},"geometry":{"type":"Polygon","coordinates":[[[-34.901862,-8.121217],[-34.902267,-8.121277],[-34.902391,-8.122185],[-34.902914,-8.122112],[-34.902836,-8.121627],[-34.903898,-8.121352],[-34.903831,-8.122953],[-34.904502,-8.122963],[-34.904512,-8.122486],[-34.905151,-8.122495],[-34.905176,-8.120592],[-34.901862,-8.121217]]]}},{"type":"Feature","properties":{"id":"1261160600126","name":"Boa Viagem : Edifício Holiday","city":"2611606","ivs":0.313,"idhm":0.736,"income":598.43,"cnes":0},"geometry":{"type":"Polygon","coordinates":[[[-34.897468,-8.12392],[-34.898626,-8.123752],[-34.8983,-8.12287],[-34.898034,-8.122974],[-34.897468,-8.12392]]]}},{"type":"Feature","properties":{"id":"1261160600127","name":"Boa Viagem : Rua Bruno Veloso / Rua Barão de Souza Leão / Zeis Entra Apulso","city":"2611606","ivs":0.122,"idhm":0.921,"income":2830.42,"cnes":150},"geometry":{"type":"Polygon","coordinates":[[[-34.897878,-8.121765],[-34.898764,-8.124133],[-34.898083,-8.1243],[-34.898252,-8.125051],[-34.899043,-8.124905],[-34.900074,-8.127603],[-34.898876,-8.128068],[-34.899127,-8.128794],[-34.899761,-8.128555],[-34.900479,-8.130965],[-34.900024,-8.131125],[-34.900316,-8.131802],[-34.901336,-8.131474],[-34.901428,-8.132055],[-34.903814,-8.131459],[-34.908365,-8.13239],[-34.908849,-8.131208],[-34.909344,-8.131271],[-34.909269,-8.13193],[-34.910828,-8.132071],[-34.910504,-8.130069],[-34.909359,-8.129984],[-34.910018,-8.128467],[-34.910194,-8.128465],[-34.909807,-8.125746],[-34.908232,-8.125697],[-34.908445,-8.122121],[-34.907122,-8.122076],[-34.90715,-8.120548],[-34.905176,-8.120592],[-34.905151,-8.122495],[-34.904512,-8.122486],[-34.904502,-8.122963],[-34.903831,-8.122953],[-34.903898,-8.121352],[-34.902836,-8.121627],[-34.902914,-8.122112],[-34.902391,-8.122185],[-34.902267,-8.121277],[-34.901862,-8.121217],[-34.897878,-8.121765]]]}},{"type":"Feature","properties":{"id":"1261160600128","name":"Boa Viagem ( Beira Rio ) : Zeis Entra Apulso","city":"2611606","ivs":0.265,"idhm":0.777,"income":711.84,"cnes":1},"geometry":{"type":"Polygon","coordinates":[[[-34.907122,-8.122076],[-34.908445,-8.122121],[-34.908232,-8.125697],[-34.909807,-8.125746],[-34.909508,-8.121529],[-34.908786,-8.121677],[-34.908766,-8.121234],[-34.907802,-8.121084],[-34.907628,-8.120492],[-34.90715,-8.120548],[-34.907122,-8.122076]]]}},{"type":"Feature","properties":{"id":"1261160600129","name":"Boa Viagem : Canal do Rio Jordão / Rua Barão de Tefé","city":"2611606","ivs":0.164,"idhm":0.842,"income":1199.86,"cnes":10},"geometry":{"type":"Polygon","coordinates":[[[-34.908251,-8.136089],[-34.908263,-8.136499],[-34.913632,-8.135301],[-34.913504,-8.134764],[-34.914692,-8.134507],[-34.913593,-8.129911],[-34.91247,-8.130023],[-34.911717,-8.12649],[-34.911055,-8.126595],[-34.911703,-8.129597],[-34.910464,-8.12986],[-34.910828,-8.132071],[-34.909269,-8.13193],[-34.909344,-8.131271],[-34.908849,-8.131208],[-34.908365,-8.13239],[-34.908847,-8.132492],[-34.908504,-8.133258],[-34.910047,-8.134009],[-34.908251,-8.136089]]]}},{"type":"Feature","properties":{"id":"1261160600130","name":"Boa Viagem ( Setubal )","city":"2611606","ivs":0.133,"idhm":0.919,"income":2478.45,"cnes":58},"geometry":{"type":"Polygon","coordinates":[[[-34.902572,-8.131669],[-34.902622,-8.132928],[-34.9047,-8.133882],[-34.904369,-8.134087],[-34.905255,-8.136936],[-34.903586,-8.137039],[-34.904667,-8.140432],[-34.905516,-8.140212],[-34.905958,-8.141237],[-34.906279,-8.141099],[-34.90739,-8.143912],[-34.90982,-8.142734],[-34.908203,-8.145591],[-34.906566,-8.146328],[-34.907088,-8.147383],[-34.905988,-8.147939],[-34.908868,-8.155123],[-34.911329,-8.154243],[-34.911108,-8.153594],[-34.911903,-8.153314],[-34.91214,-8.154346],[-34.913431,-8.153998],[-34.913608,-8.153904],[-34.91249,-8.152243],[-34.911526,-8.149662],[-34.91398,-8.148744],[-34.911437,-8.142023],[-34.913986,-8.140854],[-34.913577,-8.138954],[-34.914371,-8.138596],[-34.914583,-8.139528],[-34.915714,-8.139041],[-34.914692,-8.134507],[-34.913504,-8.134764],[-34.913632,-8.135301],[-34.908263,-8.136499],[-34.908342,-8.135809],[-34.910047,-8.134009],[-34.908504,-8.133258],[-34.908847,-8.132492],[-34.903814,-8.131459],[-34.902572,-8.131669]]]}},{"type":"Feature","properties":{"id":"1261160600131","name":"Boa Viagem : Rua Vinte de Janeiro / Rua João Cardoso Ayres","city":"2611606","ivs":0.164,"idhm":0.841,"income":1201.21,"cnes":3},"geometry":{"type":"Polygon","coordinates":[[[-34.911896,-8.141826],[-34.914313,-8.143209],[-34.914572,-8.143566],[-34.916476,-8.14277],[-34.915714,-8.139041],[-34.914583,-8.139528],[-34.914371,-8.138596],[-34.913577,-8.138954],[-34.913986,-8.140854],[-34.911896,-8.141826]]]}},{"type":"Feature","properties":{"id":"1261160600132","name":"Boa Viagem ( Tijolos / Rua da Linha ) : Zeis Borborema","city":"2611606","ivs":0.321,"idhm":0.69,"income":461.52,"cnes":1},"geometry":{"type":"Polygon","coordinates":[[[-34.913467,-8.144966],[-34.913537,-8.145151],[-34.915022,-8.144637],[-34.915189,-8.144369],[-34.915693,-8.144365],[-34.917998,-8.143097],[-34.915618,-8.128766],[-34.914306,-8.129062],[-34.913593,-8.129911],[-34.916516,-8.142726],[-34.914572,-8.143566],[-34.914046,-8.144505],[-34.913467,-8.144966]]]}},{"type":"Feature","properties":{"id":"1261160600133","name":"Boa Viagem / Imbiribeira : Zeis Entra Apulso / Zeis Coronel Fabriciano","city":"2611606","ivs":0.408,"idhm":0.644,"income":385.0,"cnes":3},"geometry":{"type":"Polygon","coordinates":[[[-34.907093,-8.118381],[-34.908048,-8.118999],[-34.908988,-8.120392],[-34.907628,-8.120492],[-34.907802,-8.121084],[-34.908766,-8.121234],[-34.908786,-8.121677],[-34.909508,-8.121529],[-34.910194,-8.128465],[-34.910018,-8.128467],[-34.909359,-8.129984],[-34.910504,-8.130069],[-34.910464,-8.12986],[-34.911703,-8.129597],[-34.911055,-8.126595],[-34.915168,-8.126173],[-34.913177,-8.115521],[-34.91038,-8.115869],[-34.911706,-8.121978],[-34.91095,-8.122125],[-34.910874,-8.121793],[-34.91142,-8.121661],[-34.911055,-8.119971],[-34.910473,-8.120096],[-34.910392,-8.119762],[-34.909792,-8.119911],[-34.909312,-8.117862],[-34.907093,-8.118381]]]}},{"type":"Feature","properties":{"id":"1261160600134","name":"Imbiribeira : Residenciais Marechal Castelo Branco e Boa Viagem II","city":"2611606","ivs":0.164,"idhm":0.86,"income":1341.98,"cnes":0},"geometry":{"type":"Polygon","coordinates":[[[-34.909312,-8.117862],[-34.909792,-8.119911],[-34.910392,-8.119762],[-34.910473,-8.120096],[-34.911055,-8.119971],[-34.91142,-8.121661],[-34.910874,-8.121793],[-34.91095,-8.122125],[-34.911706,-8.121978],[-34.910344,-8.115721],[-34.909497,-8.115782],[-34.909921,-8.117744],[-34.909312,-8.117862]]]}},{"type":"Feature","properties":{"id":"1261160600135","name":"Imbiribeira : Rua Alameda das Hortênsias / Rua Guarabira","city":"2611606","ivs":0.28,"idhm":0.796,"income":859.88,"cnes":2},"geometry":{"type":"Polygon","coordinates":[[[-34.904359,-8.116097],[-34.905887,-8.117721],[-34.907093,-8.118381],[-34.909921,-8.117744],[-34.909497,-8.115782],[-34.904359,-8.116097]]]}},{"type":"Feature","properties":{"id":"1261160600136","name":"Imbiribeira : Av. Mônaco / Rua Júlio Verne","city":"2611606","ivs":0.161,"idhm":0.841,"income":1201.21,"cnes":6},"geometry":{"type":"Polygon","coordinates":[[[-34.906827,-8.083644],[-34.909864,-8.097346],[-34.910412,-8.101692],[-34.912685,-8.1012],[-34.913127,-8.0997],[-34.920262,-8.098043],[-34.921397,-8.09724],[-34.920264,-8.09668],[-34.919928,-8.096217],[-34.910812,-8.098333],[-34.910008,-8.094367],[-34.911339,-8.094086],[-34.911471,-8.094723],[-34.913321,-8.09432],[-34.913149,-8.092298],[-34.912383,-8.092492],[-34.911991,-8.09068],[-34.913727,-8.090358],[-34.913715,-8.088466],[-34.912728,-8.087568],[-34.909791,-8.083357],[-34.908917,-8.083159],[-34.906827,-8.083644]]]}},{"type":"Feature","properties":{"id":"1261160600137","name":"Imbiribeira : Lagoa do Araçá","city":"2611606","ivs":0.197,"idhm":0.893,"income":1871.47,"cnes":5},"geometry":{"type":"Polygon","coordinates":[[[-34.910008,-8.094367],[-34.910812,-8.098333],[-34.919928,-8.096217],[-34.919886,-8.09489],[-34.919084,-8.092896],[-34.919116,-8.090281],[-34.91851,-8.089273],[-34.91761,-8.08882],[-34.914519,-8.088724],[-34.913715,-8.088466],[-34.913727,-8.090358],[-34.911991,-8.09068],[-34.912383,-8.092492],[-34.913149,-8.092298],[-34.913321,-8.09432],[-34.911471,-8.094723],[-34.911339,-8.094086],[-34.910008,-8.094367]]]}},{"type":"Feature","properties":{"id":"1261160600138","name":"Imbiribeira : Estação de Metrô Imbiribeira / Zeis Aritana / Zeis Coqueiral","city":"2611606","ivs":0.455,"idhm":0.656,"income":362.15,"cnes":7},"geometry":{"type":"Polygon","coordinates":[[[-34.903126,-8.11479],[-34.904359,-8.116097],[-34.910344,-8.115721],[-34.908921,-8.109492],[-34.910358,-8.109215],[-34.910131,-8.108174],[-34.911679,-8.108097],[-34.910209,-8.10061],[-34.909864,-8.097346],[-34.906827,-8.083644],[-34.903238,-8.084612],[-34.90362,-8.085935],[-34.903837,-8.088323],[-34.904239,-8.089446],[-34.90504,-8.090754],[-34.906473,-8.091751],[-34.907291,-8.092657],[-34.907753,-8.094673],[-34.907174,-8.097481],[-34.904538,-8.102114],[-34.90414,-8.103189],[-34.907504,-8.103531],[-34.908179,-8.106312],[-34.906586,-8.106147],[-34.90575,-8.106382],[-34.905711,-8.107089],[-34.905208,-8.108235],[-34.905521,-8.108108],[-34.906264,-8.110386],[-34.904193,-8.111362],[-34.904977,-8.113003],[-34.906503,-8.112169],[-34.904806,-8.11431],[-34.904553,-8.113928],[-34.903126,-8.11479]]]}},{"type":"Feature","properties":{"id":"1261160600139","name":"Ipsep / Imbiribeira / Ibura : Av. Recife","city":"2611606","ivs":0.257,"idhm":0.827,"income":1172.92,"cnes":20},"geometry":{"type":"Polygon","coordinates":[[[-34.908921,-8.109492],[-34.91038,-8.115869],[-34.913177,-8.115521],[-34.915772,-8.129655],[-34.921872,-8.122614],[-34.923084,-8.120818],[-34.923283,-8.12022],[-34.921584,-8.118729],[-34.9258,-8.113862],[-34.926273,-8.113054],[-34.927055,-8.107899],[-34.925656,-8.107732],[-34.926071,-8.104799],[-34.92487,-8.104657],[-34.924808,-8.105107],[-34.923519,-8.10498],[-34.923163,-8.107362],[-34.922136,-8.107226],[-34.921227,-8.106424],[-34.919722,-8.108125],[-34.91821,-8.106822],[-34.916658,-8.108562],[-34.913618,-8.105932],[-34.911341,-8.106366],[-34.911679,-8.108097],[-34.910131,-8.108174],[-34.910358,-8.109215],[-34.908921,-8.109492]],[[-34.912342,-8.111375],[-34.915459,-8.110809],[-34.915178,-8.109425],[-34.915924,-8.109293],[-34.91603,-8.11171],[-34.916638,-8.111722],[-34.918191,-8.109879],[-34.920651,-8.112021],[-34.918885,-8.114034],[-34.917953,-8.113205],[-34.916246,-8.115278],[-34.913177,-8.115521],[-34.912342,-8.111375]]]}},{"type":"Feature","properties":{"id":"1261160600140","name":"Jordão / Ibura : Aeroporto / Zeis Alto da Jaqueira","city":"2611606","ivs":0.462,"idhm":0.623,"income":332.05,"cnes":13},"geometry":{"type":"Polygon","coordinates":[[[-34.915772,-8.129655],[-34.91781,-8.141995],[-34.920105,-8.14119],[-34.921673,-8.139719],[-34.923711,-8.140581],[-34.927627,-8.140495],[-34.929071,-8.138236],[-34.929483,-8.137971],[-34.929466,-8.137674],[-34.931472,-8.136556],[-34.932115,-8.138105],[-34.933062,-8.138685],[-34.933937,-8.140766],[-34.934956,-8.139627],[-34.934271,-8.138234],[-34.93509,-8.136412],[-34.93396,-8.135434],[-34.934667,-8.135075],[-34.935562,-8.135954],[-34.935686,-8.134818],[-34.934685,-8.134435],[-34.934908,-8.133043],[-34.935098,-8.132804],[-34.93584,-8.133033],[-34.935936,-8.132712],[-34.935213,-8.132441],[-34.935219,-8.131552],[-34.93472,-8.131507],[-34.934205,-8.130973],[-34.934456,-8.130551],[-34.935544,-8.130645],[-34.935627,-8.13036],[-34.936338,-8.130425],[-34.936465,-8.129835],[-34.935562,-8.129663],[-34.936193,-8.126521],[-34.935896,-8.126073],[-34.935625,-8.126477],[-34.932771,-8.125894],[-34.933454,-8.122541],[-34.937084,-8.119895],[-34.936608,-8.119168],[-34.939379,-8.117217],[-34.937021,-8.113874],[-34.937223,-8.113082],[-34.93817,-8.112411],[-34.939458,-8.114249],[-34.939818,-8.113942],[-34.940654,-8.113776],[-34.940447,-8.110381],[-34.936925,-8.110505],[-34.936734,-8.110301],[-34.937464,-8.108823],[-34.937429,-8.1082],[-34.937051,-8.107616],[-34.935755,-8.10691],[-34.935362,-8.106866],[-34.9348,-8.107235],[-34.934783,-8.104645],[-34.933922,-8.104789],[-34.931927,-8.104511],[-34.929145,-8.102629],[-34.928644,-8.102376],[-34.92783,-8.102376],[-34.926273,-8.113054],[-34.9258,-8.113862],[-34.921584,-8.118729],[-34.923283,-8.12022],[-34.923084,-8.120818],[-34.921872,-8.122614],[-34.915772,-8.129655]],[[-34.934787,-8.116327],[-34.9365,-8.115141],[-34.937579,-8.116746],[-34.935878,-8.117896],[-34.934787,-8.116327]],[[-34.931228,-8.129845],[-34.931865,-8.128973],[-34.932912,-8.129173],[-34.933042,-8.130331],[-34.932442,-8.131137],[-34.932158,-8.131121],[-34.931228,-8.129845]]]}},{"type":"Feature","properties":{"id":"1261160600141","name":"Ibura : Residencial Vale dos Rios","city":"2611606","ivs":0.26,"idhm":0.799,"income":930.13,"cnes":1},"geometry":{"type":"Polygon","coordinates":[[[-34.934787,-8.116327],[-34.935878,-8.117896],[-34.937579,-8.116746],[-34.9365,-8.115141],[-34.934787,-8.116327]]]}},{"type":"Feature","properties":{"id":"1261160600142","name":"Ibura : Residencial Primavera","city":"2611606","ivs":0.275,"idhm":0.794,"income":776.65,"cnes":0},"geometry":{"type":"Polygon","coordinates":[[[-34.931228,-8.129845],[-34.932158,-8.131121],[-34.932442,-8.131137],[-34.933042,-8.130331],[-34.932912,-8.129173],[-34.931865,-8.128973],[-34.931228,-8.129845]]]}},{"type":"Feature","properties":{"id":"1261160600143","name":"Jordão : Rua Maria Irene / Zeis Alto da Jaqueira","city":"2611606","ivs":0.353,"idhm":0.695,"income":442.59,"cnes":0},"geometry":{"type":"Polygon","coordinates":[[[-34.91781,-8.141995],[-34.917987,-8.143104],[-34.921614,-8.1416],[-34.92728,-8.141163],[-34.932497,-8.14189],[-34.933231,-8.141592],[-34.933937,-8.140766],[-34.933062,-8.138685],[-34.932115,-8.138105],[-34.931472,-8.136556],[-34.929466,-8.137674],[-34.929483,-8.137971],[-34.929071,-8.138236],[-34.927627,-8.140495],[-34.923711,-8.140581],[-34.921673,-8.139719],[-34.920105,-8.14119],[-34.91781,-8.141995]]]}},{"type":"Feature","properties":{"id":"1261160600144","name":"Ibura / Jordão : Zeis Ibura / Jordão e Zeis Alto da Jaqueira","city":"2611606","ivs":0.352,"idhm":0.695,"income":442.59,"cnes":8},"geometry":{"type":"Polygon","coordinates":[[[-34.932771,-8.125894],[-34.935625,-8.126477],[-34.935896,-8.126073],[-34.936193,-8.126521],[-34.935562,-8.129663],[-34.936465,-8.129835],[-34.936338,-8.130425],[-34.935627,-8.13036],[-34.935544,-8.130645],[-34.934456,-8.130551],[-34.934205,-8.130973],[-34.93472,-8.131507],[-34.935219,-8.131552],[-34.935213,-8.132441],[-34.935936,-8.132712],[-34.93584,-8.133033],[-34.935098,-8.132804],[-34.934908,-8.133043],[-34.934685,-8.134435],[-34.935686,-8.134818],[-34.935562,-8.135954],[-34.934667,-8.135075],[-34.93396,-8.135434],[-34.93509,-8.136412],[-34.934271,-8.138234],[-34.934956,-8.139627],[-34.937188,-8.13682],[-34.943094,-8.137318],[-34.943295,-8.135105],[-34.943517,-8.134534],[-34.943853,-8.134374],[-34.943599,-8.134061],[-34.942929,-8.134007],[-34.943073,-8.132129],[-34.942537,-8.131407],[-34.940827,-8.130794],[-34.939439,-8.129001],[-34.939542,-8.128781],[-34.938708,-8.128101],[-34.939952,-8.12719],[-34.939142,-8.126015],[-34.938004,-8.126828],[-34.935693,-8.123473],[-34.935819,-8.123349],[-34.935336,-8.122294],[-34.933999,-8.123372],[-34.933427,-8.122699],[-34.932771,-8.125894]]]}},{"type":"Feature","properties":{"id":"1261160600145","name":"Ibura / Jordão : Zeis Ibura / Jordão","city":"2611606","ivs":0.452,"idhm":0.656,"income":375.54,"cnes":4},"geometry":{"type":"Polygon","coordinates":[[[-34.933427,-8.122699],[-34.933999,-8.123372],[-34.935336,-8.122294],[-34.935819,-8.123349],[-34.935693,-8.123473],[-34.938004,-8.126828],[-34.939142,-8.126015],[-34.939952,-8.12719],[-34.938708,-8.128101],[-34.939542,-8.128781],[-34.939439,-8.129001],[-34.940827,-8.130794],[-34.942892,-8.131685],[-34.943077,-8.132187],[-34.942929,-8.134007],[-34.943599,-8.134061],[-34.943853,-8.134374],[-34.943517,-8.134534],[-34.943295,-8.135105],[-34.943094,-8.137318],[-34.944237,-8.13764],[-34.947467,-8.137623],[-34.94747,-8.134951],[-34.947185,-8.133734],[-34.944536,-8.130343],[-34.944096,-8.129399],[-34.943727,-8.124699],[-34.94288,-8.120866],[-34.942978,-8.119317],[-34.941354,-8.116955],[-34.933427,-8.122699]]]}},{"type":"Feature","properties":{"id":"1261160600146","name":"Ibura : Zeis Ibura / Jordão e Zeis Greve Geral","city":"2611606","ivs":0.302,"idhm":0.709,"income":527.54,"cnes":8},"geometry":{"type":"Polygon","coordinates":[[[-34.934783,-8.104645],[-34.9348,-8.107235],[-34.935362,-8.106866],[-34.935755,-8.10691],[-34.937051,-8.107616],[-34.937429,-8.1082],[-34.937464,-8.108823],[-34.936734,-8.110301],[-34.936925,-8.110505],[-34.940447,-8.110381],[-34.940487,-8.110638],[-34.940654,-8.113776],[-34.939818,-8.113942],[-34.939458,-8.114249],[-34.93817,-8.112411],[-34.937223,-8.113082],[-34.937021,-8.113874],[-34.939379,-8.117217],[-34.936608,-8.119168],[-34.937084,-8.119895],[-34.941354,-8.116955],[-34.942978,-8.119317],[-34.944424,-8.115482],[-34.943917,-8.115466],[-34.943896,-8.115058],[-34.944306,-8.114869],[-34.944274,-8.113413],[-34.94501,-8.11256],[-34.945047,-8.111749],[-34.944634,-8.111767],[-34.944526,-8.109867],[-34.946056,-8.109608],[-34.946933,-8.109191],[-34.948677,-8.106002],[-34.948746,-8.105197],[-34.948325,-8.102887],[-34.949681,-8.100496],[-34.950074,-8.0992],[-34.950044,-8.097656],[-34.949502,-8.096242],[-34.948472,-8.094673],[-34.947089,-8.095747],[-34.94496,-8.0964],[-34.942545,-8.099492],[-34.9399,-8.10079],[-34.938894,-8.102138],[-34.937689,-8.10449],[-34.934783,-8.104645]]]}},{"type":"Feature","properties":{"id":"1261160600147","name":"Cohab : UR 01 / UR 04 / Lagoa Encantada","city":"2611606","ivs":0.377,"idhm":0.68,"income":398.31,"cnes":7},"geometry":{"type":"Polygon","coordinates":[[[-34.942846,-8.120039],[-34.943816,-8.125328],[-34.944026,-8.12905],[-34.944536,-8.130343],[-34.945111,-8.131096],[-34.94664,-8.130059],[-34.946013,-8.129172],[-34.947019,-8.128362],[-34.94731,-8.128745],[-34.947866,-8.128368],[-34.948502,-8.129331],[-34.948322,-8.130603],[-34.949738,-8.130707],[-34.949517,-8.129106],[-34.949993,-8.128118],[-34.950105,-8.124294],[-34.95065,-8.12433],[-34.951325,-8.123968],[-34.953322,-8.123957],[-34.953887,-8.123411],[-34.954077,-8.122184],[-34.953753,-8.122077],[-34.953781,-8.12171],[-34.951698,-8.121196],[-34.952085,-8.120065],[-34.95298,-8.120317],[-34.953097,-8.119987],[-34.95372,-8.117778],[-34.952838,-8.117514],[-34.953436,-8.115273],[-34.955127,-8.11445],[-34.95564,-8.11353],[-34.95358,-8.111943],[-34.951971,-8.111535],[-34.95126,-8.115074],[-34.947264,-8.115321],[-34.946444,-8.118131],[-34.946078,-8.118021],[-34.946137,-8.117788],[-34.945518,-8.117605],[-34.945614,-8.117285],[-34.945226,-8.117171],[-34.945746,-8.115413],[-34.946577,-8.115328],[-34.946541,-8.113122],[-34.94875,-8.114301],[-34.948838,-8.113819],[-34.948489,-8.113749],[-34.948687,-8.112721],[-34.949129,-8.112772],[-34.94907,-8.11242],[-34.948983,-8.111968],[-34.948422,-8.111737],[-34.948698,-8.110888],[-34.947634,-8.110692],[-34.946041,-8.111331],[-34.946933,-8.109191],[-34.946056,-8.109608],[-34.944526,-8.109867],[-34.944634,-8.111767],[-34.945047,-8.111749],[-34.94501,-8.11256],[-34.944274,-8.113413],[-34.944306,-8.114869],[-34.943896,-8.115058],[-34.943917,-8.115466],[-34.944424,-8.115482],[-34.942846,-8.120039]]]}},{"type":"Feature","properties":{"id":"1261160600148","name":"Cohab : UR 10 / Vila das Crianças","city":"2611606","ivs":0.401,"idhm":0.644,"income":385.0,"cnes":1},"geometry":{"type":"Polygon","coordinates":[[[-34.945111,-8.131096],[-34.947185,-8.133734],[-34.94747,-8.134951],[-34.947467,-8.137623],[-34.94797,-8.137941],[-34.950255,-8.13819],[-34.951168,-8.137453],[-34.951997,-8.13768],[-34.951742,-8.138262],[-34.952193,-8.138179],[-34.953307,-8.138661],[-34.955024,-8.137287],[-34.955901,-8.137438],[-34.956487,-8.137941],[-34.956304,-8.136955],[-34.953715,-8.136299],[-34.951227,-8.135106],[-34.951356,-8.134964],[-34.947809,-8.131868],[-34.94664,-8.130059],[-34.945111,-8.131096]]]}},{"type":"Feature","properties":{"id":"1261160600149","name":"Cohab : UR 05","city":"2611606","ivs":0.281,"idhm":0.716,"income":490.37,"cnes":1},"geometry":{"type":"Polygon","coordinates":[[[-34.946013,-8.129172],[-34.947737,-8.131788],[-34.951356,-8.134964],[-34.951227,-8.135106],[-34.953715,-8.136299],[-34.956304,-8.136955],[-34.957155,-8.134125],[-34.956586,-8.133987],[-34.955988,-8.134582],[-34.954955,-8.134729],[-34.955119,-8.134042],[-34.95441,-8.133461],[-34.953134,-8.133143],[-34.952932,-8.131777],[-34.952439,-8.131979],[-34.952464,-8.132576],[-34.951735,-8.13334],[-34.951508,-8.133316],[-34.951126,-8.132964],[-34.951788,-8.132297],[-34.951454,-8.131944],[-34.951048,-8.132078],[-34.950879,-8.1311],[-34.951299,-8.13077],[-34.951085,-8.130266],[-34.950699,-8.130149],[-34.950714,-8.129262],[-34.949748,-8.129371],[-34.949884,-8.130711],[-34.948322,-8.130603],[-34.948502,-8.129331],[-34.947866,-8.128368],[-34.94731,-8.128745],[-34.947019,-8.128362],[-34.946013,-8.129172]]]}},{"type":"Feature","properties":{"id":"1261160600150","name":"Cohab : Zeis UR 05 / Três Carneiros","city":"2611606","ivs":0.503,"idhm":0.641,"income":332.89,"cnes":3},"geometry":{"type":"Polygon","coordinates":[[[-34.953908,-8.12277],[-34.954256,-8.125207],[-34.955646,-8.12915],[-34.956624,-8.128827],[-34.957579,-8.129847],[-34.958484,-8.129715],[-34.959076,-8.1287],[-34.960414,-8.127377],[-34.960734,-8.126327],[-34.960423,-8.12589],[-34.960595,-8.125281],[-34.960027,-8.124939],[-34.958948,-8.121579],[-34.958736,-8.121293],[-34.957736,-8.121324],[-34.957497,-8.120726],[-34.955407,-8.120202],[-34.955022,-8.121556],[-34.955412,-8.121658],[-34.955151,-8.122542],[-34.954077,-8.122184],[-34.953908,-8.12277]]]}},{"type":"Feature","properties":{"id":"1261160600151","name":"Cohab ( Jardim Monte Verde )","city":"2611606","ivs":0.36,"idhm":0.64,"income":360.3,"cnes":0},"geometry":{"type":"Polygon","coordinates":[[[-34.954712,-8.11849],[-34.955711,-8.11911],[-34.957331,-8.119562],[-34.957459,-8.11903],[-34.958402,-8.119281],[-34.958184,-8.120072],[-34.95801,-8.12002],[-34.957897,-8.120472],[-34.957502,-8.120367],[-34.957404,-8.12069],[-34.957791,-8.121353],[-34.958736,-8.121293],[-34.959195,-8.122355],[-34.959673,-8.12149],[-34.960198,-8.119556],[-34.958871,-8.117175],[-34.959705,-8.114461],[-34.958881,-8.111897],[-34.957472,-8.111478],[-34.956458,-8.112068],[-34.95521,-8.114341],[-34.955968,-8.115639],[-34.955587,-8.116983],[-34.955158,-8.11694],[-34.954712,-8.11849]]]}},{"type":"Feature","properties":{"id":"1261160600152","name":"Cohab : UR 02","city":"2611606","ivs":0.312,"idhm":0.736,"income":598.43,"cnes":0},"geometry":{"type":"Polygon","coordinates":[[[-34.951698,-8.121196],[-34.953781,-8.12171],[-34.953753,-8.122077],[-34.955151,-8.122542],[-34.955412,-8.121658],[-34.955022,-8.121556],[-34.955407,-8.120202],[-34.957404,-8.12069],[-34.957502,-8.120367],[-34.957897,-8.120472],[-34.95801,-8.12002],[-34.958184,-8.120072],[-34.958402,-8.119281],[-34.957459,-8.11903],[-34.957331,-8.119562],[-34.955711,-8.11911],[-34.954712,-8.11849],[-34.955158,-8.11694],[-34.955587,-8.116983],[-34.955968,-8.115639],[-34.955221,-8.114346],[-34.953436,-8.115273],[-34.952838,-8.117514],[-34.95372,-8.117778],[-34.953097,-8.119987],[-34.95298,-8.120317],[-34.952085,-8.120065],[-34.951698,-8.121196]]]}},{"type":"Feature","properties":{"id":"1261160600154","name":"Cohab : UR 03","city":"2611606","ivs":0.256,"idhm":0.777,"income":711.84,"cnes":1},"geometry":{"type":"Polygon","coordinates":[[[-34.945226,-8.117171],[-34.945614,-8.117285],[-34.945518,-8.117605],[-34.946444,-8.118131],[-34.947264,-8.115321],[-34.95126,-8.115074],[-34.95209,-8.110706],[-34.947614,-8.109932],[-34.946815,-8.109446],[-34.946041,-8.111331],[-34.947634,-8.110692],[-34.948698,-8.110888],[-34.948422,-8.111737],[-34.948983,-8.111968],[-34.949129,-8.112772],[-34.948687,-8.112721],[-34.948489,-8.113749],[-34.948838,-8.113819],[-34.948587,-8.114324],[-34.946541,-8.113122],[-34.946577,-8.115328],[-34.945746,-8.115413],[-34.945226,-8.117171]]]}},{"type":"Feature","properties":{"id":"1261160600155","name":"Bomba do Hemetério / Água Fria : Estrada Velha de Água Fria","city":"2611606","ivs":0.366,"idhm":0.705,"income":519.53,"cnes":4},"geometry":{"type":"Polygon","coordinates":[[[-34.893005,-8.021131],[-34.893804,-8.023186],[-34.894015,-8.022355],[-34.894873,-8.021806],[-34.89531,-8.022142],[-34.896554,-8.02145],[-34.897365,-8.024892],[-34.898693,-8.024077],[-34.899681,-8.024776],[-34.900757,-8.022706],[-34.908136,-8.019931],[-34.907852,-8.019499],[-34.906994,-8.020086],[-34.906009,-8.020033],[-34.904407,-8.020925],[-34.902825,-8.020219],[-34.901575,-8.020851],[-34.901487,-8.019672],[-34.90003,-8.019539],[-34.898673,-8.01988],[-34.898067,-8.019406],[-34.897427,-8.020961],[-34.895429,-8.019125],[-34.896631,-8.016877],[-34.89661,-8.015787],[-34.895262,-8.016958],[-34.893616,-8.018886],[-34.894496,-8.019759],[-34.89419,-8.021526],[-34.893005,-8.021131]]]}},{"type":"Feature","properties":{"id":"1261160600156","name":"Monteiro : Zeis Vila Esperança / Cabocó","city":"2611606","ivs":0.458,"idhm":0.623,"income":332.05,"cnes":0},"geometry":{"type":"Polygon","coordinates":[[[-34.928455,-8.028858],[-34.928947,-8.030296],[-34.93008,-8.029019],[-34.929192,-8.027677],[-34.928896,-8.027741],[-34.928654,-8.028787],[-34.928455,-8.028858]]]}},{"type":"Feature","properties":{"id":"1261160600157","name":"Torre : Conjunto Habitacional da Torre","city":"2611606","ivs":0.494,"idhm":0.608,"income":325.14,"cnes":1},"geometry":{"type":"Polygon","coordinates":[[[-34.912499,-8.045496],[-34.913194,-8.046142],[-34.913525,-8.045485],[-34.91335,-8.044705],[-34.912917,-8.044508],[-34.912499,-8.045496]]]}},{"type":"Feature","properties":{"id":"1261160600158","name":"Cordeiro : Conjunto Habitacional do Cordeiro","city":"2611606","ivs":0.495,"idhm":0.608,"income":325.14,"cnes":1},"geometry":{"type":"Polygon","coordinates":[[[-34.919772,-8.044544],[-34.920139,-8.045284],[-34.920647,-8.04503],[-34.921038,-8.045814],[-34.922069,-8.045213],[-34.922426,-8.044452],[-34.922022,-8.043254],[-34.921016,-8.04316],[-34.921474,-8.044227],[-34.920811,-8.044545],[-34.920652,-8.04412],[-34.919772,-8.044544]]]}},{"type":"Feature","properties":{"id":"1261160600159","name":"Iputinga : Parque do Caiara / Rua Leal de Barros","city":"2611606","ivs":0.445,"idhm":0.653,"income":332.24,"cnes":1},"geometry":{"type":"Polygon","coordinates":[[[-34.925819,-8.039004],[-34.92596,-8.039253],[-34.928552,-8.039066],[-34.930213,-8.039217],[-34.930095,-8.038923],[-34.931705,-8.038096],[-34.930189,-8.033229],[-34.929566,-8.029565],[-34.927458,-8.032334],[-34.926574,-8.034003],[-34.926318,-8.035584],[-34.926367,-8.037515],[-34.925819,-8.039004]]]}},{"type":"Feature","properties":{"id":"1261160600160","name":"Pina ( Bode III ) : Zeis Pina / Encanta Moça","city":"2611606","ivs":0.282,"idhm":0.716,"income":490.37,"cnes":23},"geometry":{"type":"Polygon","coordinates":[[[-34.883369,-8.088825],[-34.884255,-8.089647],[-34.884401,-8.089563],[-34.884764,-8.091208],[-34.885316,-8.090673],[-34.886151,-8.093898],[-34.884877,-8.094367],[-34.88536,-8.095293],[-34.886254,-8.095092],[-34.886631,-8.096215],[-34.886791,-8.097256],[-34.886244,-8.097356],[-34.88617,-8.097746],[-34.885891,-8.09744],[-34.885194,-8.097675],[-34.885787,-8.099073],[-34.888812,-8.097694],[-34.888433,-8.096876],[-34.889691,-8.095651],[-34.888775,-8.094942],[-34.888184,-8.095552],[-34.887671,-8.09485],[-34.88735,-8.095059],[-34.887344,-8.096091],[-34.886812,-8.094866],[-34.886669,-8.093222],[-34.887755,-8.092825],[-34.887633,-8.091354],[-34.887928,-8.089567],[-34.885947,-8.087963],[-34.885019,-8.088943],[-34.884443,-8.087706],[-34.883369,-8.088825]]]}},{"type":"Feature","properties":{"id":"1261160600161","name":"Jiquiá : Zeis Rua do Rio / Iraque","city":"2611606","ivs":0.459,"idhm":0.615,"income":294.44,"cnes":1},"geometry":{"type":"Polygon","coordinates":[[[-34.919084,-8.092896],[-34.919928,-8.095175],[-34.922193,-8.094109],[-34.921796,-8.093518],[-34.922019,-8.093205],[-34.923371,-8.092551],[-34.923213,-8.092039],[-34.924377,-8.091342],[-34.924186,-8.090079],[-34.921005,-8.090651],[-34.919162,-8.091315],[-34.919084,-8.092896]]]}},{"type":"Feature","properties":{"id":"1261160600162","name":"Sítio dos Pintos : Santa Leopoldina / Rua São Pedro","city":"2611606","ivs":0.452,"idhm":0.656,"income":375.54,"cnes":0},"geometry":{"type":"Polygon","coordinates":[[[-34.955167,-8.014039],[-34.955597,-8.014295],[-34.956503,-8.014298],[-34.95792,-8.013213],[-34.959408,-8.012663],[-34.959873,-8.012118],[-34.955932,-8.012233],[-34.955441,-8.012898],[-34.955167,-8.014039]]]}},{"type":"Feature","properties":{"id":"1261160600163","name":"Sítio dos Pintos / Dois Irmãos : Sítio São Braz / Córrego da Fortuna","city":"2611606","ivs":0.285,"idhm":0.716,"income":490.37,"cnes":4},"geometry":{"type":"Polygon","coordinates":[[[-34.94432,-8.014957],[-34.945023,-8.01617],[-34.945831,-8.016142],[-34.948109,-8.014113],[-34.948627,-8.014076],[-34.950296,-8.0161],[-34.951321,-8.016826],[-34.951898,-8.014657],[-34.952189,-8.014291],[-34.953177,-8.014302],[-34.953783,-8.013729],[-34.954366,-8.014314],[-34.955167,-8.014039],[-34.955441,-8.012898],[-34.955932,-8.012233],[-34.959873,-8.012118],[-34.959335,-8.012706],[-34.958222,-8.013066],[-34.958494,-8.013252],[-34.957685,-8.013998],[-34.958264,-8.014041],[-34.958402,-8.014343],[-34.95889,-8.014276],[-34.958913,-8.013634],[-34.959874,-8.014171],[-34.960273,-8.013891],[-34.961111,-8.014095],[-34.961969,-8.015432],[-34.961336,-8.016229],[-34.959457,-8.016683],[-34.958934,-8.017789],[-34.958082,-8.018196],[-34.957983,-8.018491],[-34.956053,-8.018235],[-34.956224,-8.018033],[-34.955642,-8.017546],[-34.953863,-8.017554],[-34.95248,-8.018065],[-34.954735,-8.020033],[-34.9553,-8.020979],[-34.955708,-8.022489],[-34.961948,-8.020711],[-34.964359,-8.008346],[-34.957034,-8.005102],[-34.957728,-8.006702],[-34.956734,-8.007601],[-34.955469,-8.008264],[-34.949636,-8.004669],[-34.949286,-8.004726],[-34.947392,-8.010087],[-34.94432,-8.014957]]]}},{"type":"Feature","properties":{"id":"1261160600164","name":"Imbiribeira : Rua Nestor Moreira / Av. Sul","city":"2611606","ivs":0.266,"idhm":0.76,"income":692.09,"cnes":1},"geometry":{"type":"Polygon","coordinates":[[[-34.911717,-8.12649],[-34.91247,-8.130023],[-34.913593,-8.129911],[-34.914306,-8.129062],[-34.915618,-8.128766],[-34.915168,-8.126173],[-34.911717,-8.12649]]]}},{"type":"Feature","properties":{"id":"1261160600165","name":"Boa Viagem : Zeis Borborema","city":"2611606","ivs":0.318,"idhm":0.736,"income":598.43,"cnes":0},"geometry":{"type":"Polygon","coordinates":[[[-34.911437,-8.142023],[-34.913681,-8.147929],[-34.914516,-8.147604],[-34.913467,-8.144966],[-34.914536,-8.143846],[-34.914491,-8.143418],[-34.911896,-8.141826],[-34.911437,-8.142023]]]}},{"type":"Feature","properties":{"id":"1261160600166","name":"Estância / Jardim São Paulo : Av. Recife / Zeis Jardim São Paulo I","city":"2611606","ivs":0.314,"idhm":0.736,"income":598.43,"cnes":1},"geometry":{"type":"Polygon","coordinates":[[[-34.927173,-8.08329],[-34.9344,-8.085421],[-34.935168,-8.079971],[-34.936057,-8.080396],[-34.938038,-8.079467],[-34.937359,-8.077992],[-34.938482,-8.077609],[-34.938842,-8.077803],[-34.939126,-8.077673],[-34.93948,-8.077482],[-34.939796,-8.076845],[-34.938626,-8.076257],[-34.937036,-8.076644],[-34.935789,-8.076657],[-34.93489,-8.077754],[-34.934333,-8.077627],[-34.934045,-8.078005],[-34.933626,-8.078096],[-34.933421,-8.079405],[-34.932643,-8.079237],[-34.932344,-8.080181],[-34.931076,-8.079917],[-34.930655,-8.08138],[-34.930045,-8.081194],[-34.929585,-8.082758],[-34.928121,-8.082302],[-34.927173,-8.08329]]]}},{"type":"Feature","properties":{"id":"1261160600167","name":"Mangueira : Rua Nelson Ávila / Zeis Mangueira","city":"2611606","ivs":0.284,"idhm":0.716,"income":490.37,"cnes":0},"geometry":{"type":"Polygon","coordinates":[[[-34.917084,-8.075354],[-34.917451,-8.077187],[-34.917424,-8.078347],[-34.917988,-8.078502],[-34.918087,-8.077871],[-34.918459,-8.07795],[-34.918885,-8.077525],[-34.918604,-8.077172],[-34.919447,-8.076976],[-34.919313,-8.075014],[-34.917084,-8.075354]]]}},{"type":"Feature","properties":{"id":"1261160600168","name":"Ipsep / Imbiribeira : Rua Rio Oceânico","city":"2611606","ivs":0.256,"idhm":0.777,"income":711.84,"cnes":2},"geometry":{"type":"Polygon","coordinates":[[[-34.912342,-8.111375],[-34.913177,-8.115521],[-34.916246,-8.115278],[-34.917953,-8.113205],[-34.918885,-8.114034],[-34.920651,-8.112021],[-34.918191,-8.109879],[-34.916638,-8.111722],[-34.91603,-8.11171],[-34.915924,-8.109293],[-34.915178,-8.109425],[-34.915459,-8.110809],[-34.912342,-8.111375]]]}},{"type":"Feature","properties":{"id":"1261160600169","name":"Ipsep ( Vila Mauricéia ) : Rua Potengy","city":"2611606","ivs":0.274,"idhm":0.768,"income":699.96,"cnes":0},"geometry":{"type":"Polygon","coordinates":[[[-34.915888,-8.106912],[-34.915962,-8.107949],[-34.916658,-8.108562],[-34.91821,-8.106822],[-34.919722,-8.108125],[-34.921227,-8.106424],[-34.922136,-8.107226],[-34.922603,-8.107288],[-34.92284,-8.105914],[-34.922227,-8.105352],[-34.921872,-8.105684],[-34.920543,-8.104781],[-34.91966,-8.105291],[-34.918436,-8.104681],[-34.918494,-8.104255],[-34.917791,-8.104211],[-34.916433,-8.105207],[-34.915888,-8.106912]]]}},{"type":"Feature","properties":{"id":"1261160600170","name":"Várzea : Jardim Petrópolis / Av. Afonso Olidense","city":"2611606","ivs":0.265,"idhm":0.799,"income":930.13,"cnes":5},"geometry":{"type":"Polygon","coordinates":[[[-34.952291,-8.040401],[-34.953202,-8.042076],[-34.955183,-8.041219],[-34.956637,-8.04585],[-34.959409,-8.047029],[-34.959395,-8.045952],[-34.958496,-8.042493],[-34.959771,-8.04211],[-34.959467,-8.04113],[-34.9606,-8.04074],[-34.960961,-8.041684],[-34.968498,-8.038823],[-34.966665,-8.037515],[-34.9653,-8.037868],[-34.964649,-8.037061],[-34.963604,-8.037849],[-34.958704,-8.031545],[-34.957985,-8.030023],[-34.954251,-8.032079],[-34.955101,-8.033293],[-34.955238,-8.034587],[-34.953763,-8.035459],[-34.954202,-8.038315],[-34.955733,-8.037751],[-34.956188,-8.039053],[-34.954516,-8.039593],[-34.95445,-8.039205],[-34.952291,-8.040401]]]}},{"type":"Feature","properties":{"id":"1261160600171","name":"Arruda : Residencial Eldorado","city":"2611606","ivs":0.261,"idhm":0.799,"income":930.13,"cnes":1},"geometry":{"type":"Polygon","coordinates":[[[-34.87982,-8.022463],[-34.881873,-8.023487],[-34.883031,-8.023816],[-34.88313,-8.022535],[-34.882141,-8.022826],[-34.881884,-8.022246],[-34.881423,-8.022383],[-34.881227,-8.022098],[-34.87982,-8.022463]]]}},{"type":"Feature","properties":{"id":"1261160600172","name":"Monteiro : Av. 17 de Agosto / Zeis Alto do Mandú / Santa Isabel","city":"2611606","ivs":0.239,"idhm":0.88,"income":1784.05,"cnes":3},"geometry":{"type":"Polygon","coordinates":[[[-34.926092,-8.025255],[-34.926519,-8.025349],[-34.926672,-8.025843],[-34.926357,-8.026044],[-34.926538,-8.026523],[-34.927179,-8.026864],[-34.926721,-8.027515],[-34.92699,-8.02776],[-34.928948,-8.02765],[-34.929468,-8.027298],[-34.929648,-8.026804],[-34.929141,-8.026555],[-34.929218,-8.026159],[-34.928627,-8.026029],[-34.928696,-8.02652],[-34.928448,-8.026666],[-34.927928,-8.026328],[-34.92775,-8.026544],[-34.927511,-8.026371],[-34.927872,-8.025607],[-34.927245,-8.024932],[-34.926292,-8.024771],[-34.926092,-8.025255]]]}},{"type":"Feature","properties":{"id":"1261160600173","name":"Várzea : Rua Delfim Moreira / Av. Barão de Bonito","city":"2611606","ivs":0.236,"idhm":0.88,"income":1784.05,"cnes":0},"geometry":{"type":"Polygon","coordinates":[[[-34.951323,-8.038671],[-34.952291,-8.040401],[-34.95445,-8.039205],[-34.954126,-8.037984],[-34.952489,-8.038871],[-34.951999,-8.038034],[-34.951323,-8.038671]]]}},{"type":"Feature","properties":{"id":"1261160600174","name":"Iputinga : Conjunto Jardim Florença / Rua São Mateus","city":"2611606","ivs":0.196,"idhm":0.893,"income":1871.47,"cnes":0},"geometry":{"type":"Polygon","coordinates":[[[-34.932406,-8.031043],[-34.932568,-8.032668],[-34.93453,-8.03241],[-34.934257,-8.030719],[-34.932406,-8.031043]]]}},{"type":"Feature","properties":{"id":"1261160600175","name":"Iputinga : Rua Padre Fernão Cardim / Rua Conselheiro Silveira de Souza","city":"2611606","ivs":0.237,"idhm":0.88,"income":1784.05,"cnes":8},"geometry":{"type":"Polygon","coordinates":[[[-34.931381,-8.044704],[-34.931988,-8.045826],[-34.933142,-8.045145],[-34.933474,-8.045738],[-34.934951,-8.044924],[-34.936079,-8.046971],[-34.939115,-8.047018],[-34.938459,-8.045523],[-34.93992,-8.045263],[-34.938482,-8.040791],[-34.931381,-8.044704]]]}},{"type":"Feature","properties":{"id":"1261160600176","name":"Iputinga : Canal do Cavoco / Rua Expedicionário Ailson Simões","city":"2611606","ivs":0.277,"idhm":0.796,"income":859.88,"cnes":0},"geometry":{"type":"Polygon","coordinates":[[[-34.930935,-8.044948],[-34.931605,-8.046246],[-34.932182,-8.04673],[-34.936079,-8.046971],[-34.934951,-8.044924],[-34.933474,-8.045738],[-34.933142,-8.045145],[-34.931988,-8.045826],[-34.931381,-8.044704],[-34.930935,-8.044948]]]}},{"type":"Feature","properties":{"id":"1261160600177","name":"Engenho do Meio / Iputinga : Praça do Bom Pastor","city":"2611606","ivs":0.238,"idhm":0.88,"income":1784.05,"cnes":1},"geometry":{"type":"Polygon","coordinates":[[[-34.938289,-8.052153],[-34.938799,-8.052885],[-34.939186,-8.052981],[-34.944277,-8.051568],[-34.943827,-8.04624],[-34.942035,-8.046058],[-34.939911,-8.046998],[-34.940174,-8.047274],[-34.938784,-8.051916],[-34.938289,-8.052153]]]}},{"type":"Feature","properties":{"id":"1261160600178","name":"Engenho do Meio : Rua Manoel Corte Real / Rua Antônio Curado","city":"2611606","ivs":0.258,"idhm":0.827,"income":1172.92,"cnes":1},"geometry":{"type":"Polygon","coordinates":[[[-34.939186,-8.052981],[-34.940168,-8.057065],[-34.946326,-8.05536],[-34.946237,-8.052709],[-34.943099,-8.053585],[-34.94288,-8.051962],[-34.939186,-8.052981]]]}},{"type":"Feature","properties":{"id":"1261160600180","name":"Iputinga : Rua Leal de Barros / Rua Odilon Araújo","city":"2611606","ivs":0.197,"idhm":0.832,"income":1049.13,"cnes":3},"geometry":{"type":"Polygon","coordinates":[[[-34.929566,-8.029565],[-34.930189,-8.033229],[-34.931705,-8.038096],[-34.933656,-8.037311],[-34.933981,-8.037989],[-34.935479,-8.037322],[-34.934998,-8.035224],[-34.937331,-8.03449],[-34.93711,-8.033944],[-34.934903,-8.034685],[-34.93453,-8.03241],[-34.932568,-8.032668],[-34.932406,-8.031043],[-34.934257,-8.030719],[-34.934129,-8.029921],[-34.932153,-8.029997],[-34.932109,-8.029433],[-34.931593,-8.02938],[-34.931501,-8.028973],[-34.931814,-8.028519],[-34.930755,-8.028028],[-34.929566,-8.029565]]]}},{"type":"Feature","properties":{"id":"1261160600181","name":"Cordeiro / Torrões : Morada Recife Antigo / Praça da Chesf","city":"2611606","ivs":0.197,"idhm":0.893,"income":1871.47,"cnes":5},"geometry":{"type":"Polygon","coordinates":[[[-34.92481,-8.057718],[-34.925703,-8.060476],[-34.927043,-8.060461],[-34.930028,-8.061675],[-34.932735,-8.069472],[-34.934396,-8.068884],[-34.932888,-8.064658],[-34.933213,-8.06452],[-34.932285,-8.062606],[-34.931794,-8.059453],[-34.931084,-8.058136],[-34.932295,-8.056747],[-34.931227,-8.055151],[-34.929112,-8.056341],[-34.929771,-8.057501],[-34.928935,-8.057932],[-34.929303,-8.058742],[-34.928923,-8.058898],[-34.928541,-8.057846],[-34.928369,-8.057676],[-34.927616,-8.057926],[-34.927239,-8.057007],[-34.92481,-8.057718]]]}},{"type":"Feature","properties":{"id":"1261160600182","name":"Cordeiro : Rua Cláudio Brotherhood / Rua João Rosendo","city":"2611606","ivs":0.237,"idhm":0.88,"income":1784.05,"cnes":4},"geometry":{"type":"Polygon","coordinates":[[[-34.926163,-8.043744],[-34.92782,-8.046676],[-34.927203,-8.047034],[-34.927791,-8.048098],[-34.927358,-8.04834],[-34.928338,-8.050076],[-34.928692,-8.049871],[-34.929012,-8.050443],[-34.92935,-8.050265],[-34.929978,-8.051394],[-34.932374,-8.050077],[-34.928221,-8.042612],[-34.926163,-8.043744]]]}},{"type":"Feature","properties":{"id":"1261160600183","name":"Jardim São Paulo : Condomínio Vila Jardim","city":"2611606","ivs":0.237,"idhm":0.88,"income":1784.05,"cnes":0},"geometry":{"type":"Polygon","coordinates":[[[-34.948754,-8.087963],[-34.948684,-8.089631],[-34.950825,-8.089272],[-34.953448,-8.0863],[-34.952683,-8.085818],[-34.951519,-8.087008],[-34.950066,-8.085971],[-34.948754,-8.087963]]]}},{"type":"Feature","properties":{"id":"1261160600184","name":"Barro / Tejipió : Av. Dr. José Rufino / BR 101","city":"2611606","ivs":0.196,"idhm":0.832,"income":1049.13,"cnes":4},"geometry":{"type":"Polygon","coordinates":[[[-34.937652,-8.09228],[-34.937812,-8.093216],[-34.939188,-8.095157],[-34.942205,-8.09454],[-34.942164,-8.0936],[-34.94273,-8.093464],[-34.942937,-8.092978],[-34.943616,-8.093237],[-34.943187,-8.096842],[-34.942298,-8.098618],[-34.942849,-8.099206],[-34.94496,-8.0964],[-34.947089,-8.095747],[-34.949154,-8.094018],[-34.951891,-8.092851],[-34.952961,-8.092094],[-34.954532,-8.092211],[-34.955059,-8.09201],[-34.955515,-8.092177],[-34.956057,-8.09195],[-34.956708,-8.092214],[-34.95732,-8.091908],[-34.957647,-8.090596],[-34.956124,-8.090224],[-34.95634,-8.09005],[-34.956347,-8.089079],[-34.956898,-8.089097],[-34.956913,-8.088811],[-34.956897,-8.087958],[-34.956359,-8.088047],[-34.956364,-8.084214],[-34.953843,-8.085851],[-34.950825,-8.089272],[-34.947938,-8.089692],[-34.946769,-8.089452],[-34.946758,-8.091358],[-34.944168,-8.092039],[-34.942829,-8.091624],[-34.940739,-8.091608],[-34.938714,-8.091018],[-34.938822,-8.092549],[-34.937652,-8.09228]],[[-34.948034,-8.090621],[-34.949813,-8.090073],[-34.950461,-8.091083],[-34.948279,-8.091966],[-34.948034,-8.090621]]]}},{"type":"Feature","properties":{"id":"1261160600185","name":"Tejipió : Rua da Espernaça / Rua Luiz Soares","city":"2611606","ivs":0.196,"idhm":0.893,"income":1871.47,"cnes":1},"geometry":{"type":"Polygon","coordinates":[[[-34.948034,-8.090621],[-34.948279,-8.091966],[-34.950461,-8.091083],[-34.949813,-8.090073],[-34.948034,-8.090621]]]}},{"type":"Feature","properties":{"id":"1261160600186","name":"San Martin : Residenciais Quinta das Graças e Quinta da Boa Vista","city":"2611606","ivs":0.132,"idhm":0.919,"income":2478.45,"cnes":0},"geometry":{"type":"Polygon","coordinates":[[[-34.924289,-8.066722],[-34.925064,-8.068859],[-34.926233,-8.068474],[-34.92555,-8.066098],[-34.924289,-8.066722]]]}},{"type":"Feature","properties":{"id":"1261160600187","name":"Arruda : Rua José Fulco / Rua Sete Pecados","city":"2611606","ivs":0.236,"idhm":0.88,"income":1784.05,"cnes":1},"geometry":{"type":"Polygon","coordinates":[[[-34.895855,-8.025656],[-34.897619,-8.025994],[-34.897843,-8.026767],[-34.898749,-8.026444],[-34.899681,-8.024776],[-34.898693,-8.024077],[-34.897464,-8.024893],[-34.89603,-8.024706],[-34.895855,-8.025656]]]}},{"type":"Feature","properties":{"id":"1261160600188","name":"Campo Grande / Encruzilhada : Rua Othon Paraíso","city":"2611606","ivs":0.265,"idhm":0.827,"income":1172.92,"cnes":0},"geometry":{"type":"Polygon","coordinates":[[[-34.881639,-8.038761],[-34.881697,-8.038948],[-34.882244,-8.038787],[-34.881961,-8.039457],[-34.882623,-8.038545],[-34.88347,-8.038936],[-34.88391,-8.0365],[-34.884792,-8.03732],[-34.886545,-8.034394],[-34.88531,-8.033531],[-34.883153,-8.035809],[-34.883497,-8.036111],[-34.882887,-8.036725],[-34.883281,-8.037042],[-34.881999,-8.038104],[-34.882237,-8.038355],[-34.881639,-8.038761]]]}},{"type":"Feature","properties":{"id":"1261160600189","name":"Várzea : Av. Caxangá / Rua Torres Homem","city":"2611606","ivs":0.167,"idhm":0.86,"income":1341.98,"cnes":0},"geometry":{"type":"Polygon","coordinates":[[[-34.952706,-8.03292],[-34.952979,-8.03387],[-34.953555,-8.033788],[-34.953302,-8.032594],[-34.952706,-8.03292]]]}},{"type":"Feature","properties":{"id":"1261160600190","name":"Torre : Carrefour / Vila Santa Luzia","city":"2611606","ivs":0.173,"idhm":0.86,"income":1341.98,"cnes":0},"geometry":{"type":"Polygon","coordinates":[[[-34.90871,-8.0409],[-34.911101,-8.041559],[-34.90994,-8.045046],[-34.911166,-8.045248],[-34.911716,-8.043537],[-34.912917,-8.044508],[-34.913588,-8.043277],[-34.912358,-8.042347],[-34.912746,-8.041828],[-34.912102,-8.040672],[-34.911023,-8.039202],[-34.909907,-8.038165],[-34.90871,-8.0409]]]}},{"type":"Feature","properties":{"id":"1261160600191","name":"Apipucos / Macaxeira : Fábrica da Macaxeira / Açude Apipucos / Zeis Apipucos / Zeis Vila São João","city":"2611606","ivs":0.165,"idhm":0.86,"income":1341.98,"cnes":5},"geometry":{"type":"Polygon","coordinates":[[[-34.928438,-8.018241],[-34.929381,-8.018616],[-34.930014,-8.019345],[-34.930217,-8.019066],[-34.931743,-8.019729],[-34.93366,-8.021254],[-34.934019,-8.02245],[-34.935044,-8.02246],[-34.935172,-8.021505],[-34.93583,-8.021287],[-34.935758,-8.0197],[-34.936681,-8.018271],[-34.937545,-8.015194],[-34.939342,-8.014267],[-34.937664,-8.010748],[-34.937627,-8.009008],[-34.936688,-8.008893],[-34.934498,-8.011347],[-34.933254,-8.012018],[-34.933051,-8.010018],[-34.932361,-8.010057],[-34.9322,-8.00858],[-34.931273,-8.008706],[-34.931681,-8.009213],[-34.930355,-8.010946],[-34.929399,-8.013227],[-34.930096,-8.016199],[-34.930418,-8.01624],[-34.928438,-8.018241]]]}},{"type":"Feature","properties":{"id":"1261160600192","name":"Iputinga ( Caiara / Bomba Grande )","city":"2611606","ivs":0.368,"idhm":0.705,"income":519.53,"cnes":4},"geometry":{"type":"Polygon","coordinates":[[[-34.92596,-8.039253],[-34.926618,-8.039721],[-34.929836,-8.04555],[-34.931959,-8.044388],[-34.930652,-8.041995],[-34.932755,-8.040862],[-34.932267,-8.039974],[-34.931841,-8.04002],[-34.93165,-8.03913],[-34.932383,-8.039047],[-34.932394,-8.039357],[-34.935813,-8.038264],[-34.935479,-8.037322],[-34.933981,-8.037989],[-34.933656,-8.037311],[-34.93087,-8.038432],[-34.930095,-8.038923],[-34.930213,-8.039217],[-34.928552,-8.039066],[-34.92596,-8.039253]]]}},{"type":"Feature","properties":{"id":"1261160600193","name":"Cohab : Zeis UR 05 / Três Carneiros / Lagoa Encantada","city":"2611606","ivs":0.314,"idhm":0.69,"income":461.52,"cnes":0},"geometry":{"type":"Polygon","coordinates":[[[-34.949517,-8.129106],[-34.949738,-8.130707],[-34.949748,-8.129371],[-34.950714,-8.129262],[-34.950699,-8.130149],[-34.951085,-8.130266],[-34.951299,-8.13077],[-34.950879,-8.1311],[-34.951048,-8.132078],[-34.951454,-8.131944],[-34.951788,-8.132297],[-34.951126,-8.132964],[-34.951508,-8.133316],[-34.951735,-8.13334],[-34.952464,-8.132576],[-34.952439,-8.131979],[-34.952932,-8.131777],[-34.953134,-8.133143],[-34.95441,-8.133461],[-34.955119,-8.134042],[-34.954955,-8.134729],[-34.95579,-8.134666],[-34.956697,-8.134015],[-34.952163,-8.130254],[-34.952986,-8.127329],[-34.952905,-8.126537],[-34.953251,-8.126006],[-34.953177,-8.12518],[-34.953741,-8.124207],[-34.953921,-8.123641],[-34.953925,-8.123251],[-34.953322,-8.123957],[-34.951325,-8.123968],[-34.95065,-8.12433],[-34.950105,-8.124294],[-34.949993,-8.128118],[-34.949517,-8.129106]]]}},{"type":"Feature","properties":{"id":"1261160600194","name":"Imbiribeira / Ipsep : Zeis Sítio Grande","city":"2611606","ivs":0.366,"idhm":0.64,"income":360.3,"cnes":5},"geometry":{"type":"Polygon","coordinates":[[[-34.910412,-8.101692],[-34.911341,-8.106366],[-34.913618,-8.105932],[-34.915962,-8.107949],[-34.915912,-8.106588],[-34.916206,-8.105537],[-34.917463,-8.104283],[-34.918494,-8.104255],[-34.918436,-8.104681],[-34.91966,-8.105291],[-34.920543,-8.104781],[-34.921872,-8.105684],[-34.922227,-8.105352],[-34.92284,-8.105914],[-34.922603,-8.107288],[-34.923163,-8.107362],[-34.923519,-8.10498],[-34.924808,-8.105107],[-34.92505,-8.103442],[-34.923351,-8.103217],[-34.923415,-8.102753],[-34.922896,-8.10268],[-34.922996,-8.101182],[-34.923758,-8.100496],[-34.921397,-8.09724],[-34.920262,-8.098043],[-34.913127,-8.0997],[-34.912685,-8.1012],[-34.910412,-8.101692]]]}},{"type":"Feature","properties":{"id":"1261160600195","name":"Ipsep : Av. Presidente Kennedy","city":"2611606","ivs":0.277,"idhm":0.794,"income":776.65,"cnes":1},"geometry":{"type":"Polygon","coordinates":[[[-34.922896,-8.10268],[-34.923415,-8.102753],[-34.923351,-8.103217],[-34.92505,-8.103442],[-34.92487,-8.104657],[-34.926071,-8.104799],[-34.925656,-8.107732],[-34.927055,-8.107899],[-34.92783,-8.102376],[-34.925468,-8.102066],[-34.923758,-8.100496],[-34.922996,-8.101182],[-34.922896,-8.10268]]]}},{"type":"Feature","properties":{"id":"1261160600196","name":"Pina : Av. República do Líbano / Bacardi","city":"2611606","ivs":0.511,"idhm":0.608,"income":325.14,"cnes":2},"geometry":{"type":"Polygon","coordinates":[[[-34.888896,-8.08489],[-34.890582,-8.085786],[-34.890644,-8.085115],[-34.891473,-8.084637],[-34.890054,-8.084385],[-34.88964,-8.084034],[-34.888896,-8.08489]]]}},{"type":"Feature","properties":{"id":"1261160600197","name":"Bongi : Zeis Mustardinha / Estrada do Bongi / Rua Pedro Américo","city":"2611606","ivs":0.237,"idhm":0.88,"income":1784.05,"cnes":2},"geometry":{"type":"Polygon","coordinates":[[[-34.916535,-8.064901],[-34.917112,-8.067315],[-34.919198,-8.066805],[-34.917987,-8.06383],[-34.916535,-8.064901]]]}}]}