{"type":"FeatureCollection","features":[{"type":"Feature","properties":{"id":"1130260300001","name":"Aleixo / Adrianópolis","city":"1302603","ivs":0.332,"idhm":0.753,"income":714.39,"cnes":15},"geometry":{"type":"Polygon","coordinates":[[[-59.997034,-3.096895],[-59.99935,-3.098485],[-60.00036,-3.098473],[-60.000665,-3.09867],[-60.001679,-3.097331],[-60.002409,-3.097234],[-60.002819,-3.097611],[-60.003309,-3.097655],[-60.00461,-3.099191],[-60.000378,-3.099482],[-60.000286,-3.099912],[-60.001393,-3.099979],[-60.001216,-3.100888],[-60.002428,-3.101098],[-60.003958,-3.100937],[-60.004429,-3.104497],[-60.005022,-3.10455],[-60.006776,-3.105899],[-60.007582,-3.104939],[-60.007981,-3.105735],[-60.008919,-3.106359],[-60.008696,-3.104521],[-60.008046,-3.102915],[-60.009201,-3.10273],[-60.008545,-3.100132],[-60.007981,-3.10021],[-60.008387,-3.101904],[-60.006315,-3.102564],[-60.005817,-3.10055],[-60.005817,-3.099509],[-60.006671,-3.097733],[-60.005538,-3.096322],[-60.005741,-3.096167],[-60.004654,-3.094597],[-60.004335,-3.094747],[-60.004117,-3.094542],[-60.003873,-3.093799],[-60.002865,-3.094273],[-60.000111,-3.093628],[-60.000154,-3.09383],[-59.999421,-3.094138],[-59.997869,-3.096184],[-59.997403,-3.095544],[-59.997213,-3.095857],[-59.997507,-3.096013],[-59.997034,-3.096895]]]}},{"type":"Feature","properties":{"id":"1130260300002","name":"Alvorada","city":"1302603","ivs":0.346,"idhm":0.734,"income":612.1,"cnes":40},"geometry":{"type":"Polygon","coordinates":[[[-60.029482,-3.073771],[-60.031108,-3.076376],[-60.031445,-3.079534],[-60.031007,-3.083847],[-60.03344,-3.082716],[-60.035825,-3.083356],[-60.036826,-3.083256],[-60.038127,-3.082493],[-60.041063,-3.081817],[-60.04322,-3.080542],[-60.04387,-3.080654],[-60.043883,-3.080909],[-60.045727,-3.079284],[-60.046539,-3.078854],[-60.046492,-3.081592],[-60.048933,-3.081807],[-60.050834,-3.082946],[-60.051452,-3.082987],[-60.05151,-3.084289],[-60.053409,-3.084191],[-60.053437,-3.085789],[-60.05375,-3.085786],[-60.053965,-3.084863],[-60.056156,-3.082353],[-60.056081,-3.080067],[-60.057303,-3.079799],[-60.057627,-3.078111],[-60.05818,-3.078173],[-60.058811,-3.074245],[-60.057553,-3.07428],[-60.054227,-3.071238],[-60.053224,-3.071903],[-60.051171,-3.072202],[-60.046785,-3.071491],[-60.046485,-3.067592],[-60.046016,-3.06749],[-60.035279,-3.070565],[-60.035292,-3.073744],[-60.029482,-3.073771]]]}},{"type":"Feature","properties":{"id":"1130260300003","name":"Flores ( Arezzo / Espaço Verde )","city":"1302603","ivs":0.183,"idhm":0.921,"income":2820.86,"cnes":0},"geometry":{"type":"Polygon","coordinates":[[[-60.015713,-3.058258],[-60.015709,-3.060509],[-60.016788,-3.060602],[-60.016893,-3.059785],[-60.018642,-3.059973],[-60.018412,-3.058525],[-60.017406,-3.058361],[-60.015713,-3.058258]]]}},{"type":"Feature","properties":{"id":"1130260300004","name":"Armando Mendes","city":"1302603","ivs":0.429,"idhm":0.65,"income":397.85,"cnes":5},"geometry":{"type":"Polygon","coordinates":[[[-59.930297,-3.084868],[-59.933603,-3.086075],[-59.935117,-3.087654],[-59.936742,-3.088598],[-59.93764,-3.091566],[-59.937503,-3.092563],[-59.938445,-3.094194],[-59.937853,-3.094497],[-59.939065,-3.098064],[-59.941009,-3.097754],[-59.940967,-3.096895],[-59.941544,-3.096644],[-59.94014,-3.095226],[-59.941781,-3.094168],[-59.942842,-3.09423],[-59.944257,-3.095595],[-59.945881,-3.094584],[-59.947917,-3.094335],[-59.948834,-3.089254],[-59.949374,-3.087565],[-59.95065,-3.086197],[-59.950326,-3.085611],[-59.949606,-3.085482],[-59.948244,-3.084726],[-59.94723,-3.085284],[-59.94622,-3.085338],[-59.945772,-3.085832],[-59.945578,-3.084154],[-59.944741,-3.083414],[-59.943519,-3.082819],[-59.942945,-3.083037],[-59.941949,-3.084282],[-59.941018,-3.083882],[-59.940242,-3.083901],[-59.935865,-3.078977],[-59.932451,-3.081277],[-59.930297,-3.084868]]]}},{"type":"Feature","properties":{"id":"1130260300005","name":"Augusto Montenegro","city":"1302603","ivs":0.328,"idhm":0.812,"income":1025.01,"cnes":0},"geometry":{"type":"Polygon","coordinates":[[[-60.066957,-3.064208],[-60.06863,-3.066128],[-60.067046,-3.071199],[-60.071619,-3.069933],[-60.073012,-3.070249],[-60.07551,-3.070355],[-60.076451,-3.067507],[-60.075883,-3.066959],[-60.07627,-3.066355],[-60.076291,-3.065529],[-60.075326,-3.063283],[-60.068884,-3.062126],[-60.067206,-3.062227],[-60.066957,-3.064208]]]}},{"type":"Feature","properties":{"id":"1130260300006","name":"Betânia / Crespo / São Lázaro / Morro da Liberdade","city":"1302603","ivs":0.28,"idhm":0.747,"income":680.75,"cnes":18},"geometry":{"type":"Polygon","coordinates":[[[-59.984334,-3.137775],[-59.984533,-3.138353],[-59.989949,-3.13961],[-59.989647,-3.139033],[-59.990774,-3.139306],[-59.990669,-3.139714],[-59.996258,-3.141211],[-59.99642,-3.140539],[-59.998571,-3.140696],[-59.998543,-3.141221],[-59.997969,-3.141253],[-59.997751,-3.142691],[-59.998849,-3.142649],[-60.000857,-3.141138],[-60.000551,-3.140762],[-60.001725,-3.140361],[-60.001934,-3.139774],[-60.00243,-3.139667],[-60.002347,-3.139228],[-60.002605,-3.139244],[-60.002683,-3.139608],[-60.004636,-3.138917],[-60.005716,-3.137637],[-60.006213,-3.1366],[-60.001928,-3.133366],[-60.000645,-3.133164],[-59.999494,-3.131916],[-59.998678,-3.13192],[-59.995625,-3.130351],[-59.994942,-3.130235],[-59.994309,-3.129346],[-59.988313,-3.13181],[-59.988365,-3.132683],[-59.988136,-3.133166],[-59.987347,-3.133722],[-59.986427,-3.133644],[-59.986097,-3.134308],[-59.985864,-3.137443],[-59.985691,-3.137627],[-59.983988,-3.13767],[-59.984334,-3.137775]],[[-60.002605,-3.139244],[-60.002126,-3.137395],[-60.002833,-3.137241],[-60.003028,-3.136488],[-60.00367,-3.136748],[-60.003209,-3.137619],[-60.004126,-3.138605],[-60.003772,-3.138923],[-60.002605,-3.139244]],[[-59.998571,-3.137655],[-59.998989,-3.136135],[-59.999897,-3.135611],[-60.000063,-3.136016],[-59.999817,-3.136515],[-60.000182,-3.137458],[-59.998571,-3.137655]],[[-59.992428,-3.136305],[-59.991653,-3.136307],[-59.991864,-3.135705],[-59.991924,-3.133506],[-59.992407,-3.133926],[-59.992428,-3.136305]]]}},{"type":"Feature","properties":{"id":"1130260300007","name":"Centro","city":"1302603","ivs":0.281,"idhm":0.753,"income":674.88,"cnes":21},"geometry":{"type":"Polygon","coordinates":[[[-60.016609,-3.11885],[-60.016672,-3.126087],[-60.019461,-3.126039],[-60.019967,-3.124537],[-60.020655,-3.124491],[-60.020663,-3.123254],[-60.02034,-3.123242],[-60.020923,-3.121709],[-60.022477,-3.121708],[-60.021879,-3.120376],[-60.020717,-3.120351],[-60.020759,-3.118927],[-60.01929,-3.118868],[-60.019305,-3.119967],[-60.018672,-3.120011],[-60.018276,-3.119438],[-60.018,-3.119442],[-60.017989,-3.118842],[-60.016609,-3.11885]]]}},{"type":"Feature","properties":{"id":"1130260300008","name":"Cidade de Deus / Jorge Teixeira ( Comunidade Nossa Senhora de Fátima )","city":"1302603","ivs":0.472,"idhm":0.637,"income":360.03,"cnes":7},"geometry":{"type":"Polygon","coordinates":[[[-59.932919,-3.021604],[-59.933257,-3.024042],[-59.93522,-3.027522],[-59.936705,-3.027379],[-59.937049,-3.028375],[-59.939976,-3.028201],[-59.940147,-3.027704],[-59.942573,-3.027609],[-59.942544,-3.027186],[-59.942949,-3.02717],[-59.942948,-3.023671],[-59.94588,-3.023667],[-59.945643,-3.019953],[-59.943887,-3.020029],[-59.943783,-3.016758],[-59.946978,-3.016701],[-59.946611,-3.013538],[-59.947033,-3.011091],[-59.946899,-3.00904],[-59.94713,-3.008199],[-59.940195,-3.007296],[-59.939275,-3.013253],[-59.93726,-3.013125],[-59.936216,-3.014036],[-59.93565,-3.015059],[-59.93592,-3.01535],[-59.935269,-3.016985],[-59.934884,-3.017268],[-59.93408,-3.0172],[-59.933642,-3.017836],[-59.93414,-3.018327],[-59.933356,-3.020015],[-59.933195,-3.021591],[-59.932919,-3.021604]]]}},{"type":"Feature","properties":{"id":"1130260300009","name":"Cidade Nova / Nova Cidade ( Conjunto Carlos Braga - Cidadão III / Conjunto Habitacional Vila da Barra / Conjunto Galiléia / Conjunto Renato Souza Pinto (2ª Etapa) / Loteamento Ribeiro Júnior / Conjunto Cidade Nova I )","city":"1302603","ivs":0.302,"idhm":0.804,"income":972.69,"cnes":30},"geometry":{"type":"Polygon","coordinates":[[[-59.959758,-3.035775],[-59.960346,-3.037578],[-59.96112,-3.03834],[-59.961306,-3.038844],[-59.963719,-3.040537],[-59.969901,-3.043015],[-59.972376,-3.045291],[-59.974101,-3.045236],[-59.977606,-3.045951],[-59.979393,-3.047727],[-59.979795,-3.048457],[-59.980383,-3.048357],[-59.980743,-3.047673],[-59.983021,-3.045692],[-59.984143,-3.044272],[-59.984476,-3.043161],[-59.985455,-3.043037],[-59.985569,-3.039372],[-59.986362,-3.039129],[-59.986397,-3.037303],[-59.987249,-3.037083],[-59.987223,-3.038858],[-59.988495,-3.038491],[-59.989793,-3.038445],[-59.989823,-3.037423],[-59.99023,-3.03685],[-59.990254,-3.037608],[-59.992199,-3.037526],[-59.992201,-3.037286],[-59.993421,-3.037228],[-59.993388,-3.036511],[-60.000934,-3.036004],[-59.994117,-3.03507],[-59.993544,-3.034638],[-59.992466,-3.032472],[-59.991617,-3.032082],[-59.991603,-3.029811],[-59.992349,-3.029693],[-59.991226,-3.028096],[-59.991268,-3.026186],[-59.991647,-3.026158],[-59.991673,-3.02556],[-59.992439,-3.025504],[-59.993019,-3.025118],[-59.993187,-3.024788],[-59.992877,-3.024493],[-59.992726,-3.02381],[-59.993261,-3.023329],[-59.993076,-3.022787],[-59.993239,-3.02259],[-59.992723,-3.021583],[-59.992286,-3.02187],[-59.991006,-3.019662],[-59.991809,-3.017146],[-59.990702,-3.016448],[-59.991493,-3.012184],[-59.991095,-3.010522],[-59.990818,-3.010474],[-59.990698,-3.009956],[-59.987406,-3.009963],[-59.987673,-3.011281],[-59.985006,-3.011259],[-59.98526,-3.013589],[-59.985245,-3.016681],[-59.984354,-3.016425],[-59.982027,-3.016412],[-59.982073,-3.015139],[-59.980832,-3.015229],[-59.981038,-3.026553],[-59.981783,-3.026525],[-59.981804,-3.027546],[-59.983249,-3.027529],[-59.983284,-3.029509],[-59.981846,-3.029536],[-59.981852,-3.029819],[-59.971172,-3.030094],[-59.971219,-3.030857],[-59.971716,-3.031982],[-59.972374,-3.032396],[-59.974512,-3.032455],[-59.975289,-3.032813],[-59.975488,-3.033639],[-59.974874,-3.033789],[-59.974254,-3.034509],[-59.975414,-3.035242],[-59.975727,-3.035947],[-59.976533,-3.035968],[-59.977246,-3.037532],[-59.977839,-3.04033],[-59.978642,-3.042191],[-59.974946,-3.042296],[-59.974287,-3.041142],[-59.974297,-3.040539],[-59.971501,-3.038209],[-59.973343,-3.03617],[-59.970552,-3.033826],[-59.971507,-3.032613],[-59.969159,-3.031035],[-59.968759,-3.032653],[-59.967714,-3.0338],[-59.96812,-3.034186],[-59.968296,-3.033969],[-59.968687,-3.034397],[-59.967836,-3.035335],[-59.965608,-3.033408],[-59.964679,-3.032193],[-59.964697,-3.032454],[-59.962249,-3.034876],[-59.960724,-3.035669],[-59.959758,-3.035775]]]}},{"type":"Feature","properties":{"id":"1130260300010","name":"Puraquequara / Colônia Antônio Aleixo / Distrito Industrial II ( Comuidade Onze de Maio / Conjunto Amine Lindoso - Projeto Cidadão II / Comunidade da Fé I / Comunidade da Fé II / Comunidade Nova Esperança / Comunidade Bela Vista )","city":"1302603","ivs":0.519,"idhm":0.604,"income":335.81,"cnes":15},"geometry":{"type":"Polygon","coordinates":[[[-59.815713,-3.051998],[-59.815845,-3.052405],[-59.819152,-3.054526],[-59.848515,-3.075527],[-59.853496,-3.07722],[-59.856088,-3.078851],[-59.859139,-3.081795],[-59.860633,-3.083624],[-59.860887,-3.083805],[-59.861364,-3.083033],[-59.861761,-3.083045],[-59.861495,-3.083805],[-59.861581,-3.084278],[-59.86217,-3.083811],[-59.862952,-3.084184],[-59.863702,-3.083929],[-59.864632,-3.084234],[-59.865667,-3.083873],[-59.866789,-3.084576],[-59.867261,-3.084608],[-59.867385,-3.084346],[-59.866975,-3.083761],[-59.867118,-3.083462],[-59.868525,-3.083469],[-59.869561,-3.083948],[-59.870367,-3.083811],[-59.870702,-3.083512],[-59.873944,-3.084477],[-59.875736,-3.085089],[-59.878218,-3.087009],[-59.881,-3.08833],[-59.881385,-3.08884],[-59.883158,-3.089933],[-59.883672,-3.0902],[-59.884119,-3.090138],[-59.884348,-3.090649],[-59.887064,-3.091047],[-59.889991,-3.092986],[-59.891818,-3.093384],[-59.892206,-3.094583],[-59.893733,-3.095083],[-59.899067,-3.09411],[-59.897253,-3.093345],[-59.898493,-3.093397],[-59.899492,-3.092764],[-59.901193,-3.087782],[-59.900906,-3.086157],[-59.900576,-3.085556],[-59.895506,-3.080572],[-59.894876,-3.079753],[-59.894869,-3.078801],[-59.894419,-3.078066],[-59.89545,-3.078793],[-59.896307,-3.078698],[-59.900504,-3.076961],[-59.903482,-3.076057],[-59.904143,-3.076053],[-59.904363,-3.075924],[-59.904375,-3.074968],[-59.904913,-3.074391],[-59.906061,-3.073398],[-59.907002,-3.073239],[-59.908333,-3.071779],[-59.909298,-3.071632],[-59.911644,-3.071885],[-59.911375,-3.070196],[-59.913501,-3.069031],[-59.913721,-3.068407],[-59.914518,-3.068497],[-59.916537,-3.065296],[-59.916454,-3.064172],[-59.915386,-3.061091],[-59.915166,-3.05903],[-59.917731,-3.059516],[-59.918687,-3.059336],[-59.920011,-3.05869],[-59.920872,-3.057755],[-59.920954,-3.056835],[-59.920503,-3.056079],[-59.921378,-3.055419],[-59.921719,-3.055406],[-59.921627,-3.055129],[-59.918402,-3.055638],[-59.91738,-3.054712],[-59.91769,-3.053741],[-59.91738,-3.052376],[-59.908436,-3.027358],[-59.905304,-3.01626],[-59.902885,-3.001939],[-59.884954,-2.99959],[-59.879921,-2.997213],[-59.874426,-2.996231],[-59.875001,-2.99302],[-59.873499,-2.993039],[-59.872417,-2.992652],[-59.87205,-2.992246],[-59.871519,-2.989886],[-59.871152,-2.98926],[-59.870345,-2.988946],[-59.865963,-2.988761],[-59.864148,-2.989148],[-59.862332,-2.989037],[-59.856436,-2.992502],[-59.855831,-2.992594],[-59.851486,-2.991082],[-59.849725,-2.990787],[-59.848057,-2.990178],[-59.842831,-2.989496],[-59.83847,-2.989698],[-59.837545,-2.98941],[-59.832775,-2.991375],[-59.832631,-2.991597],[-59.833035,-2.992095],[-59.833153,-2.992868],[-59.832306,-2.993431],[-59.831445,-2.993602],[-59.832501,-2.992619],[-59.832215,-2.992108],[-59.830989,-2.992082],[-59.829647,-2.991715],[-59.828122,-2.992173],[-59.827392,-2.993352],[-59.827666,-2.994046],[-59.82708,-2.994269],[-59.82507,-2.993957],[-59.823452,-3.001721],[-59.826551,-3.010393],[-59.82655,-3.010989],[-59.8226,-3.017149],[-59.818783,-3.033543],[-59.815713,-3.051998]]]}},{"type":"Feature","properties":{"id":"1130260300011","name":"Educandos","city":"1302603","ivs":0.48,"idhm":0.666,"income":424.33,"cnes":1},"geometry":{"type":"Polygon","coordinates":[[[-60.008895,-3.142422],[-60.010724,-3.143455],[-60.010901,-3.142794],[-60.012392,-3.14322],[-60.012979,-3.142983],[-60.012278,-3.141452],[-60.011604,-3.141443],[-60.01164,-3.140675],[-60.010368,-3.141015],[-60.008895,-3.142422]]]}},{"type":"Feature","properties":{"id":"1130260300012","name":"Colônia Santo Antônio ( Loteamento Recreio Canaã )","city":"1302603","ivs":0.385,"idhm":0.708,"income":594.09,"cnes":3},"geometry":{"type":"Polygon","coordinates":[[[-60.000983,-3.023162],[-60.001112,-3.031784],[-60.006644,-3.031702],[-60.006758,-3.031396],[-60.005802,-3.031338],[-60.00554,-3.02916],[-60.004347,-3.028382],[-60.004322,-3.028153],[-60.005076,-3.027883],[-60.005022,-3.025603],[-60.004011,-3.025636],[-60.003932,-3.024301],[-60.00341,-3.024354],[-60.003227,-3.023365],[-60.002747,-3.023161],[-60.000983,-3.023162]]]}},{"type":"Feature","properties":{"id":"1130260300013","name":"Conjunto Nova Cidade","city":"1302603","ivs":0.646,"idhm":0.576,"income":289.07,"cnes":1},"geometry":{"type":"Polygon","coordinates":[[[-59.97079,-2.989591],[-59.970866,-2.993649],[-59.972032,-2.993655],[-59.972018,-2.993308],[-59.97324,-2.993252],[-59.972921,-2.989172],[-59.97079,-2.989591]]]}},{"type":"Feature","properties":{"id":"1130260300014","name":"Cidade de Deus ( Comunidade Gustavo Nascimento / Conjunto Braga mendes / Conjunto Cidadão XIII - Aprovação )","city":"1302603","ivs":0.471,"idhm":0.632,"income":354.52,"cnes":6},"geometry":{"type":"Polygon","coordinates":[[[-59.93522,-3.027522],[-59.940147,-3.036627],[-59.940784,-3.036798],[-59.943621,-3.035682],[-59.943003,-3.03421],[-59.944739,-3.033451],[-59.944386,-3.032656],[-59.944873,-3.03246],[-59.945009,-3.031925],[-59.94461,-3.027982],[-59.947336,-3.027833],[-59.947741,-3.032055],[-59.947324,-3.031781],[-59.946793,-3.032567],[-59.947007,-3.0328],[-59.947691,-3.032528],[-59.948403,-3.032584],[-59.948626,-3.033565],[-59.953143,-3.031365],[-59.959836,-3.027437],[-59.959955,-3.026764],[-59.957436,-3.026698],[-59.956399,-3.02637],[-59.956272,-3.02662],[-59.95526,-3.026651],[-59.955245,-3.025741],[-59.954239,-3.025332],[-59.949444,-3.0244],[-59.945877,-3.023997],[-59.946242,-3.025267],[-59.946092,-3.026256],[-59.942911,-3.026158],[-59.942949,-3.02717],[-59.942544,-3.027186],[-59.942573,-3.027609],[-59.940147,-3.027704],[-59.939976,-3.028201],[-59.937049,-3.028375],[-59.936705,-3.027379],[-59.93522,-3.027522]]]}},{"type":"Feature","properties":{"id":"1130260300015","name":"Comunidade Nossa Senhora de Fátima","city":"1302603","ivs":0.663,"idhm":0.576,"income":289.07,"cnes":1},"geometry":{"type":"Polygon","coordinates":[[[-60.159392,-3.019871],[-60.171139,-3.023468],[-60.173775,-3.005418],[-60.164607,-3.003642],[-60.159392,-3.019871]]]}},{"type":"Feature","properties":{"id":"1130260300016","name":"Redenção","city":"1302603","ivs":0.463,"idhm":0.65,"income":386.82,"cnes":0},"geometry":{"type":"Polygon","coordinates":[[[-60.032789,-3.056457],[-60.034384,-3.056571],[-60.034504,-3.05366],[-60.035143,-3.053725],[-60.035335,-3.053],[-60.036654,-3.052106],[-60.036809,-3.050976],[-60.034705,-3.050706],[-60.034019,-3.05085],[-60.032859,-3.051906],[-60.032789,-3.056457]]]}},{"type":"Feature","properties":{"id":"1130260300017","name":"Santa Etelvina / Monte das Oliveiras ( Comunidade Vitória Régia / Comunidade Vista Alegre / Conjunto Residencial Santa Tereza / Loteamento Fortaleza / Loteamento Popular Cordeiro / Loteamento Rio Piorini V )","city":"1302603","ivs":0.484,"idhm":0.666,"income":424.33,"cnes":22},"geometry":{"type":"Polygon","coordinates":[[[-59.989803,-2.985681],[-59.990062,-2.986169],[-59.990484,-2.986299],[-59.994777,-2.986141],[-59.994015,-2.99067],[-59.995225,-2.990701],[-59.993808,-2.999795],[-59.998024,-2.999783],[-60.000663,-3.000939],[-60.002789,-3.001299],[-60.008271,-3.001414],[-60.016249,-2.99772],[-60.016953,-2.997586],[-60.01933,-2.99624],[-60.020007,-2.995497],[-60.020718,-2.994121],[-60.021713,-2.993408],[-60.027984,-2.993407],[-60.030725,-2.994095],[-60.029702,-2.992647],[-60.01736,-2.980424],[-60.016575,-2.979272],[-60.015896,-2.977176],[-60.015767,-2.97362],[-60.015104,-2.973874],[-60.014673,-2.973754],[-60.014169,-2.974153],[-60.013857,-2.976949],[-60.011385,-2.97807],[-60.010662,-2.978164],[-60.010536,-2.978749],[-60.009946,-2.978536],[-60.009694,-2.979155],[-60.008494,-2.979202],[-60.007175,-2.978843],[-60.007022,-2.979182],[-60.006472,-2.979268],[-60.00632,-2.979674],[-60.005975,-2.979781],[-60.005862,-2.979548],[-60.005418,-2.980094],[-60.005166,-2.979854],[-60.004649,-2.980007],[-60.004189,-2.980548],[-60.002677,-2.980932],[-59.999172,-2.981005],[-59.996159,-2.982486],[-59.994083,-2.982815],[-59.993692,-2.983254],[-59.992926,-2.983396],[-59.99287,-2.983115],[-59.992358,-2.983183],[-59.992313,-2.983378],[-59.991252,-2.983327],[-59.990296,-2.983939],[-59.989912,-2.9839],[-59.989803,-2.985681]],[[-59.997261,-2.986015],[-60.003108,-2.985906],[-60.002976,-2.987309],[-60.00252,-2.986881],[-60.00108,-2.987372],[-59.999782,-2.987145],[-59.998362,-2.987354],[-59.997853,-2.987005],[-59.997261,-2.986015]]]}},{"type":"Feature","properties":{"id":"1130260300018","name":"Cidade de Deus ( Comunidade Vale do Amanhecer / Comunidade Alfredo Nascimento / Conjunto Amadeu Botelho / Loteamento Parque dos Estados )","city":"1302603","ivs":0.456,"idhm":0.649,"income":382.11,"cnes":6},"geometry":{"type":"Polygon","coordinates":[[[-59.943783,-3.016758],[-59.943887,-3.020029],[-59.945643,-3.019953],[-59.945877,-3.023997],[-59.953435,-3.025164],[-59.953338,-3.021433],[-59.956696,-3.02136],[-59.956751,-3.023469],[-59.957582,-3.023466],[-59.957671,-3.021782],[-59.957257,-3.019911],[-59.959121,-3.019856],[-59.95908,-3.019067],[-59.959614,-3.01808],[-59.959454,-3.015999],[-59.959662,-3.01548],[-59.960109,-3.014884],[-59.961842,-3.013804],[-59.962882,-3.011883],[-59.964002,-3.012584],[-59.964931,-3.01274],[-59.967773,-3.011869],[-59.970025,-3.010794],[-59.96619,-3.008103],[-59.965336,-3.00813],[-59.965717,-3.007625],[-59.965763,-3.006907],[-59.958681,-3.006312],[-59.953911,-3.009236],[-59.94713,-3.008199],[-59.946899,-3.00904],[-59.947033,-3.011091],[-59.946611,-3.013538],[-59.946978,-3.016701],[-59.943783,-3.016758]]]}},{"type":"Feature","properties":{"id":"1130260300019","name":"Jorge Teixeira / Cidade de Deus ( Comunidade Val Paraíso / Comunidade Santa Bárbara / Comunidade Chico Mendes / Comunidade Areal do Mindú )","city":"1302603","ivs":0.516,"idhm":0.604,"income":335.81,"cnes":7},"geometry":{"type":"Polygon","coordinates":[[[-59.914415,-3.003068],[-59.915648,-3.00453],[-59.923329,-3.011307],[-59.922748,-3.012202],[-59.923152,-3.013343],[-59.922932,-3.013809],[-59.921942,-3.014477],[-59.92149,-3.015213],[-59.921655,-3.017151],[-59.922109,-3.018286],[-59.923376,-3.019326],[-59.924409,-3.019524],[-59.925132,-3.020068],[-59.925766,-3.021265],[-59.926358,-3.021609],[-59.929889,-3.022462],[-59.930511,-3.023059],[-59.930853,-3.02059],[-59.931805,-3.018234],[-59.93196,-3.017091],[-59.934884,-3.017268],[-59.935689,-3.016319],[-59.93592,-3.01535],[-59.93565,-3.015059],[-59.936216,-3.014036],[-59.936934,-3.013362],[-59.937765,-3.013064],[-59.939275,-3.013253],[-59.940195,-3.007296],[-59.926751,-3.005292],[-59.914415,-3.003068]]]}},{"type":"Feature","properties":{"id":"1130260300020","name":"Cidade Nova ( Comunidade Nossa Senhora do Perpétuo Socorro / Núcleo VII / Núcleo X )","city":"1302603","ivs":0.438,"idhm":0.676,"income":457.36,"cnes":2},"geometry":{"type":"Polygon","coordinates":[[[-59.964679,-3.032193],[-59.965608,-3.033408],[-59.967836,-3.035335],[-59.968687,-3.034397],[-59.968296,-3.033969],[-59.96812,-3.034186],[-59.967714,-3.0338],[-59.968759,-3.032653],[-59.969159,-3.031035],[-59.971507,-3.032613],[-59.970552,-3.033826],[-59.973343,-3.03617],[-59.971501,-3.038209],[-59.974297,-3.040539],[-59.974287,-3.041142],[-59.974946,-3.042296],[-59.978642,-3.042191],[-59.977839,-3.04033],[-59.977246,-3.037532],[-59.976533,-3.035968],[-59.975727,-3.035947],[-59.975414,-3.035242],[-59.974254,-3.034509],[-59.974874,-3.033789],[-59.975488,-3.033639],[-59.975289,-3.032813],[-59.974512,-3.032455],[-59.972374,-3.032396],[-59.971716,-3.031982],[-59.971219,-3.030857],[-59.971172,-3.030094],[-59.967473,-3.030251],[-59.966321,-3.030913],[-59.964954,-3.032187],[-59.964679,-3.032193]]]}},{"type":"Feature","properties":{"id":"1130260300021","name":"Dom Pedro ( Comunidade Santa Terezinha )","city":"1302603","ivs":0.473,"idhm":0.632,"income":354.52,"cnes":0},"geometry":{"type":"Polygon","coordinates":[[[-60.042509,-3.080898],[-60.043001,-3.080904],[-60.043689,-3.081246],[-60.043733,-3.081487],[-60.044196,-3.081124],[-60.044422,-3.081276],[-60.044644,-3.080898],[-60.045145,-3.081024],[-60.045289,-3.081724],[-60.046502,-3.08188],[-60.046539,-3.078854],[-60.045727,-3.079284],[-60.043883,-3.080909],[-60.04387,-3.080654],[-60.04322,-3.080542],[-60.042509,-3.080898]]]}},{"type":"Feature","properties":{"id":"1130260300022","name":"Condomínio Residencial Houseville / Condomínio Abrahan Pazzuelo / Condomínio dos Advogados","city":"1302603","ivs":0.082,"idhm":0.93,"income":7893.75,"cnes":3},"geometry":{"type":"Polygon","coordinates":[[[-60.048004,-3.092513],[-60.051816,-3.093427],[-60.052876,-3.091967],[-60.058155,-3.089754],[-60.058177,-3.088725],[-60.055995,-3.089083],[-60.054892,-3.088694],[-60.052906,-3.088718],[-60.050659,-3.090436],[-60.048584,-3.091096],[-60.048245,-3.091429],[-60.048004,-3.092513]]]}},{"type":"Feature","properties":{"id":"1130260300023","name":"Presidente Vargas","city":"1302603","ivs":0.439,"idhm":0.676,"income":457.36,"cnes":1},"geometry":{"type":"Polygon","coordinates":[[[-60.026576,-3.121052],[-60.026576,-3.121471],[-60.02855,-3.122109],[-60.030371,-3.123711],[-60.032454,-3.125122],[-60.032753,-3.126088],[-60.033208,-3.125828],[-60.033133,-3.12512],[-60.031917,-3.123267],[-60.031806,-3.122775],[-60.032101,-3.12103],[-60.026576,-3.121052]]]}},{"type":"Feature","properties":{"id":"1130260300024","name":"Cidade Nova ( Comunidade Mundo Novo / Conjunto Boas Novas )","city":"1302603","ivs":0.438,"idhm":0.676,"income":457.36,"cnes":2},"geometry":{"type":"Polygon","coordinates":[[[-59.985455,-3.043037],[-59.989294,-3.041962],[-59.989851,-3.042496],[-60.000335,-3.042502],[-60.000506,-3.040637],[-59.998341,-3.040689],[-59.998368,-3.040234],[-59.997551,-3.040183],[-59.997585,-3.039644],[-59.996501,-3.038678],[-59.994984,-3.038582],[-59.994316,-3.03911],[-59.994217,-3.038182],[-59.99345,-3.038229],[-59.993421,-3.037228],[-59.992201,-3.037286],[-59.992199,-3.037526],[-59.990254,-3.037608],[-59.99023,-3.03685],[-59.989823,-3.037423],[-59.989793,-3.038445],[-59.988495,-3.038491],[-59.987223,-3.038858],[-59.987249,-3.037083],[-59.986397,-3.037303],[-59.986362,-3.039129],[-59.985569,-3.039372],[-59.985455,-3.043037]]]}},{"type":"Feature","properties":{"id":"1130260300025","name":"Novo Aleixo ( Comunidade Nossa Senhora de Fátima / Conjunto Amazonino Mendes / Conjunto Novo Canaã / Conjunto Mutirão - Amazonino Mendes / Loteamento Novo Aleixo )","city":"1302603","ivs":0.424,"idhm":0.675,"income":420.1,"cnes":12},"geometry":{"type":"Polygon","coordinates":[[[-59.940579,-3.037415],[-59.942785,-3.044437],[-59.943776,-3.044772],[-59.944525,-3.046394],[-59.946788,-3.048836],[-59.949739,-3.051114],[-59.951099,-3.051882],[-59.953344,-3.054494],[-59.954849,-3.055121],[-59.95703,-3.057107],[-59.957952,-3.058114],[-59.959562,-3.060604],[-59.96114,-3.061999],[-59.961595,-3.060915],[-59.959948,-3.060249],[-59.960961,-3.057564],[-59.961466,-3.057788],[-59.961932,-3.056491],[-59.963083,-3.052898],[-59.962594,-3.052446],[-59.963122,-3.051034],[-59.962812,-3.050896],[-59.963012,-3.050436],[-59.960218,-3.050503],[-59.961031,-3.049623],[-59.960213,-3.048451],[-59.960932,-3.047887],[-59.961535,-3.049419],[-59.96363,-3.050069],[-59.963455,-3.048824],[-59.963682,-3.048197],[-59.961113,-3.046878],[-59.960149,-3.04598],[-59.960545,-3.045512],[-59.96114,-3.046064],[-59.961444,-3.045787],[-59.959604,-3.043967],[-59.959323,-3.044357],[-59.957752,-3.042883],[-59.95754,-3.042465],[-59.957932,-3.042246],[-59.957114,-3.040244],[-59.956783,-3.040377],[-59.955583,-3.036228],[-59.954025,-3.036331],[-59.953617,-3.032435],[-59.953143,-3.031365],[-59.950094,-3.032976],[-59.940784,-3.036798],[-59.940579,-3.037415]]]}},{"type":"Feature","properties":{"id":"1130260300026","name":"Nossa Senhora Aparecida : Rua Leonardo Malcher","city":"1302603","ivs":0.328,"idhm":0.762,"income":723.45,"cnes":4},"geometry":{"type":"Polygon","coordinates":[[[-60.027528,-3.126475],[-60.031018,-3.126557],[-60.032753,-3.126088],[-60.032454,-3.125122],[-60.030371,-3.123711],[-60.02855,-3.122109],[-60.027554,-3.121693],[-60.027528,-3.126475]]]}},{"type":"Feature","properties":{"id":"1130260300027","name":"Lago Azul ( Comunidade São João / Comunidade Vinte e Três de Setembro / Condomínio Verona / Loteamento Parque dos Guaranás )","city":"1302603","ivs":0.52,"idhm":0.624,"income":366.79,"cnes":8},"geometry":{"type":"Polygon","coordinates":[[[-59.975572,-2.955044],[-59.976973,-2.955101],[-59.978087,-2.954614],[-59.980247,-2.955702],[-59.982645,-2.955691],[-59.983623,-2.954638],[-59.984433,-2.954332],[-59.985536,-2.9544],[-59.986706,-2.955691],[-59.986627,-2.956608],[-59.985638,-2.957854],[-59.985716,-2.958737],[-59.986414,-2.958748],[-59.98701,-2.959077],[-59.990082,-2.95893],[-59.99159,-2.960096],[-59.993132,-2.959983],[-59.994944,-2.960209],[-59.996947,-2.961398],[-59.998332,-2.962826],[-59.999817,-2.963313],[-60.000819,-2.963108],[-60.002968,-2.96364],[-60.003621,-2.96398],[-60.003903,-2.964853],[-60.00478,-2.965781],[-60.006355,-2.965724],[-60.007734,-2.966112],[-60.004723,-2.968337],[-60.00434,-2.968977],[-60.003299,-2.96939],[-60.002664,-2.969039],[-60.001538,-2.969481],[-60.000377,-2.971565],[-59.999837,-2.971854],[-59.997698,-2.975818],[-59.996843,-2.975909],[-59.996049,-2.976733],[-59.996064,-2.977095],[-59.99565,-2.977456],[-59.995987,-2.978605],[-59.99504,-2.97984],[-59.995022,-2.980825],[-59.994074,-2.981833],[-59.993602,-2.982908],[-59.99287,-2.983115],[-59.992926,-2.983396],[-59.993692,-2.983254],[-59.994302,-2.982742],[-59.996159,-2.982486],[-59.999172,-2.981005],[-60.002677,-2.980932],[-60.004189,-2.980548],[-60.004649,-2.980007],[-60.005166,-2.979854],[-60.005418,-2.980094],[-60.005862,-2.979548],[-60.005975,-2.979781],[-60.00632,-2.979674],[-60.006472,-2.979268],[-60.007022,-2.979182],[-60.007175,-2.978843],[-60.008494,-2.979202],[-60.009694,-2.979155],[-60.009946,-2.978536],[-60.010536,-2.978749],[-60.010662,-2.978164],[-60.011385,-2.97807],[-60.01399,-2.976802],[-60.014169,-2.974153],[-60.014673,-2.973754],[-60.015104,-2.973874],[-60.015767,-2.97362],[-60.015726,-2.972494],[-60.016159,-2.971301],[-60.020784,-2.966169],[-60.022267,-2.965127],[-60.030644,-2.961291],[-60.031894,-2.960283],[-60.032817,-2.958834],[-60.033222,-2.957588],[-60.033707,-2.951654],[-60.033261,-2.942106],[-60.033864,-2.93372],[-60.009603,-2.933893],[-60.008045,-2.932126],[-59.998481,-2.925012],[-59.997284,-2.923165],[-59.995479,-2.917417],[-59.994467,-2.916004],[-59.992846,-2.914568],[-59.99117,-2.914015],[-59.983789,-2.914315],[-59.983757,-2.915085],[-59.980053,-2.926663],[-59.975572,-2.955044]]]}},{"type":"Feature","properties":{"id":"1130260300028","name":"Tarumã-Açu ( Comunidade Ismail Aziz / Comunidade União da Vitória )","city":"1302603","ivs":0.448,"idhm":0.668,"income":442.7,"cnes":7},"geometry":{"type":"Polygon","coordinates":[[[-60.015726,-2.972494],[-60.015896,-2.977176],[-60.016575,-2.979272],[-60.017046,-2.979963],[-60.024173,-2.979491],[-60.02433,-2.982448],[-60.022248,-2.981638],[-60.018513,-2.981631],[-60.027124,-2.99002],[-60.030474,-2.993623],[-60.030728,-2.993141],[-60.033791,-2.990201],[-60.039759,-2.987958],[-60.040545,-2.987223],[-60.04211,-2.984381],[-60.042549,-2.984053],[-60.050337,-2.98294],[-60.050664,-2.983037],[-60.050974,-2.983568],[-60.051547,-2.983087],[-60.051591,-2.984144],[-60.052947,-2.984811],[-60.054091,-2.985718],[-60.055036,-2.985755],[-60.055235,-2.986135],[-60.055638,-2.985621],[-60.056745,-2.986459],[-60.057143,-2.986899],[-60.057046,-2.987617],[-60.0585,-2.988909],[-60.058824,-2.989502],[-60.059366,-2.98959],[-60.059667,-2.988575],[-60.060102,-2.988511],[-60.060391,-2.989291],[-60.060982,-2.989775],[-60.061524,-2.991192],[-60.062653,-2.991558],[-60.06301,-2.99196],[-60.062769,-2.993061],[-60.062225,-2.993387],[-60.061998,-2.994041],[-60.062207,-2.994558],[-60.063051,-2.994894],[-60.063241,-2.995402],[-60.063042,-2.996043],[-60.066967,-2.99796],[-60.068297,-2.999076],[-60.069928,-2.999198],[-60.071477,-2.997832],[-60.072648,-2.997356],[-60.075002,-2.996891],[-60.075816,-2.997588],[-60.075816,-2.998547],[-60.077182,-2.999768],[-60.077967,-2.999797],[-60.081193,-2.998983],[-60.082007,-2.999535],[-60.08317,-2.99939],[-60.084652,-3.000117],[-60.085844,-3.000117],[-60.086105,-3.000495],[-60.086018,-3.001338],[-60.08689,-3.001803],[-60.087442,-3.002965],[-60.087718,-3.004725],[-60.088547,-3.005174],[-60.089942,-3.004854],[-60.091453,-3.003256],[-60.093371,-3.003172],[-60.094651,-3.003866],[-60.100499,-3.005658],[-60.097589,-3.00069],[-60.097557,-2.99878],[-60.097267,-2.998255],[-60.096032,-2.996591],[-60.093491,-2.994067],[-60.092945,-2.991818],[-60.091873,-2.991359],[-60.091368,-2.990401],[-60.08998,-2.98957],[-60.089773,-2.988598],[-60.090075,-2.9872],[-60.090038,-2.986015],[-60.090879,-2.983994],[-60.090974,-2.982687],[-60.090501,-2.982607],[-60.090443,-2.982299],[-60.08998,-2.98204],[-60.089796,-2.981292],[-60.090083,-2.980379],[-60.093743,-2.980309],[-60.094022,-2.981154],[-60.094341,-2.981148],[-60.095944,-2.98291],[-60.096541,-2.983103],[-60.097204,-2.984394],[-60.098513,-2.985471],[-60.098679,-2.985843],[-60.098513,-2.986334],[-60.099065,-2.987086],[-60.100104,-2.987582],[-60.100602,-2.988306],[-60.100534,-2.989369],[-60.101011,-2.99114],[-60.101952,-2.991031],[-60.103312,-2.990373],[-60.103954,-2.990598],[-60.104693,-2.991623],[-60.105344,-2.99414],[-60.107709,-2.991686],[-60.1084,-2.987979],[-60.108368,-2.985875],[-60.107018,-2.984179],[-60.105918,-2.981697],[-60.105227,-2.979279],[-60.105698,-2.976483],[-60.10551,-2.975384],[-60.104002,-2.974096],[-60.104138,-2.973354],[-60.10528,-2.971069],[-60.105607,-2.967396],[-60.10626,-2.964622],[-60.106178,-2.964132],[-60.105385,-2.963374],[-60.105172,-2.962271],[-60.104233,-2.960138],[-60.103229,-2.958617],[-60.102948,-2.956756],[-60.102269,-2.95584],[-60.098798,-2.956165],[-60.096169,-2.957258],[-60.093983,-2.955855],[-60.092518,-2.955816],[-60.088749,-2.956276],[-60.085768,-2.955352],[-60.084959,-2.954584],[-60.082861,-2.953757],[-60.080092,-2.953028],[-60.077927,-2.954132],[-60.073143,-2.951102],[-60.072638,-2.950558],[-60.071826,-2.950408],[-60.070154,-2.948896],[-60.068474,-2.948164],[-60.067828,-2.94734],[-60.066582,-2.946564],[-60.06461,-2.94601],[-60.060967,-2.943413],[-60.058995,-2.943326],[-60.057576,-2.942503],[-60.055367,-2.940286],[-60.051692,-2.93734],[-60.051472,-2.936825],[-60.050525,-2.936429],[-60.049887,-2.9354],[-60.048964,-2.93498],[-60.048704,-2.93426],[-60.047986,-2.933476],[-60.046724,-2.933223],[-60.045738,-2.931801],[-60.04521,-2.931604],[-60.043357,-2.93177],[-60.041772,-2.929719],[-60.04107,-2.929244],[-60.039255,-2.928976],[-60.038672,-2.928483],[-60.036729,-2.927705],[-60.036357,-2.928413],[-60.03521,-2.933711],[-60.033864,-2.93372],[-60.033261,-2.942106],[-60.033707,-2.951654],[-60.033222,-2.957588],[-60.032817,-2.958834],[-60.031894,-2.960283],[-60.030644,-2.961291],[-60.022267,-2.965127],[-60.020784,-2.966169],[-60.016611,-2.970724],[-60.015726,-2.972494]]]}},{"type":"Feature","properties":{"id":"1130260300029","name":"Japiim ( Conjunto Trinta e Um de Março )","city":"1302603","ivs":0.329,"idhm":0.762,"income":723.45,"cnes":2},"geometry":{"type":"Polygon","coordinates":[[[-59.976336,-3.118141],[-59.984614,-3.123853],[-59.984682,-3.121891],[-59.986299,-3.119923],[-59.985994,-3.119719],[-59.984384,-3.120206],[-59.984251,-3.119802],[-59.985042,-3.119528],[-59.98477,-3.118699],[-59.982146,-3.119582],[-59.983187,-3.116906],[-59.982313,-3.115752],[-59.982027,-3.115719],[-59.981558,-3.118088],[-59.980917,-3.118462],[-59.979959,-3.118318],[-59.980065,-3.117856],[-59.979633,-3.117799],[-59.979963,-3.116059],[-59.979544,-3.115987],[-59.979601,-3.115668],[-59.97887,-3.115513],[-59.978661,-3.116725],[-59.977472,-3.116437],[-59.977372,-3.116916],[-59.976676,-3.116773],[-59.976336,-3.118141]]]}},{"type":"Feature","properties":{"id":"1130260300030","name":"Compensa","city":"1302603","ivs":0.399,"idhm":0.667,"income":418.11,"cnes":16},"geometry":{"type":"Polygon","coordinates":[[[-60.052204,-3.108862],[-60.0536,-3.109793],[-60.05411,-3.110402],[-60.053157,-3.111001],[-60.054533,-3.112321],[-60.054593,-3.115097],[-60.056752,-3.11527],[-60.056665,-3.116474],[-60.057056,-3.116195],[-60.058594,-3.116015],[-60.059681,-3.115489],[-60.061504,-3.111829],[-60.06226,-3.111962],[-60.06344,-3.11137],[-60.063705,-3.111829],[-60.064355,-3.111889],[-60.065694,-3.111563],[-60.066178,-3.110864],[-60.067796,-3.11101],[-60.068432,-3.110724],[-60.069871,-3.109167],[-60.069902,-3.108749],[-60.069599,-3.108322],[-60.070136,-3.108548],[-60.067246,-3.104081],[-60.063343,-3.098757],[-60.062951,-3.098903],[-60.062973,-3.099819],[-60.06253,-3.099882],[-60.061631,-3.099858],[-60.061649,-3.098885],[-60.060106,-3.098732],[-60.059178,-3.099203],[-60.059719,-3.100157],[-60.057845,-3.101533],[-60.058575,-3.102493],[-60.057773,-3.104222],[-60.057013,-3.104081],[-60.056819,-3.10483],[-60.056132,-3.105751],[-60.053497,-3.107007],[-60.052204,-3.108862]]]}},{"type":"Feature","properties":{"id":"1130260300031","name":"Cidade de Deus (Residencial Popular Ben Hur )","city":"1302603","ivs":0.329,"idhm":0.762,"income":723.45,"cnes":0},"geometry":{"type":"Polygon","coordinates":[[[-59.942911,-3.026158],[-59.946092,-3.026256],[-59.946242,-3.025267],[-59.945809,-3.024228],[-59.94588,-3.023667],[-59.942948,-3.023671],[-59.942911,-3.026158]]]}},{"type":"Feature","properties":{"id":"1130260300032","name":"Compensa / Santo Agostinho","city":"1302603","ivs":0.361,"idhm":0.707,"income":579.16,"cnes":14},"geometry":{"type":"Polygon","coordinates":[[[-60.049338,-3.105974],[-60.049554,-3.107988],[-60.050672,-3.110161],[-60.051998,-3.109161],[-60.053497,-3.107007],[-60.056132,-3.105751],[-60.056819,-3.10483],[-60.057013,-3.104081],[-60.057773,-3.104222],[-60.058575,-3.102493],[-60.057845,-3.101533],[-60.059719,-3.100157],[-60.059178,-3.099203],[-60.060106,-3.098732],[-60.061224,-3.098799],[-60.061649,-3.098885],[-60.061631,-3.099858],[-60.062828,-3.099856],[-60.062951,-3.098903],[-60.063343,-3.098757],[-60.067246,-3.104081],[-60.067872,-3.105311],[-60.070189,-3.108555],[-60.070673,-3.106452],[-60.071382,-3.105081],[-60.072304,-3.104063],[-60.072569,-3.102612],[-60.073166,-3.101846],[-60.073491,-3.100149],[-60.07423,-3.098881],[-60.070767,-3.096964],[-60.069408,-3.092913],[-60.069355,-3.091633],[-60.069941,-3.09013],[-60.067025,-3.089726],[-60.066937,-3.091523],[-60.067521,-3.094597],[-60.066508,-3.094787],[-60.067227,-3.097705],[-60.066395,-3.098914],[-60.065641,-3.098507],[-60.064817,-3.098973],[-60.06435,-3.098731],[-60.063381,-3.094835],[-60.061277,-3.095449],[-60.061015,-3.095033],[-60.060156,-3.096697],[-60.058313,-3.095655],[-60.058519,-3.095293],[-60.058,-3.094964],[-60.055909,-3.098243],[-60.055689,-3.09928],[-60.051242,-3.099124],[-60.050863,-3.099205],[-60.050841,-3.099777],[-60.04985,-3.099885],[-60.049847,-3.102068],[-60.050786,-3.101995],[-60.051114,-3.102699],[-60.050401,-3.103179],[-60.050371,-3.104053],[-60.049338,-3.105974]],[[-60.056662,-3.098611],[-60.057032,-3.097442],[-60.058185,-3.096601],[-60.058686,-3.0967],[-60.059897,-3.09761],[-60.058801,-3.098953],[-60.057078,-3.098983],[-60.056662,-3.098611]]]}},{"type":"Feature","properties":{"id":"1130260300033","name":"Nossa Senhora das Graças","city":"1302603","ivs":0.284,"idhm":0.753,"income":674.88,"cnes":2},"geometry":{"type":"Polygon","coordinates":[[[-60.014499,-3.093697],[-60.014539,-3.095051],[-60.01592,-3.094935],[-60.016582,-3.09535],[-60.017311,-3.095354],[-60.017292,-3.096239],[-60.016733,-3.096109],[-60.016254,-3.096799],[-60.015208,-3.09712],[-60.014617,-3.098873],[-60.014966,-3.099961],[-60.016474,-3.09812],[-60.017418,-3.097454],[-60.018864,-3.097394],[-60.019098,-3.097597],[-60.019724,-3.09628],[-60.021598,-3.096374],[-60.021406,-3.095871],[-60.017466,-3.094233],[-60.016962,-3.09437],[-60.014499,-3.093697]]]}},{"type":"Feature","properties":{"id":"1130260300034","name":"Gilberto Mestrinho ( Comunidade Novo Reino / Loteamento Parque Castanheira I )","city":"1302603","ivs":0.439,"idhm":0.676,"income":457.36,"cnes":1},"geometry":{"type":"Polygon","coordinates":[[[-59.928091,-3.070472],[-59.92868,-3.071093],[-59.931199,-3.071089],[-59.931227,-3.071653],[-59.934673,-3.071603],[-59.935585,-3.071807],[-59.935805,-3.072404],[-59.936078,-3.076829],[-59.936873,-3.077112],[-59.938028,-3.072895],[-59.939198,-3.070975],[-59.938534,-3.07052],[-59.93771,-3.070714],[-59.93734,-3.067541],[-59.939129,-3.067562],[-59.939094,-3.065921],[-59.937026,-3.064143],[-59.936594,-3.064257],[-59.935586,-3.063855],[-59.934717,-3.064081],[-59.933574,-3.064993],[-59.933364,-3.064683],[-59.932977,-3.064975],[-59.931407,-3.067524],[-59.929447,-3.067525],[-59.928776,-3.068618],[-59.928091,-3.070472]]]}},{"type":"Feature","properties":{"id":"1130260300035","name":"Coroado ( Comunidade Ouro Verde / Condomínio Arboretto Pça Residencial Aleixo / Conjunto Santa Rita / Loteamento Carijó / Condomínio Luiza Maria / Condomínio Residencial Oásis / Conjunto Jardim Asteca / Conjunto Monte Castelo )","city":"1302603","ivs":0.282,"idhm":0.753,"income":674.88,"cnes":4},"geometry":{"type":"Polygon","coordinates":[[[-59.964294,-3.074541],[-59.964447,-3.076249],[-59.965214,-3.076384],[-59.965463,-3.078012],[-59.966982,-3.077763],[-59.966954,-3.083285],[-59.973705,-3.083626],[-59.973673,-3.087637],[-59.975399,-3.086975],[-59.975483,-3.090515],[-59.976377,-3.090095],[-59.976381,-3.089405],[-59.976763,-3.089364],[-59.97634,-3.086289],[-59.976904,-3.085772],[-59.977788,-3.08426],[-59.979282,-3.083812],[-59.978506,-3.083181],[-59.976387,-3.0805],[-59.973788,-3.078223],[-59.972888,-3.075986],[-59.971836,-3.076312],[-59.972609,-3.078489],[-59.971285,-3.078483],[-59.971293,-3.078882],[-59.97029,-3.078795],[-59.969947,-3.074112],[-59.964294,-3.074541]]]}},{"type":"Feature","properties":{"id":"1130260300036","name":"Condomínio Atlantis / Condomínio Bosque Copenhagen / Conjunto Dallas / Condomínio Juliana","city":"1302603","ivs":0.183,"idhm":0.921,"income":2820.86,"cnes":2},"geometry":{"type":"Polygon","coordinates":[[[-60.004691,-3.068409],[-60.006789,-3.070916],[-60.007174,-3.072547],[-60.008373,-3.073094],[-60.008841,-3.074983],[-60.010776,-3.074511],[-60.010506,-3.073659],[-60.010921,-3.073586],[-60.011268,-3.074342],[-60.01134,-3.073997],[-60.01048,-3.072677],[-60.010334,-3.069754],[-60.009986,-3.068497],[-60.006014,-3.068385],[-60.005935,-3.068071],[-60.004691,-3.068409]]]}},{"type":"Feature","properties":{"id":"1130260300037","name":"Condomínio Residencial Torres de AndaLuzia / Residencial Portugal","city":"1302603","ivs":0.082,"idhm":0.93,"income":7893.75,"cnes":0},"geometry":{"type":"Polygon","coordinates":[[[-60.015653,-3.069829],[-60.015857,-3.070589],[-60.01671,-3.071307],[-60.01654,-3.070464],[-60.017754,-3.070337],[-60.018001,-3.071374],[-60.017919,-3.07064],[-60.018573,-3.070154],[-60.018373,-3.068347],[-60.017543,-3.068276],[-60.015894,-3.068601],[-60.015708,-3.068456],[-60.015653,-3.069829]]]}},{"type":"Feature","properties":{"id":"1130260300038","name":"Flores ( Conjunto dos Sargentos e Sub-Tenentes da PM / Conjunto Rio Maracanã )","city":"1302603","ivs":0.233,"idhm":0.882,"income":1947.97,"cnes":1},"geometry":{"type":"Polygon","coordinates":[[[-60.010638,-3.051705],[-60.010735,-3.053736],[-60.011285,-3.053752],[-60.011261,-3.054341],[-60.011919,-3.054532],[-60.011971,-3.054107],[-60.011648,-3.054068],[-60.011825,-3.052938],[-60.012345,-3.053005],[-60.012259,-3.053562],[-60.013311,-3.053726],[-60.013639,-3.054337],[-60.014162,-3.054001],[-60.014064,-3.054546],[-60.018631,-3.055449],[-60.018643,-3.054246],[-60.019092,-3.05427],[-60.019028,-3.053841],[-60.018091,-3.053502],[-60.018,-3.052935],[-60.01673,-3.052208],[-60.016457,-3.051148],[-60.014646,-3.051183],[-60.014194,-3.051463],[-60.01388,-3.051327],[-60.014504,-3.050806],[-60.013342,-3.050515],[-60.01374,-3.048839],[-60.011766,-3.048716],[-60.011248,-3.051748],[-60.010638,-3.051705]]]}},{"type":"Feature","properties":{"id":"1130260300039","name":"Condomínio Três Marias","city":"1302603","ivs":0.184,"idhm":0.921,"income":2820.86,"cnes":0},"geometry":{"type":"Polygon","coordinates":[[[-59.993253,-3.07303],[-59.993374,-3.076503],[-59.996972,-3.076403],[-59.996775,-3.073171],[-59.996419,-3.072944],[-59.993253,-3.07303]]]}},{"type":"Feature","properties":{"id":"1130260300040","name":"Condomínio Bougainville / Conjunto Vila do Rei / Condomínio Edifício Parque Imperial","city":"1302603","ivs":0.184,"idhm":0.921,"income":2820.86,"cnes":2},"geometry":{"type":"Polygon","coordinates":[[[-60.001641,-3.07778],[-60.002163,-3.078786],[-60.002821,-3.07854],[-60.003131,-3.079587],[-60.006381,-3.078208],[-60.008448,-3.07767],[-60.009519,-3.077777],[-60.008841,-3.074983],[-60.007855,-3.075213],[-60.007547,-3.074232],[-60.003463,-3.075339],[-60.003793,-3.076636],[-60.002386,-3.077078],[-60.00251,-3.077498],[-60.001641,-3.07778]]]}},{"type":"Feature","properties":{"id":"1130260300041","name":"Aleixo","city":"1302603","ivs":0.082,"idhm":0.93,"income":7893.75,"cnes":11},"geometry":{"type":"Polygon","coordinates":[[[-59.988846,-3.092374],[-59.990302,-3.095152],[-59.993076,-3.098256],[-59.995605,-3.099782],[-59.997838,-3.103131],[-59.998101,-3.099441],[-59.994559,-3.098677],[-59.9953,-3.09775],[-59.996321,-3.097703],[-59.996706,-3.097382],[-59.997507,-3.096013],[-59.995958,-3.09498],[-59.994535,-3.093247],[-59.993351,-3.093924],[-59.991503,-3.092144],[-59.990652,-3.092623],[-59.989648,-3.092637],[-59.988846,-3.092374]]]}},{"type":"Feature","properties":{"id":"1130260300042","name":"Condomínio Vila Poupex","city":"1302603","ivs":0.33,"idhm":0.812,"income":1025.01,"cnes":0},"geometry":{"type":"Polygon","coordinates":[[[-59.93734,-3.067541],[-59.93771,-3.070714],[-59.939236,-3.070367],[-59.939129,-3.067562],[-59.93734,-3.067541]]]}},{"type":"Feature","properties":{"id":"1130260300043","name":"Flores ( Conjunto de Flores I )","city":"1302603","ivs":0.328,"idhm":0.812,"income":1025.01,"cnes":44},"geometry":{"type":"Polygon","coordinates":[[[-60.015867,-3.077226],[-60.023744,-3.078876],[-60.023847,-3.078568],[-60.024449,-3.078686],[-60.024252,-3.085406],[-60.030895,-3.085542],[-60.031445,-3.079534],[-60.031078,-3.076196],[-60.026687,-3.06984],[-60.025907,-3.069269],[-60.025152,-3.068171],[-60.026086,-3.072357],[-60.025015,-3.07419],[-60.024515,-3.077113],[-60.016194,-3.075492],[-60.015867,-3.077226]]]}},{"type":"Feature","properties":{"id":"1130260300044","name":"Condomínio Acácias / Condomínio Eliza Miranda / Conjunto Nova República","city":"1302603","ivs":0.233,"idhm":0.882,"income":1947.97,"cnes":7},"geometry":{"type":"Polygon","coordinates":[[[-59.957219,-3.101674],[-59.958051,-3.102401],[-59.958527,-3.105041],[-59.95979,-3.106423],[-59.96453,-3.110171],[-59.96717,-3.111452],[-59.96847,-3.112378],[-59.969702,-3.111888],[-59.969708,-3.111663],[-59.970564,-3.112133],[-59.971809,-3.109963],[-59.973001,-3.110737],[-59.972325,-3.111542],[-59.972383,-3.11196],[-59.97353,-3.112622],[-59.974159,-3.111732],[-59.974776,-3.111899],[-59.976406,-3.111386],[-59.977027,-3.109928],[-59.978096,-3.109551],[-59.978017,-3.108696],[-59.980016,-3.108325],[-59.980056,-3.107646],[-59.972908,-3.10407],[-59.972987,-3.103104],[-59.972774,-3.102346],[-59.971456,-3.1026],[-59.971158,-3.102267],[-59.971015,-3.102499],[-59.970624,-3.102514],[-59.969868,-3.101885],[-59.969345,-3.101815],[-59.968333,-3.102109],[-59.96754,-3.102029],[-59.966548,-3.102691],[-59.966266,-3.101486],[-59.965699,-3.101383],[-59.965718,-3.100717],[-59.964301,-3.10059],[-59.964216,-3.100895],[-59.963026,-3.100824],[-59.959398,-3.099927],[-59.958008,-3.10054],[-59.957219,-3.101674]]]}},{"type":"Feature","properties":{"id":"1130260300045","name":"Ponta Negra / Tarumã ( Condomínio Aplhaville Manaus / Residencial Ponta Negra / Jardim das Américas / Residencial Itaporanga )","city":"1302603","ivs":0.083,"idhm":0.93,"income":7893.75,"cnes":11},"geometry":{"type":"MultiPolygon","coordinates":[[[[-60.100499,-3.005658],[-60.094651,-3.003866],[-60.093371,-3.003172],[-60.091453,-3.003256],[-60.089942,-3.004854],[-60.088547,-3.005174],[-60.087718,-3.004725],[-60.08532,-3.004273],[-60.084303,-3.004622],[-60.082559,-3.007354],[-60.083082,-3.008081],[-60.081159,-3.01448],[-60.081368,-3.015088],[-60.080642,-3.01746],[-60.076446,-3.016853],[-60.076529,-3.015782],[-60.076345,-3.015741],[-60.07278,-3.021468],[-60.071304,-3.022411],[-60.071136,-3.022975],[-60.071422,-3.024292],[-60.071008,-3.025806],[-60.069267,-3.027497],[-60.068322,-3.028909],[-60.06676,-3.030061],[-60.067914,-3.032314],[-60.068499,-3.034322],[-60.068031,-3.037207],[-60.068525,-3.03817],[-60.073831,-3.0444],[-60.074763,-3.046857],[-60.075611,-3.048319],[-60.078376,-3.051724],[-60.080371,-3.053723],[-60.081152,-3.055132],[-60.083032,-3.056308],[-60.081377,-3.058678],[-60.0793,-3.060271],[-60.078046,-3.060652],[-60.077605,-3.060398],[-60.075986,-3.061036],[-60.075136,-3.062217],[-60.075066,-3.062765],[-60.076346,-3.065924],[-60.075883,-3.066959],[-60.076451,-3.067507],[-60.07551,-3.070355],[-60.075814,-3.07189],[-60.075165,-3.074159],[-60.071445,-3.082103],[-60.070976,-3.08598],[-60.070127,-3.085921],[-60.070059,-3.089136],[-60.069941,-3.09013],[-60.069355,-3.091633],[-60.069408,-3.092913],[-60.070767,-3.096964],[-60.07423,-3.098881],[-60.075764,-3.096595],[-60.076089,-3.095318],[-60.077422,-3.094133],[-60.077501,-3.093507],[-60.077965,-3.093261],[-60.078091,-3.092809],[-60.078754,-3.092579],[-60.07931,-3.089237],[-60.079239,-3.087353],[-60.079515,-3.086941],[-60.082425,-3.084835],[-60.083931,-3.084044],[-60.08345,-3.082603],[-60.084247,-3.083165],[-60.086029,-3.08303],[-60.088282,-3.08197],[-60.088734,-3.081225],[-60.089239,-3.081415],[-60.08983,-3.081249],[-60.089657,-3.078819],[-60.08905,-3.077591],[-60.089034,-3.07657],[-60.089349,-3.07562],[-60.090871,-3.073293],[-60.093687,-3.071305],[-60.094184,-3.069833],[-60.095351,-3.069199],[-60.096636,-3.067957],[-60.098687,-3.066658],[-60.099688,-3.065589],[-60.100761,-3.065384],[-60.101975,-3.064465],[-60.103529,-3.063856],[-60.106391,-3.064584],[-60.107898,-3.064579],[-60.108292,-3.06403],[-60.108939,-3.063745],[-60.109743,-3.062652],[-60.109727,-3.06167],[-60.11039,-3.06152],[-60.111013,-3.059976],[-60.110863,-3.059454],[-60.111123,-3.058844],[-60.11244,-3.058037],[-60.113063,-3.058155],[-60.113521,-3.057665],[-60.113292,-3.056184],[-60.113639,-3.055764],[-60.114104,-3.055844],[-60.114467,-3.055503],[-60.114215,-3.054997],[-60.113292,-3.054268],[-60.113426,-3.053579],[-60.113844,-3.053104],[-60.114246,-3.053025],[-60.114743,-3.05312],[-60.115311,-3.053833],[-60.115603,-3.053555],[-60.115248,-3.052264],[-60.115476,-3.051381],[-60.114845,-3.050985],[-60.114467,-3.049117],[-60.114073,-3.048848],[-60.116021,-3.046936],[-60.113991,-3.043756],[-60.112033,-3.0419],[-60.11059,-3.039942],[-60.109353,-3.038911],[-60.107806,-3.03654],[-60.106466,-3.034993],[-60.105126,-3.031695],[-60.104404,-3.028087],[-60.102961,-3.024376],[-60.098529,-3.019118],[-60.097395,-3.016747],[-60.097292,-3.014892],[-60.097601,-3.01283],[-60.098529,-3.00984],[-60.100499,-3.005658]]],[[[-60.100499,-3.005658],[-60.103477,-3.002006],[-60.105779,-2.997358],[-60.105133,-2.992785],[-60.104693,-2.991623],[-60.103954,-2.990598],[-60.103569,-2.990406],[-60.102878,-2.9905],[-60.101952,-2.991031],[-60.101011,-2.99114],[-60.100534,-2.989369],[-60.100602,-2.988306],[-60.100104,-2.987582],[-60.099065,-2.987086],[-60.098513,-2.986334],[-60.098679,-2.985843],[-60.098513,-2.985471],[-60.097204,-2.984394],[-60.096541,-2.983103],[-60.095944,-2.98291],[-60.094341,-2.981148],[-60.094022,-2.981154],[-60.093743,-2.980309],[-60.090083,-2.980379],[-60.089796,-2.981292],[-60.08998,-2.98204],[-60.090443,-2.982299],[-60.090501,-2.982607],[-60.090974,-2.982687],[-60.090879,-2.983994],[-60.090038,-2.986015],[-60.090075,-2.9872],[-60.089773,-2.988598],[-60.08998,-2.98957],[-60.091368,-2.990401],[-60.091873,-2.991359],[-60.092945,-2.991818],[-60.093491,-2.994067],[-60.096032,-2.996591],[-60.097267,-2.998255],[-60.097557,-2.99878],[-60.097589,-3.00069],[-60.100499,-3.005658]]]]}},{"type":"Feature","properties":{"id":"1130260300046","name":"Condomínio Efigênio Sales","city":"1302603","ivs":0.082,"idhm":0.93,"income":7893.75,"cnes":9},"geometry":{"type":"Polygon","coordinates":[[[-59.987018,-3.089109],[-59.988284,-3.092376],[-59.990652,-3.092623],[-59.991503,-3.092144],[-59.998335,-3.086664],[-59.999351,-3.085594],[-60.00118,-3.084323],[-60.0019,-3.084348],[-60.002634,-3.084742],[-60.003801,-3.085816],[-60.006781,-3.086131],[-60.005843,-3.085405],[-60.005153,-3.084435],[-60.004349,-3.084443],[-60.003916,-3.083527],[-60.003722,-3.081852],[-60.002994,-3.081969],[-60.001869,-3.082587],[-60.000566,-3.082578],[-59.99952,-3.081769],[-59.998587,-3.081486],[-59.998312,-3.080989],[-59.997087,-3.080454],[-59.995687,-3.079257],[-59.99468,-3.078771],[-59.994241,-3.079003],[-59.992241,-3.083605],[-59.991732,-3.083531],[-59.991544,-3.083918],[-59.99119,-3.083833],[-59.990144,-3.084654],[-59.988536,-3.086643],[-59.987018,-3.089109]]]}},{"type":"Feature","properties":{"id":"1130260300047","name":"Conjunto Mucuripe II","city":"1302603","ivs":0.082,"idhm":0.93,"income":7893.75,"cnes":6},"geometry":{"type":"Polygon","coordinates":[[[-60.012693,-3.089588],[-60.014801,-3.091168],[-60.014966,-3.091421],[-60.014203,-3.092218],[-60.014771,-3.092246],[-60.017737,-3.091007],[-60.018459,-3.090988],[-60.018713,-3.090337],[-60.018299,-3.090158],[-60.019493,-3.087339],[-60.019326,-3.086906],[-60.016067,-3.090271],[-60.01416,-3.087816],[-60.012693,-3.089588]]]}},{"type":"Feature","properties":{"id":"1130260300048","name":"Compensa ( Conjunto Rio Xingu)","city":"1302603","ivs":0.221,"idhm":0.855,"income":1747.41,"cnes":0},"geometry":{"type":"Polygon","coordinates":[[[-60.056662,-3.098611],[-60.057078,-3.098983],[-60.058801,-3.098953],[-60.059897,-3.09761],[-60.058686,-3.0967],[-60.058185,-3.096601],[-60.057032,-3.097442],[-60.056662,-3.098611]]]}},{"type":"Feature","properties":{"id":"1130260300049","name":"Santo Agostinho ( Condomínio Residencial Vila Verde I / Condomínio Vila Vince )","city":"1302603","ivs":0.233,"idhm":0.882,"income":1947.97,"cnes":0},"geometry":{"type":"Polygon","coordinates":[[[-60.063381,-3.094835],[-60.06435,-3.098731],[-60.064817,-3.098973],[-60.065641,-3.098507],[-60.066395,-3.098914],[-60.067227,-3.097705],[-60.066404,-3.09424],[-60.063381,-3.094835]]]}},{"type":"Feature","properties":{"id":"1130260300050","name":"Aleixo ( Conjunto Vila Camara / Conjunto Habitacional Tiradentes / Conjunto Habitacional Petro de Manaus / Condomínio Joaquim Ribeiro )","city":"1302603","ivs":0.184,"idhm":0.921,"income":2820.86,"cnes":3},"geometry":{"type":"Polygon","coordinates":[[[-59.972498,-3.074951],[-59.973788,-3.078223],[-59.976387,-3.0805],[-59.978971,-3.083691],[-59.983135,-3.085399],[-59.984365,-3.078451],[-59.983146,-3.078401],[-59.983102,-3.078967],[-59.981799,-3.078888],[-59.982,-3.075282],[-59.982632,-3.075305],[-59.98274,-3.074463],[-59.980548,-3.072859],[-59.979083,-3.072163],[-59.973897,-3.070498],[-59.973409,-3.072005],[-59.973575,-3.072674],[-59.973313,-3.073854],[-59.972998,-3.074565],[-59.972498,-3.074951]]]}},{"type":"Feature","properties":{"id":"1130260300051","name":"Cidade Nova","city":"1302603","ivs":0.409,"idhm":0.718,"income":565.19,"cnes":7},"geometry":{"type":"Polygon","coordinates":[[[-59.991226,-3.028096],[-59.992349,-3.029693],[-59.991603,-3.029811],[-59.991617,-3.032082],[-59.992466,-3.032472],[-59.993544,-3.034638],[-59.994117,-3.03507],[-59.995705,-3.035367],[-60.001133,-3.036017],[-60.00105,-3.026496],[-60.000837,-3.026123],[-59.99863,-3.02601],[-59.996988,-3.025455],[-59.997033,-3.024314],[-59.996759,-3.024297],[-59.996226,-3.023686],[-59.994312,-3.025384],[-59.99391,-3.024976],[-59.993187,-3.024788],[-59.992762,-3.025364],[-59.991673,-3.02556],[-59.991647,-3.026158],[-59.991268,-3.026186],[-59.991226,-3.028096]]]}},{"type":"Feature","properties":{"id":"1130260300052","name":"Flores ( Condomínio Smile Parque das Flores / Conjunto Habitacional Beija-Flor / Condomínio Beija-Flor )","city":"1302603","ivs":0.253,"idhm":0.822,"income":1248.67,"cnes":5},"geometry":{"type":"Polygon","coordinates":[[[-60.001164,-3.053413],[-60.002131,-3.05421],[-60.004917,-3.054009],[-60.007321,-3.061439],[-60.01409,-3.061862],[-60.012775,-3.05998],[-60.012392,-3.058417],[-60.011736,-3.057415],[-60.011781,-3.056922],[-60.012302,-3.056982],[-60.012349,-3.057396],[-60.015725,-3.057948],[-60.015677,-3.057351],[-60.015888,-3.057279],[-60.02026,-3.05749],[-60.019092,-3.05427],[-60.018643,-3.054246],[-60.018631,-3.055449],[-60.014064,-3.054546],[-60.014162,-3.054001],[-60.013639,-3.054337],[-60.013311,-3.053726],[-60.012259,-3.053562],[-60.012345,-3.053005],[-60.011825,-3.052938],[-60.011648,-3.054068],[-60.011971,-3.054107],[-60.011919,-3.054532],[-60.011261,-3.054341],[-60.011285,-3.053752],[-60.010735,-3.053736],[-60.010638,-3.051705],[-60.011248,-3.051748],[-60.011766,-3.048716],[-60.01374,-3.048839],[-60.013342,-3.050515],[-60.014504,-3.050806],[-60.013978,-3.051408],[-60.015118,-3.051126],[-60.016457,-3.051148],[-60.016256,-3.050454],[-60.016347,-3.04911],[-60.017066,-3.048388],[-60.017422,-3.046935],[-60.01703,-3.045771],[-60.012604,-3.044426],[-60.011839,-3.043934],[-60.011705,-3.045086],[-60.008839,-3.045088],[-60.00875,-3.046171],[-60.00646,-3.046263],[-60.006352,-3.042779],[-60.005453,-3.042792],[-60.00551,-3.044216],[-60.006316,-3.04811],[-60.005783,-3.048125],[-60.005727,-3.053298],[-60.001164,-3.053413]]]}},{"type":"Feature","properties":{"id":"1130260300053","name":"Conjunto João Paulo II ( Cidadão IV ) / Loteamento Buritis","city":"1302603","ivs":0.472,"idhm":0.632,"income":354.52,"cnes":2},"geometry":{"type":"Polygon","coordinates":[[[-59.970208,-2.989805],[-59.971523,-2.989318],[-59.973918,-2.989135],[-59.976094,-2.989794],[-59.97745,-2.989848],[-59.978188,-2.990187],[-59.978998,-2.989839],[-59.979863,-2.988788],[-59.981165,-2.988215],[-59.982412,-2.987867],[-59.982867,-2.987986],[-59.983322,-2.987355],[-59.983859,-2.98752],[-59.986377,-2.986823],[-59.988593,-2.983793],[-59.990159,-2.983958],[-59.991252,-2.983327],[-59.992313,-2.983378],[-59.990688,-2.979196],[-59.990592,-2.977668],[-59.989235,-2.974336],[-59.9866,-2.974898],[-59.985121,-2.976007],[-59.984318,-2.976987],[-59.98234,-2.977441],[-59.982562,-2.978999],[-59.981183,-2.978739],[-59.979444,-2.976646],[-59.977887,-2.975677],[-59.974901,-2.975476],[-59.972443,-2.976572],[-59.972169,-2.976815],[-59.970208,-2.989805]]]}},{"type":"Feature","properties":{"id":"1130260300054","name":"Conjunto Juruá / Ajuricaba","city":"1302603","ivs":0.26,"idhm":0.86,"income":1348.92,"cnes":7},"geometry":{"type":"Polygon","coordinates":[[[-60.035196,-3.063637],[-60.035415,-3.065322],[-60.035258,-3.06534],[-60.035279,-3.070565],[-60.046016,-3.06749],[-60.046485,-3.067592],[-60.046618,-3.063689],[-60.046266,-3.061855],[-60.045593,-3.060708],[-60.044215,-3.060601],[-60.042623,-3.061385],[-60.042705,-3.061671],[-60.042001,-3.0619],[-60.041841,-3.06219],[-60.041362,-3.060718],[-60.040498,-3.061038],[-60.040797,-3.062284],[-60.039266,-3.062742],[-60.038972,-3.061999],[-60.038518,-3.061989],[-60.037819,-3.062204],[-60.037927,-3.062767],[-60.036717,-3.062825],[-60.036572,-3.063473],[-60.035196,-3.063637]]]}},{"type":"Feature","properties":{"id":"1130260300055","name":"Nova Cidade ( Conjunto Carlos Braga - Cidadão III / Conjunto Habitacional Vila da Barra / Conjunto Galiléia / Conjunto Nova Cidade )","city":"1302603","ivs":0.341,"idhm":0.747,"income":643.8,"cnes":15},"geometry":{"type":"Polygon","coordinates":[[[-59.965336,-3.00813],[-59.96619,-3.008103],[-59.970025,-3.010794],[-59.970715,-3.010856],[-59.971,-3.010156],[-59.972523,-3.010199],[-59.973094,-3.009581],[-59.97416,-3.009969],[-59.974109,-3.011414],[-59.974501,-3.011485],[-59.974474,-3.012618],[-59.979495,-3.012695],[-59.979524,-3.014426],[-59.98083,-3.014444],[-59.980832,-3.015229],[-59.982073,-3.015139],[-59.982027,-3.016412],[-59.984354,-3.016425],[-59.985245,-3.016681],[-59.98526,-3.013589],[-59.985006,-3.011259],[-59.987673,-3.011281],[-59.987406,-3.009963],[-59.990698,-3.009956],[-59.990818,-3.010474],[-59.991095,-3.010522],[-59.990791,-3.00945],[-59.991207,-3.003934],[-59.988939,-3.003486],[-59.987703,-3.001221],[-59.987004,-3.001572],[-59.986319,-3.000529],[-59.984031,-3.001929],[-59.981584,-3.001969],[-59.981485,-2.998574],[-59.980447,-2.997437],[-59.979984,-2.996331],[-59.980293,-2.992976],[-59.981472,-2.993072],[-59.981838,-2.992536],[-59.981893,-2.990022],[-59.980846,-2.988413],[-59.979863,-2.988788],[-59.978998,-2.989839],[-59.978188,-2.990187],[-59.974164,-2.989181],[-59.972921,-2.989172],[-59.97324,-2.993252],[-59.972018,-2.993308],[-59.972032,-2.993655],[-59.970866,-2.993649],[-59.97079,-2.989591],[-59.970208,-2.989805],[-59.967634,-3.007087],[-59.965763,-3.006907],[-59.965717,-3.007625],[-59.965336,-3.00813]]]}},{"type":"Feature","properties":{"id":"1130260300056","name":"Conjunto Residencial Alto de Flores","city":"1302603","ivs":0.223,"idhm":0.855,"income":1747.41,"cnes":0},"geometry":{"type":"Polygon","coordinates":[[[-60.000702,-3.042956],[-60.002931,-3.042917],[-60.010091,-3.042677],[-60.004666,-3.038547],[-60.004175,-3.039014],[-60.003172,-3.040816],[-60.001145,-3.042101],[-60.000719,-3.042504],[-60.000702,-3.042956]]]}},{"type":"Feature","properties":{"id":"1130260300057","name":"Conjunto Residencial Viver Melhor","city":"1302603","ivs":0.363,"idhm":0.707,"income":579.16,"cnes":4},"geometry":{"type":"Polygon","coordinates":[[[-59.972169,-2.976815],[-59.972916,-2.976243],[-59.974901,-2.975476],[-59.977887,-2.975677],[-59.979444,-2.976646],[-59.981183,-2.978739],[-59.982562,-2.978999],[-59.98234,-2.977441],[-59.984318,-2.976987],[-59.985121,-2.976007],[-59.9866,-2.974898],[-59.989235,-2.974336],[-59.990592,-2.977668],[-59.990688,-2.979196],[-59.992358,-2.983183],[-59.993447,-2.983034],[-59.994074,-2.981833],[-59.995022,-2.980825],[-59.99504,-2.97984],[-59.995987,-2.978605],[-59.99565,-2.977456],[-59.996064,-2.977095],[-59.996049,-2.976733],[-59.996843,-2.975909],[-59.997698,-2.975818],[-59.999837,-2.971854],[-60.000377,-2.971565],[-60.001538,-2.969481],[-60.002664,-2.969039],[-60.003299,-2.96939],[-60.00434,-2.968977],[-60.004723,-2.968337],[-60.007734,-2.966112],[-60.006355,-2.965724],[-60.00478,-2.965781],[-60.003903,-2.964853],[-60.003621,-2.96398],[-60.002968,-2.96364],[-60.000819,-2.963108],[-59.999817,-2.963313],[-59.998332,-2.962826],[-59.996947,-2.961398],[-59.994944,-2.960209],[-59.993132,-2.959983],[-59.99159,-2.960096],[-59.990082,-2.95893],[-59.98701,-2.959077],[-59.986414,-2.958748],[-59.985716,-2.958737],[-59.985638,-2.957854],[-59.986627,-2.956608],[-59.986706,-2.955691],[-59.985536,-2.9544],[-59.984433,-2.954332],[-59.983623,-2.954638],[-59.982645,-2.955691],[-59.980247,-2.955702],[-59.978087,-2.954614],[-59.976973,-2.955101],[-59.975572,-2.955044],[-59.972169,-2.976815]]]}},{"type":"Feature","properties":{"id":"1130260300058","name":"Cidade Nova ( Conjunto Villa Cidades / Loteamento Riacho Doce / Núcleo VIII )","city":"1302603","ivs":0.328,"idhm":0.762,"income":723.45,"cnes":1},"geometry":{"type":"Polygon","coordinates":[[[-59.966425,-3.026792],[-59.9669,-3.026754],[-59.966923,-3.029629],[-59.967398,-3.029667],[-59.967473,-3.030251],[-59.975943,-3.029971],[-59.975668,-3.025801],[-59.975199,-3.025859],[-59.974559,-3.026671],[-59.971846,-3.026623],[-59.971859,-3.026149],[-59.970962,-3.026097],[-59.966571,-3.026181],[-59.966425,-3.026792]]]}},{"type":"Feature","properties":{"id":"1130260300059","name":"Comunidade Mundo Novo","city":"1302603","ivs":0.647,"idhm":0.576,"income":289.07,"cnes":0},"geometry":{"type":"Polygon","coordinates":[[[-59.992742,-3.042512],[-59.992792,-3.043877],[-59.995395,-3.043731],[-59.99635,-3.044113],[-59.996761,-3.044712],[-59.996718,-3.042392],[-59.992742,-3.042512]]]}},{"type":"Feature","properties":{"id":"1130260300060","name":"Cidade Nova / Cidade de Deus ( Conjunto Habitacional Jardim Canaranas I / Loteamento Fazendinha / Núcleo IX )","city":"1302603","ivs":0.328,"idhm":0.762,"income":723.45,"cnes":2},"geometry":{"type":"Polygon","coordinates":[[[-59.953338,-3.021433],[-59.953435,-3.025164],[-59.955245,-3.025741],[-59.95526,-3.026651],[-59.956272,-3.02662],[-59.956399,-3.02637],[-59.957436,-3.026698],[-59.959955,-3.026764],[-59.959836,-3.027437],[-59.96073,-3.027365],[-59.961364,-3.02777],[-59.963868,-3.03123],[-59.96521,-3.03018],[-59.962435,-3.026545],[-59.96228,-3.023474],[-59.964482,-3.023337],[-59.964162,-3.021961],[-59.963399,-3.022015],[-59.963415,-3.021488],[-59.962304,-3.021537],[-59.962248,-3.020451],[-59.959739,-3.020612],[-59.9597,-3.01936],[-59.959113,-3.019384],[-59.959121,-3.019856],[-59.957257,-3.019911],[-59.957671,-3.021782],[-59.957582,-3.023466],[-59.956751,-3.023469],[-59.956696,-3.02136],[-59.953338,-3.021433]]]}},{"type":"Feature","properties":{"id":"1130260300061","name":"Colônia Santo Antônio ( Comunidade José Bonifácio / Condominío Residencial Bom Pastor )","city":"1302603","ivs":0.385,"idhm":0.714,"income":533.2,"cnes":4},"geometry":{"type":"Polygon","coordinates":[[[-60.000719,-3.042504],[-60.003172,-3.040816],[-60.004175,-3.039014],[-60.004666,-3.038547],[-60.012604,-3.044426],[-60.019304,-3.046366],[-60.024938,-3.046289],[-60.025252,-3.040143],[-60.024592,-3.037484],[-60.023852,-3.036099],[-60.02342,-3.03561],[-60.022362,-3.035141],[-60.019246,-3.033036],[-60.018378,-3.031991],[-60.018445,-3.032589],[-60.017682,-3.032714],[-60.013673,-3.032711],[-60.013673,-3.032918],[-60.009919,-3.032736],[-60.009924,-3.032519],[-60.007411,-3.034247],[-60.00708,-3.033706],[-60.006644,-3.031702],[-60.001112,-3.031784],[-60.001197,-3.03431],[-60.001133,-3.036017],[-60.000881,-3.036102],[-60.000719,-3.042504]]]}},{"type":"Feature","properties":{"id":"1130260300062","name":"Conjunto Monte Sião","city":"1302603","ivs":0.514,"idhm":0.648,"income":415.87,"cnes":1},"geometry":{"type":"Polygon","coordinates":[[[-59.964162,-3.081642],[-59.964171,-3.083446],[-59.968764,-3.083632],[-59.968822,-3.083341],[-59.966954,-3.083285],[-59.966982,-3.077763],[-59.965139,-3.078053],[-59.965128,-3.080487],[-59.965459,-3.080624],[-59.964992,-3.081896],[-59.964162,-3.081642]]]}},{"type":"Feature","properties":{"id":"1130260300063","name":"Cidade Nova ( Conjunto Habitacional Jardim Canaranas I / Conjunto Osvaldo Frota / Conjunto Américo Medeiros / Conjunto Francisca Mendes )","city":"1302603","ivs":0.326,"idhm":0.766,"income":719.42,"cnes":3},"geometry":{"type":"Polygon","coordinates":[[[-59.95908,-3.019067],[-59.959113,-3.019384],[-59.9597,-3.01936],[-59.959739,-3.020612],[-59.961816,-3.020538],[-59.962248,-3.020451],[-59.962276,-3.02024],[-59.963478,-3.020159],[-59.96345,-3.019825],[-59.964141,-3.019763],[-59.964155,-3.019318],[-59.965736,-3.019291],[-59.966206,-3.019721],[-59.966817,-3.018538],[-59.96834,-3.019433],[-59.970595,-3.0201],[-59.971362,-3.020712],[-59.971315,-3.016961],[-59.973603,-3.0169],[-59.973616,-3.016412],[-59.973956,-3.016402],[-59.975544,-3.016749],[-59.976243,-3.017218],[-59.978106,-3.017182],[-59.978074,-3.015781],[-59.979603,-3.015806],[-59.979495,-3.012695],[-59.974474,-3.012618],[-59.974501,-3.011485],[-59.974109,-3.011414],[-59.97416,-3.009969],[-59.973094,-3.009581],[-59.972523,-3.010199],[-59.971,-3.010156],[-59.970715,-3.010856],[-59.970025,-3.010794],[-59.967773,-3.011869],[-59.964931,-3.01274],[-59.964002,-3.012584],[-59.962882,-3.011883],[-59.961842,-3.013804],[-59.960109,-3.014884],[-59.959662,-3.01548],[-59.959454,-3.015999],[-59.959587,-3.018272],[-59.95908,-3.019067]]]}},{"type":"Feature","properties":{"id":"1130260300064","name":"Conjunto Parque Sucupira","city":"1302603","ivs":0.518,"idhm":0.648,"income":415.87,"cnes":3},"geometry":{"type":"Polygon","coordinates":[[[-59.969947,-3.074112],[-59.97029,-3.078795],[-59.971293,-3.078882],[-59.971285,-3.078483],[-59.972609,-3.078489],[-59.971836,-3.076312],[-59.972888,-3.075986],[-59.972188,-3.074292],[-59.971325,-3.074012],[-59.969947,-3.074112]]]}},{"type":"Feature","properties":{"id":"1130260300065","name":"Comunidade Loteamento Vitória","city":"1302603","ivs":0.643,"idhm":0.576,"income":289.07,"cnes":0},"geometry":{"type":"Polygon","coordinates":[[[-59.968569,-3.048409],[-59.969829,-3.048866],[-59.969397,-3.049901],[-59.970815,-3.050256],[-59.970965,-3.050483],[-59.972367,-3.050257],[-59.972273,-3.046393],[-59.971374,-3.04638],[-59.970799,-3.048077],[-59.969022,-3.047416],[-59.968569,-3.048409]]]}},{"type":"Feature","properties":{"id":"1130260300066","name":"Flores : Condomínio Yael / Laranjeiras","city":"1302603","ivs":0.328,"idhm":0.812,"income":1025.01,"cnes":1},"geometry":{"type":"Polygon","coordinates":[[[-59.985634,-3.049259],[-59.986404,-3.054987],[-59.989427,-3.054993],[-59.989431,-3.054304],[-59.993309,-3.054318],[-59.993164,-3.050087],[-59.991398,-3.050117],[-59.99136,-3.048442],[-59.98939,-3.048436],[-59.989347,-3.049226],[-59.985634,-3.049259]]]}},{"type":"Feature","properties":{"id":"1130260300067","name":"Monte das Oliveiras / Nova Cidade ( Conjunto Cidadão XII 1ª e 2ª Etapa / Conjunto Cidadão V e VII / Loteamento Agnus Dei )","city":"1302603","ivs":0.427,"idhm":0.65,"income":397.85,"cnes":2},"geometry":{"type":"Polygon","coordinates":[[[-59.979984,-2.996331],[-59.980447,-2.997437],[-59.981485,-2.998574],[-59.981584,-3.001969],[-59.984031,-3.001929],[-59.986319,-3.000529],[-59.987004,-3.001572],[-59.987703,-3.001221],[-59.988939,-3.003486],[-59.991207,-3.003934],[-59.991502,-2.9996],[-59.993808,-2.999795],[-59.995225,-2.990701],[-59.994015,-2.99067],[-59.994777,-2.986141],[-59.990062,-2.986169],[-59.989803,-2.985681],[-59.989912,-2.9839],[-59.988593,-2.983793],[-59.986377,-2.986823],[-59.983859,-2.98752],[-59.983322,-2.987355],[-59.982867,-2.987986],[-59.981756,-2.988004],[-59.980846,-2.988413],[-59.981893,-2.990022],[-59.981838,-2.992536],[-59.981472,-2.993072],[-59.980293,-2.992976],[-59.979984,-2.996331]]]}},{"type":"Feature","properties":{"id":"1130260300068","name":"São Francisco","city":"1302603","ivs":0.207,"idhm":0.874,"income":1953.17,"cnes":22},"geometry":{"type":"Polygon","coordinates":[[[-60.000704,-3.104869],[-60.002623,-3.108079],[-60.003117,-3.10787],[-60.004703,-3.107846],[-60.007537,-3.108291],[-60.009002,-3.11022],[-60.00726,-3.111449],[-60.008073,-3.112783],[-60.007248,-3.113375],[-60.007668,-3.113966],[-60.006566,-3.114507],[-60.007225,-3.11643],[-60.010607,-3.114663],[-60.010197,-3.107902],[-60.007671,-3.106573],[-60.005022,-3.10455],[-60.000704,-3.104869]]]}},{"type":"Feature","properties":{"id":"1130260300069","name":"Conjunto Colina do Aleixo","city":"1302603","ivs":0.26,"idhm":0.86,"income":1348.92,"cnes":5},"geometry":{"type":"Polygon","coordinates":[[[-59.956058,-3.068363],[-59.957227,-3.071064],[-59.958138,-3.070624],[-59.962024,-3.074828],[-59.971325,-3.074012],[-59.971973,-3.074111],[-59.972498,-3.074951],[-59.972998,-3.074565],[-59.973313,-3.073854],[-59.973575,-3.072674],[-59.973409,-3.072005],[-59.973897,-3.070498],[-59.973072,-3.070121],[-59.970695,-3.068124],[-59.968702,-3.067645],[-59.968069,-3.067251],[-59.96729,-3.066283],[-59.965305,-3.064562],[-59.961025,-3.061942],[-59.960223,-3.061229],[-59.959719,-3.061283],[-59.958654,-3.062787],[-59.959032,-3.063072],[-59.957144,-3.065939],[-59.957559,-3.06629],[-59.956058,-3.068363]]]}},{"type":"Feature","properties":{"id":"1130260300070","name":"Conjunto Cophasa","city":"1302603","ivs":0.208,"idhm":0.874,"income":1953.17,"cnes":1},"geometry":{"type":"Polygon","coordinates":[[[-60.05855,-3.084609],[-60.058587,-3.087086],[-60.0592,-3.087055],[-60.059167,-3.086677],[-60.061003,-3.086487],[-60.061163,-3.085389],[-60.062863,-3.086289],[-60.063316,-3.085744],[-60.062259,-3.083802],[-60.060675,-3.083609],[-60.060786,-3.084469],[-60.060402,-3.084779],[-60.05855,-3.084609]]]}},{"type":"Feature","properties":{"id":"1130260300071","name":"Alvorada : Jardim Encontro das Águas / Conjunto Dom Pedro II / Conjunto Dom Pedro I / Conjunto Tropical","city":"1302603","ivs":0.222,"idhm":0.855,"income":1747.41,"cnes":19},"geometry":{"type":"Polygon","coordinates":[[[-60.030423,-3.088519],[-60.033359,-3.08914],[-60.035562,-3.089115],[-60.037127,-3.088698],[-60.037585,-3.088997],[-60.038949,-3.089199],[-60.037842,-3.090961],[-60.036761,-3.091536],[-60.036633,-3.09185],[-60.036825,-3.09215],[-60.037481,-3.092208],[-60.039071,-3.092984],[-60.040938,-3.089417],[-60.046298,-3.092124],[-60.048004,-3.092513],[-60.048245,-3.091429],[-60.048584,-3.091096],[-60.050659,-3.090436],[-60.051454,-3.089825],[-60.051658,-3.089342],[-60.051452,-3.082987],[-60.050834,-3.082946],[-60.048933,-3.081807],[-60.04713,-3.081593],[-60.046492,-3.081592],[-60.046502,-3.08188],[-60.045289,-3.081724],[-60.04545,-3.08393],[-60.045093,-3.083702],[-60.044553,-3.084712],[-60.042801,-3.083768],[-60.042952,-3.083477],[-60.042153,-3.083043],[-60.04231,-3.082792],[-60.041715,-3.082467],[-60.038821,-3.082782],[-60.03807,-3.083024],[-60.036491,-3.084084],[-60.036516,-3.083278],[-60.035825,-3.083356],[-60.033863,-3.082711],[-60.032848,-3.08283],[-60.031007,-3.083847],[-60.030423,-3.088519]]]}},{"type":"Feature","properties":{"id":"1130260300072","name":"Conjunto Habitacional Vila Nova","city":"1302603","ivs":0.328,"idhm":0.812,"income":1025.01,"cnes":0},"geometry":{"type":"Polygon","coordinates":[[[-59.943003,-3.03421],[-59.943621,-3.035682],[-59.948626,-3.033565],[-59.948403,-3.032584],[-59.947691,-3.032528],[-59.947007,-3.0328],[-59.946793,-3.032567],[-59.947324,-3.031781],[-59.947741,-3.032055],[-59.947336,-3.027833],[-59.94461,-3.027982],[-59.945009,-3.031925],[-59.944873,-3.03246],[-59.944386,-3.032656],[-59.944739,-3.033451],[-59.943003,-3.03421]]]}},{"type":"Feature","properties":{"id":"1130260300073","name":"Conjunto Itacolomy","city":"1302603","ivs":0.28,"idhm":0.753,"income":674.88,"cnes":1},"geometry":{"type":"Polygon","coordinates":[[[-59.94014,-3.095226],[-59.941544,-3.096644],[-59.940967,-3.096895],[-59.941009,-3.097754],[-59.943224,-3.097403],[-59.943994,-3.095385],[-59.94316,-3.09443],[-59.942113,-3.094072],[-59.94014,-3.095226]]]}},{"type":"Feature","properties":{"id":"1130260300074","name":"Japiim : Rua da Felicidade / Rua Paz / Rua Principal","city":"1302603","ivs":0.425,"idhm":0.657,"income":367.57,"cnes":0},"geometry":{"type":"Polygon","coordinates":[[[-59.99039,-3.120563],[-59.990766,-3.12055],[-59.990774,-3.120819],[-59.990435,-3.123567],[-59.990691,-3.123389],[-59.990819,-3.12214],[-59.991844,-3.122178],[-59.991791,-3.121494],[-59.991249,-3.120547],[-59.991295,-3.119802],[-59.990433,-3.119672],[-59.99039,-3.120563]]]}},{"type":"Feature","properties":{"id":"1130260300075","name":"Conjunto Parque Solimões","city":"1302603","ivs":0.184,"idhm":0.921,"income":2820.86,"cnes":0},"geometry":{"type":"Polygon","coordinates":[[[-59.997442,-3.125217],[-59.997287,-3.127904],[-59.998405,-3.127878],[-59.998393,-3.126767],[-59.99891,-3.126726],[-59.998545,-3.125167],[-59.997442,-3.125217]]]}},{"type":"Feature","properties":{"id":"1130260300076","name":"Conjunto Residencial Kyssia I / Conjunto Deborah","city":"1302603","ivs":0.184,"idhm":0.921,"income":2820.86,"cnes":17},"geometry":{"type":"Polygon","coordinates":[[[-60.039071,-3.092984],[-60.041944,-3.094796],[-60.042533,-3.096312],[-60.04404,-3.095595],[-60.045755,-3.095414],[-60.046855,-3.095012],[-60.047705,-3.094081],[-60.048004,-3.092513],[-60.046298,-3.092124],[-60.040938,-3.089417],[-60.039071,-3.092984]]]}},{"type":"Feature","properties":{"id":"1130260300077","name":"Compensa / Santo Antônio ( Conjunto Residencial Sargento Pantoja )","city":"1302603","ivs":0.254,"idhm":0.822,"income":1248.67,"cnes":3},"geometry":{"type":"Polygon","coordinates":[[[-60.046452,-3.12092],[-60.046941,-3.122134],[-60.047602,-3.121219],[-60.048298,-3.121106],[-60.048643,-3.120241],[-60.049067,-3.119935],[-60.050148,-3.119775],[-60.050493,-3.119449],[-60.052229,-3.11895],[-60.054371,-3.117799],[-60.055146,-3.117639],[-60.056665,-3.116474],[-60.056752,-3.11527],[-60.054593,-3.115097],[-60.054533,-3.112321],[-60.053157,-3.111001],[-60.05411,-3.110402],[-60.0536,-3.109793],[-60.052204,-3.108862],[-60.050672,-3.110161],[-60.046798,-3.111719],[-60.046781,-3.111931],[-60.047789,-3.111985],[-60.047599,-3.114499],[-60.050677,-3.114657],[-60.050125,-3.112069],[-60.050713,-3.11224],[-60.051732,-3.111893],[-60.052447,-3.11438],[-60.052153,-3.114752],[-60.051403,-3.114696],[-60.049893,-3.115265],[-60.049348,-3.116135],[-60.049423,-3.117526],[-60.049205,-3.118145],[-60.047352,-3.120063],[-60.046677,-3.120374],[-60.046452,-3.12092]]]}},{"type":"Feature","properties":{"id":"1130260300078","name":"Conjunto Trinta e Um de Março / Conjunto Atílio Andreazza","city":"1302603","ivs":0.26,"idhm":0.86,"income":1348.92,"cnes":9},"geometry":{"type":"Polygon","coordinates":[[[-59.96847,-3.112378],[-59.970372,-3.114627],[-59.971832,-3.115448],[-59.973234,-3.115763],[-59.976336,-3.118141],[-59.976676,-3.116773],[-59.977372,-3.116916],[-59.977472,-3.116437],[-59.978661,-3.116725],[-59.97887,-3.115513],[-59.979601,-3.115668],[-59.979544,-3.115987],[-59.979963,-3.116059],[-59.979633,-3.117799],[-59.980065,-3.117856],[-59.979959,-3.118318],[-59.980917,-3.118462],[-59.981558,-3.118088],[-59.982027,-3.115719],[-59.982552,-3.115939],[-59.983187,-3.116906],[-59.982146,-3.119582],[-59.98477,-3.118699],[-59.985042,-3.119528],[-59.984251,-3.119802],[-59.984384,-3.120206],[-59.985994,-3.119719],[-59.986299,-3.119923],[-59.986924,-3.11886],[-59.987294,-3.115428],[-59.98677,-3.113321],[-59.986224,-3.113031],[-59.985291,-3.11197],[-59.983875,-3.11251],[-59.98329,-3.110619],[-59.983651,-3.110074],[-59.982291,-3.110544],[-59.982425,-3.110898],[-59.981059,-3.111342],[-59.980016,-3.108325],[-59.978017,-3.108696],[-59.978096,-3.109551],[-59.977027,-3.109928],[-59.976406,-3.111386],[-59.974776,-3.111899],[-59.974159,-3.111732],[-59.97353,-3.112622],[-59.972383,-3.11196],[-59.972325,-3.111542],[-59.973001,-3.110737],[-59.971809,-3.109963],[-59.970564,-3.112133],[-59.969708,-3.111663],[-59.969702,-3.111888],[-59.96847,-3.112378]]]}},{"type":"Feature","properties":{"id":"1130260300079","name":"Coroado","city":"1302603","ivs":0.41,"idhm":0.718,"income":565.19,"cnes":7},"geometry":{"type":"Polygon","coordinates":[[[-59.967156,-3.087086],[-59.967597,-3.087179],[-59.96861,-3.088266],[-59.970506,-3.089436],[-59.97158,-3.091489],[-59.973531,-3.09384],[-59.973798,-3.094602],[-59.973039,-3.096999],[-59.973189,-3.097218],[-59.973553,-3.097426],[-59.976326,-3.097087],[-59.97699,-3.097349],[-59.978077,-3.098197],[-59.977846,-3.099307],[-59.983134,-3.100842],[-59.985431,-3.095827],[-59.986988,-3.094054],[-59.988246,-3.093481],[-59.987921,-3.093037],[-59.988284,-3.092376],[-59.986463,-3.087644],[-59.985728,-3.086636],[-59.979282,-3.083812],[-59.977788,-3.08426],[-59.976904,-3.085772],[-59.97634,-3.086289],[-59.976763,-3.089364],[-59.976381,-3.089405],[-59.976377,-3.090095],[-59.975483,-3.090515],[-59.975399,-3.086975],[-59.972714,-3.087793],[-59.967829,-3.0869],[-59.967156,-3.087086]]]}},{"type":"Feature","properties":{"id":"1130260300080","name":"Alvorada ( Conjunto Álvaro Neves )","city":"1302603","ivs":0.258,"idhm":0.86,"income":1348.92,"cnes":1},"geometry":{"type":"Polygon","coordinates":[[[-60.051454,-3.089825],[-60.051613,-3.089888],[-60.053705,-3.0879],[-60.053823,-3.086012],[-60.05375,-3.085786],[-60.053437,-3.085789],[-60.053409,-3.084191],[-60.05151,-3.084289],[-60.051658,-3.089342],[-60.051454,-3.089825]]]}},{"type":"Feature","properties":{"id":"1130260300081","name":"Distrito Industrial I","city":"1302603","ivs":0.361,"idhm":0.707,"income":579.16,"cnes":23},"geometry":{"type":"Polygon","coordinates":[[[-59.945024,-3.111636],[-59.945067,-3.112228],[-59.945387,-3.112679],[-59.946532,-3.113695],[-59.951616,-3.115483],[-59.952616,-3.119103],[-59.952926,-3.120998],[-59.952638,-3.121284],[-59.950118,-3.121311],[-59.949126,-3.121705],[-59.948895,-3.122396],[-59.948873,-3.126555],[-59.947093,-3.129918],[-59.94674,-3.131256],[-59.948159,-3.132612],[-59.948877,-3.134188],[-59.949926,-3.134877],[-59.954606,-3.137048],[-59.965093,-3.138671],[-59.969443,-3.136153],[-59.971262,-3.135444],[-59.97282,-3.135444],[-59.974826,-3.136044],[-59.974313,-3.137483],[-59.974413,-3.144048],[-59.978703,-3.147507],[-59.980063,-3.147855],[-59.980387,-3.147855],[-59.981,-3.147018],[-59.981868,-3.14655],[-59.983227,-3.146998],[-59.984198,-3.147884],[-59.984601,-3.14681],[-59.985703,-3.14679],[-59.989653,-3.147712],[-59.992156,-3.14903],[-59.993999,-3.149635],[-59.994813,-3.149673],[-59.996427,-3.148831],[-59.999798,-3.145752],[-59.998393,-3.146143],[-59.996647,-3.146267],[-59.992759,-3.145167],[-59.991968,-3.144132],[-59.989949,-3.13961],[-59.984533,-3.138353],[-59.984334,-3.137775],[-59.983988,-3.13767],[-59.985691,-3.137627],[-59.985864,-3.137443],[-59.985995,-3.134787],[-59.986427,-3.133644],[-59.987347,-3.133722],[-59.988136,-3.133166],[-59.9884,-3.132223],[-59.988032,-3.131363],[-59.987295,-3.130932],[-59.986422,-3.131025],[-59.984522,-3.127206],[-59.982498,-3.125369],[-59.981812,-3.124188],[-59.981556,-3.124334],[-59.981159,-3.123246],[-59.980111,-3.121773],[-59.978242,-3.120335],[-59.976887,-3.119924],[-59.975351,-3.118886],[-59.974099,-3.117743],[-59.974462,-3.116838],[-59.973234,-3.115763],[-59.971832,-3.115448],[-59.970372,-3.114627],[-59.968393,-3.11229],[-59.96453,-3.110171],[-59.960511,-3.107098],[-59.958527,-3.105041],[-59.958134,-3.102633],[-59.95781,-3.102038],[-59.956831,-3.101435],[-59.952965,-3.097964],[-59.950736,-3.094964],[-59.950198,-3.09456],[-59.948442,-3.094023],[-59.948515,-3.09375],[-59.948064,-3.093393],[-59.945543,-3.109968],[-59.945024,-3.111636]]]}},{"type":"Feature","properties":{"id":"1130260300082","name":"Parque Dez de Novembro ( Condomínio Jardim Califórnia / Residencial Riviera Francesa / Edifício Ópera Prima / Condomínio Parque dos Rios I / Condomínio Parque dos Rios IV /Edificio Genev / Edificio Nau Capitania )","city":"1302603","ivs":0.082,"idhm":0.93,"income":7893.75,"cnes":15},"geometry":{"type":"Polygon","coordinates":[[[-60.003801,-3.085816],[-60.004383,-3.08733],[-60.005646,-3.088437],[-60.006229,-3.088799],[-60.009121,-3.089614],[-60.009396,-3.093388],[-60.009972,-3.093569],[-60.010556,-3.09275],[-60.010385,-3.091965],[-60.010726,-3.092209],[-60.011497,-3.090671],[-60.014203,-3.092218],[-60.014966,-3.091421],[-60.012116,-3.089037],[-60.01142,-3.088776],[-60.00942,-3.087251],[-60.010384,-3.085636],[-60.010907,-3.08624],[-60.011369,-3.085931],[-60.009595,-3.084957],[-60.008196,-3.083464],[-60.006322,-3.083148],[-60.006361,-3.082304],[-60.00391,-3.082315],[-60.003889,-3.083349],[-60.004349,-3.084443],[-60.005153,-3.084435],[-60.005843,-3.085405],[-60.006781,-3.086131],[-60.003801,-3.085816]]]}},{"type":"Feature","properties":{"id":"1130260300083","name":"Centro : Cadeia Pública Raimundo Vidal Pessoa / Makro Manaus Moderna / Av. Manaus Moderna","city":"1302603","ivs":0.517,"idhm":0.624,"income":366.79,"cnes":0},"geometry":{"type":"Polygon","coordinates":[[[-60.010141,-3.136311],[-60.011062,-3.136813],[-60.010704,-3.138448],[-60.010965,-3.139176],[-60.012092,-3.139533],[-60.015142,-3.138888],[-60.015946,-3.137846],[-60.014515,-3.136905],[-60.01208,-3.136313],[-60.012119,-3.134779],[-60.010434,-3.134802],[-60.010141,-3.136311]]]}},{"type":"Feature","properties":{"id":"1130260300084","name":"Chapada ( Residencial Rio Mar )","city":"1302603","ivs":0.329,"idhm":0.762,"income":723.45,"cnes":24},"geometry":{"type":"Polygon","coordinates":[[[-60.024052,-3.093173],[-60.026502,-3.093282],[-60.026491,-3.08809],[-60.030106,-3.088082],[-60.030075,-3.088449],[-60.030423,-3.088519],[-60.030895,-3.085542],[-60.024252,-3.085406],[-60.024052,-3.093173]]]}},{"type":"Feature","properties":{"id":"1130260300085","name":"Colônia Oliveira Machado / Educandos","city":"1302603","ivs":0.386,"idhm":0.714,"income":533.2,"cnes":12},"geometry":{"type":"Polygon","coordinates":[[[-59.998607,-3.146787],[-59.999964,-3.147783],[-60.00276,-3.148819],[-60.004469,-3.148827],[-60.00546,-3.148143],[-60.006459,-3.14647],[-60.007347,-3.147195],[-60.007756,-3.146721],[-60.008049,-3.147102],[-60.008521,-3.146379],[-60.010024,-3.147354],[-60.009601,-3.146668],[-60.009829,-3.146541],[-60.009533,-3.146024],[-60.010562,-3.147203],[-60.01027,-3.146285],[-60.011208,-3.145773],[-60.012082,-3.146673],[-60.011436,-3.145713],[-60.011477,-3.145416],[-60.012109,-3.145193],[-60.013011,-3.144425],[-60.017727,-3.143277],[-60.017681,-3.142895],[-60.018774,-3.14246],[-60.017107,-3.140743],[-60.015871,-3.139039],[-60.014205,-3.138992],[-60.012092,-3.139533],[-60.010965,-3.139176],[-60.010704,-3.138448],[-60.011062,-3.136813],[-60.010232,-3.136288],[-60.009121,-3.136264],[-60.009182,-3.136694],[-60.008328,-3.137586],[-60.008729,-3.137993],[-60.009347,-3.139822],[-60.008206,-3.140593],[-60.007254,-3.140777],[-60.004882,-3.142116],[-59.998607,-3.146787]],[[-60.008895,-3.142422],[-60.010368,-3.141015],[-60.01164,-3.140675],[-60.011604,-3.141443],[-60.012278,-3.141452],[-60.012979,-3.142983],[-60.012392,-3.14322],[-60.010901,-3.142794],[-60.010724,-3.143455],[-60.008895,-3.142422]]]}},{"type":"Feature","properties":{"id":"1130260300086","name":"Flores","city":"1302603","ivs":0.184,"idhm":0.921,"income":2820.86,"cnes":23},"geometry":{"type":"Polygon","coordinates":[[[-60.007321,-3.061439],[-60.007689,-3.062728],[-60.008541,-3.063459],[-60.009374,-3.065146],[-60.010334,-3.069754],[-60.01048,-3.072677],[-60.01134,-3.073997],[-60.011272,-3.074407],[-60.012914,-3.074052],[-60.015916,-3.074662],[-60.015937,-3.074991],[-60.016298,-3.075005],[-60.016194,-3.075492],[-60.024515,-3.077113],[-60.025015,-3.07419],[-60.026086,-3.072357],[-60.025073,-3.067671],[-60.025122,-3.060738],[-60.016893,-3.059785],[-60.016788,-3.060602],[-60.015709,-3.060509],[-60.015725,-3.057948],[-60.012349,-3.057396],[-60.012302,-3.056982],[-60.011781,-3.056922],[-60.011736,-3.057415],[-60.012392,-3.058417],[-60.012775,-3.05998],[-60.01409,-3.061862],[-60.007321,-3.061439]],[[-60.015653,-3.069829],[-60.015708,-3.068456],[-60.015894,-3.068601],[-60.017543,-3.068276],[-60.018373,-3.068347],[-60.018573,-3.070154],[-60.017919,-3.07064],[-60.018001,-3.071374],[-60.017754,-3.070337],[-60.01654,-3.070464],[-60.01671,-3.071307],[-60.015857,-3.070589],[-60.015653,-3.069829]]]}},{"type":"Feature","properties":{"id":"1130260300087","name":"Colônia Antônio Aleixo / Distrito Industrial II","city":"1302603","ivs":0.26,"idhm":0.86,"income":1348.92,"cnes":2},"geometry":{"type":"Polygon","coordinates":[[[-59.888735,-3.092184],[-59.889395,-3.092606],[-59.890189,-3.093926],[-59.89066,-3.093751],[-59.890834,-3.094],[-59.89066,-3.094399],[-59.891974,-3.096465],[-59.892396,-3.095942],[-59.892644,-3.097087],[-59.892718,-3.099925],[-59.895659,-3.104081],[-59.895903,-3.103517],[-59.8955,-3.102916],[-59.896099,-3.102929],[-59.896881,-3.103897],[-59.897748,-3.103628],[-59.897198,-3.104449],[-59.896368,-3.104842],[-59.896111,-3.106117],[-59.89627,-3.107907],[-59.896685,-3.109011],[-59.898115,-3.110237],[-59.899226,-3.110164],[-59.898554,-3.108839],[-59.898603,-3.108545],[-59.899165,-3.108937],[-59.899678,-3.109808],[-59.899703,-3.110323],[-59.899458,-3.110581],[-59.899067,-3.110397],[-59.898847,-3.110556],[-59.899165,-3.111427],[-59.899642,-3.11193],[-59.901279,-3.112714],[-59.903013,-3.114456],[-59.905237,-3.11502],[-59.907484,-3.116859],[-59.912801,-3.118022],[-59.913812,-3.117889],[-59.914228,-3.117068],[-59.91428,-3.118261],[-59.915901,-3.119275],[-59.918552,-3.11914],[-59.919297,-3.119398],[-59.919664,-3.119202],[-59.920543,-3.120342],[-59.923329,-3.120477],[-59.925686,-3.121538],[-59.926926,-3.121528],[-59.928127,-3.122427],[-59.928159,-3.120927],[-59.927642,-3.119687],[-59.927333,-3.11698],[-59.92778,-3.116275],[-59.927849,-3.113966],[-59.925127,-3.112691],[-59.924575,-3.112174],[-59.923039,-3.112133],[-59.921533,-3.111553],[-59.920446,-3.110401],[-59.919248,-3.109567],[-59.918491,-3.107543],[-59.91744,-3.106832],[-59.917306,-3.105839],[-59.917489,-3.104882],[-59.918296,-3.103288],[-59.91854,-3.10227],[-59.918235,-3.101522],[-59.916732,-3.10021],[-59.916133,-3.099217],[-59.915446,-3.09892],[-59.915703,-3.098618],[-59.918409,-3.097887],[-59.921749,-3.0984],[-59.922616,-3.098046],[-59.920931,-3.096258],[-59.92004,-3.094916],[-59.920372,-3.094007],[-59.920122,-3.091567],[-59.921295,-3.090763],[-59.921857,-3.089666],[-59.921069,-3.088666],[-59.921179,-3.086385],[-59.920669,-3.086186],[-59.921663,-3.085498],[-59.918,-3.083358],[-59.915049,-3.081219],[-59.915746,-3.080388],[-59.915901,-3.079615],[-59.914217,-3.076311],[-59.91393,-3.07504],[-59.913971,-3.070452],[-59.914518,-3.068497],[-59.913721,-3.068407],[-59.913501,-3.069031],[-59.911375,-3.070196],[-59.911644,-3.071885],[-59.909298,-3.071632],[-59.908333,-3.071779],[-59.907002,-3.073239],[-59.906061,-3.073398],[-59.904913,-3.074391],[-59.904375,-3.074968],[-59.904363,-3.075924],[-59.904143,-3.076053],[-59.903482,-3.076057],[-59.900504,-3.076961],[-59.896307,-3.078698],[-59.89545,-3.078793],[-59.894419,-3.078066],[-59.894869,-3.078801],[-59.894876,-3.079753],[-59.895506,-3.080572],[-59.900405,-3.085311],[-59.900906,-3.086157],[-59.901193,-3.087782],[-59.899492,-3.092764],[-59.898493,-3.093397],[-59.897253,-3.093345],[-59.899067,-3.09411],[-59.893733,-3.095083],[-59.892206,-3.094583],[-59.891818,-3.093384],[-59.889991,-3.092986],[-59.888735,-3.092184]]]}},{"type":"Feature","properties":{"id":"1130260300088","name":"Glória / São Raimundo","city":"1302603","ivs":0.441,"idhm":0.676,"income":457.36,"cnes":1},"geometry":{"type":"Polygon","coordinates":[[[-60.031806,-3.122775],[-60.032079,-3.123734],[-60.03323,-3.125515],[-60.033208,-3.125828],[-60.032753,-3.126088],[-60.032839,-3.126998],[-60.034103,-3.128004],[-60.035542,-3.12762],[-60.035542,-3.126523],[-60.037145,-3.126879],[-60.037012,-3.126206],[-60.0379,-3.125619],[-60.037808,-3.125189],[-60.037111,-3.125467],[-60.037115,-3.124211],[-60.036774,-3.12426],[-60.036517,-3.122974],[-60.035427,-3.123295],[-60.035242,-3.122496],[-60.033296,-3.122697],[-60.033403,-3.122166],[-60.031906,-3.121805],[-60.031806,-3.122775]]]}},{"type":"Feature","properties":{"id":"1130260300089","name":"Gilberto Mestrinho / Tancredo Neves ( Invasão Gilberto Mestrinho / Invasão Grande Vitória )","city":"1302603","ivs":0.495,"idhm":0.629,"income":313.2,"cnes":4},"geometry":{"type":"Polygon","coordinates":[[[-59.920023,-3.06558],[-59.920338,-3.066395],[-59.921411,-3.066264],[-59.921258,-3.066847],[-59.921936,-3.067876],[-59.921102,-3.069874],[-59.922937,-3.06964],[-59.926324,-3.070398],[-59.928091,-3.070472],[-59.92923,-3.067758],[-59.929447,-3.067525],[-59.931407,-3.067524],[-59.932943,-3.065014],[-59.933364,-3.064683],[-59.933565,-3.064997],[-59.93468,-3.064099],[-59.935536,-3.063858],[-59.936594,-3.064257],[-59.937026,-3.064143],[-59.936431,-3.063692],[-59.936008,-3.06374],[-59.935647,-3.063185],[-59.935416,-3.063244],[-59.932873,-3.060457],[-59.933214,-3.05877],[-59.931291,-3.059332],[-59.931316,-3.058794],[-59.929687,-3.05929],[-59.929058,-3.059057],[-59.928124,-3.058125],[-59.926377,-3.058011],[-59.925888,-3.057545],[-59.924401,-3.05986],[-59.922234,-3.059437],[-59.921965,-3.061642],[-59.921657,-3.062196],[-59.921931,-3.065096],[-59.920023,-3.06558]]]}},{"type":"Feature","properties":{"id":"1130260300090","name":"Colônia Terra Nova / Novo Israel ( Invasão Jesus me deu / Loteamento Jardim São Luis / Loteamento Rio Piorini / Loteamento Santa Marta )","city":"1302603","ivs":0.482,"idhm":0.647,"income":376.98,"cnes":17},"geometry":{"type":"Polygon","coordinates":[[[-59.999305,-3.020593],[-59.999709,-3.022151],[-60.00097,-3.022194],[-60.001953,-3.022534],[-60.002443,-3.021946],[-60.003669,-3.021672],[-60.008196,-3.022339],[-60.009202,-3.022184],[-60.011017,-3.0232],[-60.012833,-3.023354],[-60.014099,-3.024008],[-60.017417,-3.027334],[-60.017085,-3.027487],[-60.018377,-3.028423],[-60.026657,-3.019946],[-60.028838,-3.016793],[-60.032699,-3.010341],[-60.033121,-3.007808],[-60.031498,-3.000164],[-60.031274,-2.995301],[-60.030725,-2.994095],[-60.027984,-2.993407],[-60.021713,-2.993408],[-60.020718,-2.994121],[-60.019614,-2.996044],[-60.016953,-2.997586],[-60.016249,-2.99772],[-60.008929,-3.001246],[-60.005889,-3.00147],[-60.005724,-3.003211],[-60.005122,-3.004087],[-60.003749,-3.004027],[-60.002974,-3.004412],[-60.001651,-3.004613],[-60.001251,-3.005114],[-60.001136,-3.007424],[-60.00072,-3.008108],[-60.000858,-3.015455],[-59.999835,-3.020458],[-59.999305,-3.020593]]]}},{"type":"Feature","properties":{"id":"1130260300091","name":"Gilberto Mestrinho / Jorge Teixeira ( Invasão Nova Vitória / Conjunto Santa Inês )","city":"1302603","ivs":0.648,"idhm":0.576,"income":289.07,"cnes":6},"geometry":{"type":"Polygon","coordinates":[[[-59.91393,-3.07504],[-59.914217,-3.076311],[-59.915901,-3.079615],[-59.915746,-3.080388],[-59.915049,-3.081219],[-59.918,-3.083358],[-59.922721,-3.085991],[-59.926296,-3.086709],[-59.928079,-3.087407],[-59.929397,-3.086378],[-59.930297,-3.084868],[-59.923235,-3.080258],[-59.919077,-3.076537],[-59.919592,-3.073],[-59.921932,-3.067929],[-59.921258,-3.066847],[-59.921411,-3.066264],[-59.920338,-3.066395],[-59.920023,-3.06558],[-59.921931,-3.065096],[-59.921657,-3.062196],[-59.921965,-3.061642],[-59.922234,-3.059437],[-59.924401,-3.05986],[-59.925888,-3.057545],[-59.926377,-3.058011],[-59.928124,-3.058125],[-59.929058,-3.059057],[-59.929687,-3.05929],[-59.931316,-3.058794],[-59.931157,-3.056143],[-59.929736,-3.053578],[-59.927384,-3.053857],[-59.926701,-3.053454],[-59.926921,-3.050634],[-59.927181,-3.050049],[-59.922736,-3.04996],[-59.923089,-3.051729],[-59.925115,-3.054509],[-59.924124,-3.055095],[-59.922775,-3.054763],[-59.921521,-3.054814],[-59.921719,-3.055406],[-59.920831,-3.055749],[-59.920448,-3.056257],[-59.920954,-3.056835],[-59.920872,-3.057755],[-59.920011,-3.05869],[-59.918687,-3.059336],[-59.916707,-3.059447],[-59.915166,-3.05903],[-59.915386,-3.061091],[-59.916574,-3.064975],[-59.914209,-3.069223],[-59.913971,-3.070452],[-59.91393,-3.07504]]]}},{"type":"Feature","properties":{"id":"1130260300092","name":"Japiim / Raiz","city":"1302603","ivs":0.515,"idhm":0.648,"income":415.87,"cnes":0},"geometry":{"type":"Polygon","coordinates":[[[-59.984682,-3.121891],[-59.984659,-3.123935],[-59.989403,-3.127091],[-59.992764,-3.128181],[-59.994308,-3.129345],[-59.994825,-3.129157],[-59.994353,-3.128555],[-59.994269,-3.127681],[-59.993821,-3.127731],[-59.993596,-3.126319],[-59.992973,-3.126397],[-59.99303,-3.127002],[-59.992766,-3.127007],[-59.992762,-3.125406],[-59.991082,-3.125436],[-59.989066,-3.124981],[-59.988595,-3.125927],[-59.986995,-3.124742],[-59.98719,-3.123821],[-59.985676,-3.122806],[-59.984951,-3.121645],[-59.984682,-3.121891]]]}},{"type":"Feature","properties":{"id":"1130260300093","name":"Planalto / Tarumã ( Jardim Versalles / Conjunto Campos Elíseos / Conjunto Vista Bela )","city":"1302603","ivs":0.233,"idhm":0.882,"income":1947.97,"cnes":21},"geometry":{"type":"Polygon","coordinates":[[[-60.046266,-3.061855],[-60.046636,-3.063854],[-60.046438,-3.066747],[-60.046785,-3.071491],[-60.051171,-3.072202],[-60.053224,-3.071903],[-60.054227,-3.071238],[-60.055191,-3.072066],[-60.055242,-3.071648],[-60.05628,-3.071698],[-60.056941,-3.072404],[-60.057369,-3.072402],[-60.057362,-3.073074],[-60.058493,-3.073109],[-60.058685,-3.070521],[-60.060315,-3.072169],[-60.060901,-3.073336],[-60.060556,-3.073432],[-60.06113,-3.074286],[-60.062717,-3.074314],[-60.06288,-3.07204],[-60.067046,-3.071199],[-60.06863,-3.066128],[-60.066957,-3.064208],[-60.067206,-3.062227],[-60.068884,-3.062126],[-60.075326,-3.063283],[-60.075066,-3.062765],[-60.075136,-3.062217],[-60.075661,-3.061376],[-60.070761,-3.059666],[-60.068976,-3.05009],[-60.062889,-3.053351],[-60.05941,-3.054038],[-60.058535,-3.053784],[-60.05794,-3.054117],[-60.056073,-3.054373],[-60.054289,-3.055116],[-60.052471,-3.058831],[-60.051988,-3.059148],[-60.050556,-3.059158],[-60.048637,-3.059781],[-60.046975,-3.060823],[-60.046266,-3.061855]]]}},{"type":"Feature","properties":{"id":"1130260300094","name":"Jorge Teixeira / Distrito Industrial II","city":"1302603","ivs":0.501,"idhm":0.635,"income":361.29,"cnes":9},"geometry":{"type":"Polygon","coordinates":[[[-59.902885,-3.001939],[-59.905304,-3.01626],[-59.908436,-3.027358],[-59.91133,-3.035504],[-59.91762,-3.028444],[-59.918306,-3.02908],[-59.917809,-3.025885],[-59.918269,-3.024939],[-59.917996,-3.024061],[-59.918006,-3.022335],[-59.920957,-3.022858],[-59.920716,-3.024451],[-59.920164,-3.024346],[-59.919538,-3.025602],[-59.920364,-3.026173],[-59.920224,-3.026666],[-59.921227,-3.026626],[-59.921228,-3.02721],[-59.919329,-3.027896],[-59.91997,-3.029036],[-59.922416,-3.027812],[-59.923193,-3.029054],[-59.923377,-3.028986],[-59.923994,-3.030293],[-59.924944,-3.029935],[-59.92565,-3.031423],[-59.925252,-3.031535],[-59.925245,-3.03208],[-59.928743,-3.031244],[-59.929093,-3.031727],[-59.926667,-3.032303],[-59.926662,-3.03299],[-59.927196,-3.033408],[-59.924532,-3.034509],[-59.924514,-3.03473],[-59.923329,-3.034982],[-59.923553,-3.036019],[-59.924757,-3.035708],[-59.924858,-3.036233],[-59.930735,-3.034991],[-59.93074,-3.035441],[-59.932392,-3.035341],[-59.93247,-3.035633],[-59.929352,-3.035856],[-59.92834,-3.038015],[-59.928209,-3.039061],[-59.929386,-3.039565],[-59.928402,-3.041332],[-59.927063,-3.04089],[-59.925057,-3.04129],[-59.925773,-3.044833],[-59.922152,-3.04699],[-59.921433,-3.047146],[-59.922224,-3.047417],[-59.923605,-3.047342],[-59.924672,-3.046811],[-59.924049,-3.048687],[-59.924177,-3.049911],[-59.927181,-3.050049],[-59.927659,-3.049584],[-59.93182,-3.047476],[-59.931728,-3.047263],[-59.932187,-3.046987],[-59.931692,-3.045989],[-59.932158,-3.045757],[-59.932468,-3.046318],[-59.934904,-3.047284],[-59.937166,-3.04797],[-59.937559,-3.047777],[-59.938505,-3.048176],[-59.941841,-3.045479],[-59.941247,-3.044554],[-59.943017,-3.045346],[-59.942785,-3.044437],[-59.942333,-3.044374],[-59.940406,-3.041804],[-59.939762,-3.040289],[-59.938231,-3.038968],[-59.936866,-3.03682],[-59.93648,-3.0354],[-59.935962,-3.034665],[-59.935269,-3.034106],[-59.933837,-3.033609],[-59.933198,-3.032327],[-59.933113,-3.03143],[-59.931676,-3.03268],[-59.928175,-3.027421],[-59.928801,-3.027456],[-59.929776,-3.026943],[-59.931447,-3.025676],[-59.931557,-3.02702],[-59.932312,-3.0289],[-59.933577,-3.028282],[-59.934138,-3.029073],[-59.935604,-3.028225],[-59.933257,-3.024042],[-59.933067,-3.023255],[-59.932919,-3.021604],[-59.933195,-3.021591],[-59.933356,-3.020015],[-59.93414,-3.018327],[-59.933642,-3.017836],[-59.934059,-3.017271],[-59.93196,-3.017091],[-59.931805,-3.018234],[-59.930853,-3.02059],[-59.930511,-3.023059],[-59.929889,-3.022462],[-59.926358,-3.021609],[-59.925766,-3.021265],[-59.925132,-3.020068],[-59.924409,-3.019524],[-59.923376,-3.019326],[-59.922109,-3.018286],[-59.921655,-3.017151],[-59.92149,-3.015213],[-59.921942,-3.014477],[-59.922932,-3.013809],[-59.923152,-3.013343],[-59.922748,-3.012202],[-59.923329,-3.011307],[-59.915648,-3.00453],[-59.914415,-3.003068],[-59.902885,-3.001939]]]}},{"type":"Feature","properties":{"id":"1130260300095","name":"Santo Agostinho : Rua Jericó / Travessa Judéia","city":"1302603","ivs":0.645,"idhm":0.576,"income":289.07,"cnes":0},"geometry":{"type":"Polygon","coordinates":[[[-60.061322,-3.091335],[-60.062343,-3.092511],[-60.062192,-3.09338],[-60.062998,-3.093263],[-60.063773,-3.092837],[-60.063248,-3.091146],[-60.062154,-3.090402],[-60.061322,-3.091335]]]}},{"type":"Feature","properties":{"id":"1130260300096","name":"Flores ( Conjunto São Judas Tadeu / Parque Laranjeiras / Conjunto Anavilhanas / Conjunto Parque das Palmeiras )","city":"1302603","ivs":0.207,"idhm":0.874,"income":1953.17,"cnes":11},"geometry":{"type":"Polygon","coordinates":[[[-59.986404,-3.054987],[-59.98904,-3.063163],[-60.006536,-3.063195],[-60.006628,-3.064159],[-60.009386,-3.065248],[-60.009164,-3.064474],[-60.008541,-3.063459],[-60.007689,-3.062728],[-60.007371,-3.061937],[-60.007275,-3.060964],[-60.004917,-3.054009],[-60.001776,-3.0541],[-60.001164,-3.053413],[-60.001465,-3.053411],[-60.00101,-3.052681],[-60.000398,-3.050185],[-59.997004,-3.049981],[-59.993164,-3.050087],[-59.993309,-3.054318],[-59.989431,-3.054304],[-59.989427,-3.054993],[-59.986404,-3.054987]]]}},{"type":"Feature","properties":{"id":"1130260300097","name":"Lírio do Vale / Nova Esperança / Planalto ( Conjunto Vista Bela ) / Ponta Negra","city":"1302603","ivs":0.345,"idhm":0.73,"income":657.56,"cnes":20},"geometry":{"type":"Polygon","coordinates":[[[-60.052906,-3.088718],[-60.054892,-3.088694],[-60.055995,-3.089083],[-60.058177,-3.088725],[-60.058155,-3.089754],[-60.061597,-3.088383],[-60.062175,-3.087885],[-60.062863,-3.086289],[-60.061457,-3.085393],[-60.061163,-3.085389],[-60.061003,-3.086487],[-60.059167,-3.086677],[-60.0592,-3.087055],[-60.058587,-3.087086],[-60.05855,-3.084609],[-60.060589,-3.084716],[-60.060786,-3.084469],[-60.060675,-3.083609],[-60.062259,-3.083802],[-60.063316,-3.085744],[-60.064444,-3.085167],[-60.070976,-3.08598],[-60.071445,-3.082103],[-60.075165,-3.074159],[-60.075553,-3.072851],[-60.075814,-3.07189],[-60.07551,-3.070355],[-60.073012,-3.070249],[-60.071619,-3.069933],[-60.068137,-3.071005],[-60.063448,-3.071829],[-60.06288,-3.07204],[-60.062717,-3.074314],[-60.06113,-3.074286],[-60.060556,-3.073432],[-60.060901,-3.073336],[-60.060315,-3.072169],[-60.058685,-3.070521],[-60.058493,-3.073109],[-60.057362,-3.073074],[-60.057369,-3.072402],[-60.056941,-3.072404],[-60.05628,-3.071698],[-60.055242,-3.071648],[-60.055191,-3.072066],[-60.057553,-3.07428],[-60.058811,-3.074245],[-60.05818,-3.078173],[-60.057627,-3.078111],[-60.057303,-3.079799],[-60.056081,-3.080067],[-60.056176,-3.082309],[-60.053851,-3.085071],[-60.053771,-3.087685],[-60.052906,-3.088718]]]}},{"type":"Feature","properties":{"id":"1130260300098","name":"Comunidade da Sharp","city":"1302603","ivs":0.33,"idhm":0.762,"income":723.45,"cnes":0},"geometry":{"type":"Polygon","coordinates":[[[-59.944944,-3.095985],[-59.945154,-3.09802],[-59.947357,-3.09791],[-59.94745,-3.097204],[-59.946265,-3.097064],[-59.945768,-3.09563],[-59.944944,-3.095985]]]}},{"type":"Feature","properties":{"id":"1130260300099","name":"Loteamento Mundo Novo","city":"1302603","ivs":0.252,"idhm":0.822,"income":1248.67,"cnes":1},"geometry":{"type":"Polygon","coordinates":[[[-59.993388,-3.036511],[-59.99345,-3.038229],[-59.994217,-3.038182],[-59.994316,-3.03911],[-59.994984,-3.038582],[-59.996501,-3.038678],[-59.997585,-3.039644],[-59.997551,-3.040183],[-59.998368,-3.040234],[-59.998341,-3.040689],[-60.000506,-3.040637],[-60.000335,-3.042502],[-60.000719,-3.042504],[-60.000881,-3.036102],[-59.993388,-3.036511]]]}},{"type":"Feature","properties":{"id":"1130260300100","name":"Novo Aleixo ( Conjunto Arco-Íris / Loteamento Águas Claras )","city":"1302603","ivs":0.316,"idhm":0.787,"income":822.06,"cnes":1},"geometry":{"type":"Polygon","coordinates":[[[-59.977521,-3.051976],[-59.977908,-3.054088],[-59.979343,-3.056598],[-59.980138,-3.059844],[-59.983415,-3.061624],[-59.985407,-3.062392],[-59.986019,-3.063973],[-59.987011,-3.064697],[-59.987149,-3.065179],[-59.98829,-3.063985],[-59.988857,-3.063751],[-59.988746,-3.063409],[-59.98904,-3.063163],[-59.988288,-3.06044],[-59.986498,-3.055515],[-59.985625,-3.050114],[-59.985455,-3.045928],[-59.982691,-3.045868],[-59.980743,-3.047673],[-59.980383,-3.048357],[-59.979795,-3.048457],[-59.97961,-3.049397],[-59.977792,-3.051362],[-59.977521,-3.051976]],[[-59.98084,-3.053521],[-59.984074,-3.053414],[-59.984078,-3.052783],[-59.983006,-3.050958],[-59.982891,-3.050115],[-59.985016,-3.050122],[-59.985782,-3.055276],[-59.986407,-3.05718],[-59.983963,-3.057282],[-59.98242,-3.055509],[-59.980864,-3.054161],[-59.98084,-3.053521]]]}},{"type":"Feature","properties":{"id":"1130260300101","name":"Japiim","city":"1302603","ivs":0.448,"idhm":0.668,"income":442.7,"cnes":0},"geometry":{"type":"Polygon","coordinates":[[[-59.984951,-3.121645],[-59.985164,-3.122053],[-59.98802,-3.117433],[-59.987715,-3.117156],[-59.98829,-3.116229],[-59.987443,-3.115534],[-59.98852,-3.111875],[-59.987534,-3.111348],[-59.986924,-3.11886],[-59.984951,-3.121645]]]}},{"type":"Feature","properties":{"id":"1130260300102","name":"Gilberto Mestrinho ( Invasão Grande Vitória / Loteamento Cidade do Leste )","city":"1302603","ivs":0.471,"idhm":0.637,"income":360.03,"cnes":6},"geometry":{"type":"Polygon","coordinates":[[[-59.919077,-3.076537],[-59.923235,-3.080258],[-59.930297,-3.084868],[-59.932451,-3.081277],[-59.935865,-3.078977],[-59.93666,-3.078034],[-59.936873,-3.077112],[-59.930961,-3.074932],[-59.928178,-3.070515],[-59.925734,-3.070302],[-59.922937,-3.06964],[-59.921102,-3.069874],[-59.919592,-3.073],[-59.919077,-3.076537]]]}},{"type":"Feature","properties":{"id":"1130260300103","name":"Petrópolis","city":"1302603","ivs":0.447,"idhm":0.668,"income":442.7,"cnes":11},"geometry":{"type":"Polygon","coordinates":[[[-59.991619,-3.105406],[-59.992081,-3.106431],[-59.99199,-3.107065],[-59.9949,-3.107546],[-59.994845,-3.107945],[-59.994127,-3.108396],[-59.99596,-3.110744],[-59.996608,-3.110187],[-59.999777,-3.112048],[-60.000576,-3.111308],[-60.000689,-3.112062],[-60.001246,-3.112291],[-60.00177,-3.111371],[-60.003964,-3.110008],[-60.003757,-3.109728],[-60.00394,-3.10927],[-60.003869,-3.107886],[-60.002623,-3.108079],[-60.000704,-3.104869],[-60.000042,-3.104722],[-59.99807,-3.103399],[-59.996438,-3.100928],[-59.995501,-3.101735],[-59.995409,-3.102217],[-59.994196,-3.102828],[-59.992323,-3.104698],[-59.993342,-3.105421],[-59.992569,-3.105762],[-59.991619,-3.105406]]]}},{"type":"Feature","properties":{"id":"1130260300104","name":"Jorge Teixeira ( Conjunto Santa Inês / Loteamento João Paulo / Conjunto São Camilo / Loteamento João Paulo Segunda Etapa )","city":"1302603","ivs":0.517,"idhm":0.624,"income":366.79,"cnes":6},"geometry":{"type":"Polygon","coordinates":[[[-59.91133,-3.035504],[-59.91738,-3.052376],[-59.91769,-3.053741],[-59.91738,-3.054712],[-59.917504,-3.05494],[-59.918402,-3.055638],[-59.919332,-3.055638],[-59.921627,-3.055129],[-59.921521,-3.054814],[-59.922775,-3.054763],[-59.924124,-3.055095],[-59.924752,-3.054808],[-59.925115,-3.054509],[-59.925021,-3.054183],[-59.923089,-3.051729],[-59.922736,-3.04996],[-59.924177,-3.049911],[-59.924049,-3.048687],[-59.924672,-3.046811],[-59.923605,-3.047342],[-59.922224,-3.047417],[-59.921433,-3.047146],[-59.922152,-3.04699],[-59.925773,-3.044833],[-59.925057,-3.04129],[-59.927063,-3.04089],[-59.928402,-3.041332],[-59.929386,-3.039565],[-59.928209,-3.039061],[-59.92834,-3.038015],[-59.929352,-3.035856],[-59.93247,-3.035633],[-59.932392,-3.035341],[-59.93074,-3.035441],[-59.930735,-3.034991],[-59.924858,-3.036233],[-59.924757,-3.035708],[-59.923553,-3.036019],[-59.923329,-3.034982],[-59.924514,-3.03473],[-59.924532,-3.034509],[-59.927196,-3.033408],[-59.926662,-3.03299],[-59.926667,-3.032303],[-59.929093,-3.031727],[-59.928743,-3.031244],[-59.925245,-3.03208],[-59.925252,-3.031535],[-59.92565,-3.031423],[-59.924944,-3.029935],[-59.923994,-3.030293],[-59.923377,-3.028986],[-59.923193,-3.029054],[-59.922416,-3.027812],[-59.91997,-3.029036],[-59.919329,-3.027896],[-59.921228,-3.02721],[-59.921227,-3.026626],[-59.920224,-3.026666],[-59.920364,-3.026173],[-59.919538,-3.025602],[-59.920164,-3.024346],[-59.920716,-3.024451],[-59.920957,-3.022858],[-59.918006,-3.022335],[-59.917996,-3.024061],[-59.918269,-3.024939],[-59.917809,-3.025885],[-59.918306,-3.02908],[-59.91762,-3.028444],[-59.91133,-3.035504]]]}},{"type":"Feature","properties":{"id":"1130260300105","name":"Novo Aleixo ( Loteamento Novo Aleixo )","city":"1302603","ivs":0.383,"idhm":0.714,"income":533.2,"cnes":0},"geometry":{"type":"Polygon","coordinates":[[[-59.964755,-3.053688],[-59.965316,-3.057197],[-59.968749,-3.056401],[-59.972522,-3.055168],[-59.973548,-3.055199],[-59.973016,-3.054786],[-59.971688,-3.054806],[-59.971651,-3.054197],[-59.969346,-3.054232],[-59.968707,-3.053866],[-59.967862,-3.052376],[-59.968148,-3.050383],[-59.967401,-3.05036],[-59.967055,-3.051547],[-59.965413,-3.051546],[-59.964755,-3.053688]]]}},{"type":"Feature","properties":{"id":"1130260300106","name":"Flores ( Comunidade Mundo Novo / Conjunto Boas Novas / Laranjeiras / Loteamento Parque das Nações )","city":"1302603","ivs":0.384,"idhm":0.708,"income":594.09,"cnes":7},"geometry":{"type":"Polygon","coordinates":[[[-59.982691,-3.045868],[-59.985455,-3.045928],[-59.985634,-3.049259],[-59.989347,-3.049226],[-59.98939,-3.048436],[-59.99136,-3.048442],[-59.991398,-3.050117],[-59.997004,-3.049981],[-60.000398,-3.050185],[-60.00101,-3.052681],[-60.001465,-3.053411],[-60.005727,-3.053298],[-60.005783,-3.048125],[-60.006316,-3.04811],[-60.00551,-3.044216],[-60.005453,-3.042792],[-60.000702,-3.042956],[-60.000719,-3.042504],[-59.996718,-3.042392],[-59.996761,-3.044712],[-59.99635,-3.044113],[-59.995395,-3.043731],[-59.992792,-3.043877],[-59.992742,-3.042512],[-59.989851,-3.042496],[-59.989294,-3.041962],[-59.985018,-3.043223],[-59.984476,-3.043161],[-59.984143,-3.044272],[-59.982691,-3.045868]]]}},{"type":"Feature","properties":{"id":"1130260300107","name":"São Francisco","city":"1302603","ivs":0.252,"idhm":0.822,"income":1248.67,"cnes":1},"geometry":{"type":"Polygon","coordinates":[[[-60.004779,-3.11382],[-60.005584,-3.115656],[-60.006321,-3.115961],[-60.006956,-3.115614],[-60.006566,-3.114507],[-60.007668,-3.113966],[-60.007248,-3.113375],[-60.008073,-3.112783],[-60.00726,-3.111449],[-60.009002,-3.11022],[-60.008435,-3.109616],[-60.005949,-3.111262],[-60.006729,-3.112517],[-60.004779,-3.11382]]]}},{"type":"Feature","properties":{"id":"1130260300108","name":"Novo Israel / Colônia Terra Nova ( Loteamento Recreio Canaã )","city":"1302603","ivs":0.447,"idhm":0.668,"income":442.7,"cnes":3},"geometry":{"type":"Polygon","coordinates":[[[-60.00097,-3.022194],[-60.000983,-3.023162],[-60.002747,-3.023161],[-60.003227,-3.023365],[-60.00341,-3.024354],[-60.003932,-3.024301],[-60.004011,-3.025636],[-60.009146,-3.025489],[-60.00925,-3.024896],[-60.011292,-3.024874],[-60.011593,-3.025496],[-60.012425,-3.026323],[-60.01258,-3.026211],[-60.013185,-3.027248],[-60.015109,-3.029059],[-60.015671,-3.028437],[-60.016306,-3.028977],[-60.017066,-3.028196],[-60.017997,-3.029497],[-60.018377,-3.028423],[-60.017085,-3.027487],[-60.017417,-3.027334],[-60.014099,-3.024008],[-60.012833,-3.023354],[-60.011017,-3.0232],[-60.009202,-3.022184],[-60.008196,-3.022339],[-60.003669,-3.021672],[-60.002443,-3.021946],[-60.001953,-3.022534],[-60.00097,-3.022194]]]}},{"type":"Feature","properties":{"id":"1130260300109","name":"Cidade Nova ( Conjunto Habitacional Jardim Canaranas I / Loteamento Campo Dourado / Loteamento Riacho Doce )","city":"1302603","ivs":0.405,"idhm":0.718,"income":553.87,"cnes":12},"geometry":{"type":"Polygon","coordinates":[[[-59.962276,-3.02024],[-59.962304,-3.021537],[-59.963415,-3.021488],[-59.963399,-3.022015],[-59.964162,-3.021961],[-59.964465,-3.022852],[-59.964482,-3.023337],[-59.96228,-3.023474],[-59.962283,-3.024871],[-59.962435,-3.026545],[-59.96521,-3.03018],[-59.963868,-3.03123],[-59.964679,-3.032193],[-59.964954,-3.032187],[-59.966321,-3.030913],[-59.967473,-3.030251],[-59.967398,-3.029667],[-59.966923,-3.029629],[-59.9669,-3.026754],[-59.966425,-3.026792],[-59.966571,-3.026181],[-59.971859,-3.026149],[-59.971846,-3.026623],[-59.974559,-3.026671],[-59.975199,-3.025859],[-59.975668,-3.025801],[-59.975943,-3.029971],[-59.981852,-3.029819],[-59.981846,-3.029536],[-59.983284,-3.029509],[-59.983249,-3.027529],[-59.981804,-3.027546],[-59.981783,-3.026525],[-59.981038,-3.026553],[-59.98083,-3.014444],[-59.979524,-3.014426],[-59.979603,-3.015806],[-59.978074,-3.015781],[-59.978106,-3.017182],[-59.976243,-3.017218],[-59.975544,-3.016749],[-59.973956,-3.016402],[-59.973616,-3.016412],[-59.973603,-3.0169],[-59.971315,-3.016961],[-59.971362,-3.020712],[-59.970595,-3.0201],[-59.96834,-3.019433],[-59.966817,-3.018538],[-59.966206,-3.019721],[-59.965736,-3.019291],[-59.964155,-3.019318],[-59.964141,-3.019763],[-59.96345,-3.019825],[-59.963478,-3.020159],[-59.962276,-3.02024]]]}},{"type":"Feature","properties":{"id":"1130260300110","name":"Crespo : Rua Vicente Reis","city":"1302603","ivs":0.457,"idhm":0.649,"income":382.11,"cnes":0},"geometry":{"type":"Polygon","coordinates":[[[-59.991653,-3.136307],[-59.992428,-3.136305],[-59.992407,-3.133926],[-59.991924,-3.133506],[-59.991864,-3.135705],[-59.991653,-3.136307]]]}},{"type":"Feature","properties":{"id":"1130260300111","name":"Jorge Teixeira ( Loteamento Arthur Virgílio Filho / Loteamento Bairro Novo )","city":"1302603","ivs":0.407,"idhm":0.718,"income":553.87,"cnes":4},"geometry":{"type":"Polygon","coordinates":[[[-59.928175,-3.027421],[-59.931676,-3.03268],[-59.933113,-3.03143],[-59.933198,-3.032327],[-59.933837,-3.033609],[-59.935269,-3.034106],[-59.935962,-3.034665],[-59.93648,-3.0354],[-59.936866,-3.03682],[-59.938358,-3.03915],[-59.939762,-3.040289],[-59.940406,-3.041804],[-59.942333,-3.044374],[-59.942785,-3.044437],[-59.940579,-3.037415],[-59.940784,-3.036798],[-59.940147,-3.036627],[-59.935604,-3.028225],[-59.934138,-3.029073],[-59.933577,-3.028282],[-59.932312,-3.0289],[-59.931557,-3.02702],[-59.931447,-3.025676],[-59.929776,-3.026943],[-59.928801,-3.027456],[-59.928175,-3.027421]]]}},{"type":"Feature","properties":{"id":"1130260300112","name":"Loteamento Jardim Flamboyant / Condomínio Agave","city":"1302603","ivs":0.222,"idhm":0.855,"income":1747.41,"cnes":0},"geometry":{"type":"Polygon","coordinates":[[[-59.98084,-3.053521],[-59.980864,-3.054161],[-59.98242,-3.055509],[-59.983963,-3.057282],[-59.986407,-3.05718],[-59.985782,-3.055276],[-59.985016,-3.050122],[-59.982891,-3.050115],[-59.983006,-3.050958],[-59.984078,-3.052783],[-59.984074,-3.053414],[-59.98084,-3.053521]]]}},{"type":"Feature","properties":{"id":"1130260300113","name":"Loteamento Parque Castanheira II","city":"1302603","ivs":0.328,"idhm":0.812,"income":1025.01,"cnes":1},"geometry":{"type":"Polygon","coordinates":[[[-59.92868,-3.071093],[-59.930961,-3.074932],[-59.936078,-3.076829],[-59.935805,-3.072404],[-59.935585,-3.071807],[-59.934673,-3.071603],[-59.931227,-3.071653],[-59.931199,-3.071089],[-59.92868,-3.071093]]]}},{"type":"Feature","properties":{"id":"1130260300114","name":"Loteamento Popular Parque Centenário","city":"1302603","ivs":0.36,"idhm":0.707,"income":579.16,"cnes":0},"geometry":{"type":"Polygon","coordinates":[[[-60.006352,-3.042779],[-60.00646,-3.046263],[-60.00875,-3.046171],[-60.008839,-3.045088],[-60.011705,-3.045086],[-60.011839,-3.043934],[-60.010091,-3.042677],[-60.006352,-3.042779]]]}},{"type":"Feature","properties":{"id":"1130260300115","name":"Mauazinho / Armando Mendes / Distrito Industrial II ( Conjunto Residencial Lula / Cidadão IX / Comunidade Parque Mauá / Loteamento Jardim Mauá / Comunidade da Sharp )","city":"1302603","ivs":0.496,"idhm":0.629,"income":313.2,"cnes":9},"geometry":{"type":"Polygon","coordinates":[[[-59.92004,-3.094916],[-59.920931,-3.096258],[-59.922616,-3.098046],[-59.92654,-3.101487],[-59.93249,-3.103184],[-59.936189,-3.103387],[-59.936308,-3.107026],[-59.935954,-3.108032],[-59.934989,-3.109455],[-59.933315,-3.110975],[-59.93358,-3.113519],[-59.933243,-3.115041],[-59.93463,-3.115241],[-59.934658,-3.116002],[-59.934023,-3.118026],[-59.931122,-3.117957],[-59.931021,-3.11711],[-59.928963,-3.116841],[-59.927333,-3.11698],[-59.927642,-3.119687],[-59.928159,-3.120927],[-59.928127,-3.122427],[-59.928728,-3.122509],[-59.929144,-3.123137],[-59.929803,-3.123389],[-59.930371,-3.123377],[-59.931251,-3.122904],[-59.932442,-3.123315],[-59.933394,-3.124175],[-59.933468,-3.124817],[-59.934348,-3.125474],[-59.934568,-3.126657],[-59.935087,-3.127436],[-59.936986,-3.12867],[-59.93756,-3.129553],[-59.938061,-3.129149],[-59.938012,-3.128266],[-59.938257,-3.127996],[-59.938489,-3.128143],[-59.938471,-3.128858],[-59.938843,-3.129529],[-59.938318,-3.130277],[-59.93847,-3.131804],[-59.93822,-3.132104],[-59.939043,-3.134231],[-59.938566,-3.135303],[-59.938642,-3.135667],[-59.941326,-3.133493],[-59.947093,-3.129918],[-59.948873,-3.126555],[-59.948895,-3.122396],[-59.949126,-3.121705],[-59.950118,-3.121311],[-59.952638,-3.121284],[-59.952926,-3.120998],[-59.952363,-3.117947],[-59.951616,-3.115483],[-59.946532,-3.113695],[-59.945067,-3.112228],[-59.947357,-3.09791],[-59.945154,-3.09802],[-59.944944,-3.095985],[-59.945768,-3.09563],[-59.946265,-3.097064],[-59.94745,-3.097204],[-59.947917,-3.094335],[-59.945881,-3.094584],[-59.944257,-3.095595],[-59.943991,-3.095328],[-59.943224,-3.097403],[-59.939065,-3.098064],[-59.937853,-3.094497],[-59.938445,-3.094194],[-59.937503,-3.092563],[-59.93764,-3.091566],[-59.936742,-3.088598],[-59.935117,-3.087654],[-59.933603,-3.086075],[-59.930297,-3.084868],[-59.929397,-3.086378],[-59.928079,-3.087407],[-59.926296,-3.086709],[-59.922721,-3.085991],[-59.921663,-3.085498],[-59.921067,-3.085762],[-59.920669,-3.086186],[-59.921179,-3.086385],[-59.921069,-3.088666],[-59.921857,-3.089666],[-59.921295,-3.090763],[-59.920122,-3.091567],[-59.920372,-3.094007],[-59.92004,-3.094916]]]}},{"type":"Feature","properties":{"id":"1130260300116","name":"Monte das Oliveiras","city":"1302603","ivs":0.462,"idhm":0.65,"income":386.82,"cnes":9},"geometry":{"type":"Polygon","coordinates":[[[-59.990702,-3.016448],[-59.991809,-3.017146],[-59.991004,-3.019645],[-59.992286,-3.02187],[-59.993538,-3.020725],[-59.994183,-3.021431],[-59.995176,-3.020507],[-59.996696,-3.022144],[-59.99742,-3.022276],[-59.997955,-3.022996],[-59.999099,-3.022778],[-59.999124,-3.022444],[-59.999709,-3.022151],[-59.999305,-3.020593],[-59.999835,-3.020458],[-60.000858,-3.015455],[-60.000687,-3.008834],[-60.000742,-3.007925],[-60.001136,-3.007424],[-60.001251,-3.005114],[-60.001651,-3.004613],[-60.002974,-3.004412],[-60.003749,-3.004027],[-60.005122,-3.004087],[-60.005724,-3.003211],[-60.005889,-3.00147],[-60.000663,-3.000939],[-59.998024,-2.999783],[-59.994691,-2.999873],[-59.991502,-2.9996],[-59.990791,-3.00945],[-59.991493,-3.012184],[-59.990702,-3.016448]]]}},{"type":"Feature","properties":{"id":"1130260300117","name":"Morada do Parque / Alpha Garden","city":"1302603","ivs":0.082,"idhm":0.93,"income":7893.75,"cnes":0},"geometry":{"type":"Polygon","coordinates":[[[-60.004761,-3.064516],[-60.005736,-3.068104],[-60.005935,-3.068071],[-60.006014,-3.068385],[-60.009986,-3.068497],[-60.009386,-3.065248],[-60.006628,-3.064159],[-60.006536,-3.063195],[-60.004791,-3.063186],[-60.004761,-3.064516]]]}},{"type":"Feature","properties":{"id":"1130260300118","name":"Morada do Sol","city":"1302603","ivs":0.082,"idhm":0.93,"income":7893.75,"cnes":3},"geometry":{"type":"Polygon","coordinates":[[[-59.991503,-3.092144],[-59.993351,-3.093924],[-59.994535,-3.093247],[-59.995434,-3.094406],[-59.997298,-3.092753],[-59.995016,-3.089317],[-59.991503,-3.092144]]]}},{"type":"Feature","properties":{"id":"1130260300119","name":"Nossa Senhora Aparecida","city":"1302603","ivs":0.253,"idhm":0.822,"income":1248.67,"cnes":10},"geometry":{"type":"Polygon","coordinates":[[[-60.027528,-3.126475],[-60.027548,-3.129667],[-60.028672,-3.129654],[-60.028619,-3.130854],[-60.02967,-3.131918],[-60.030332,-3.131369],[-60.030723,-3.131874],[-60.031383,-3.131883],[-60.031701,-3.131248],[-60.03156,-3.130421],[-60.031719,-3.130334],[-60.032015,-3.13128],[-60.033467,-3.131355],[-60.031971,-3.128953],[-60.031831,-3.129355],[-60.030549,-3.130055],[-60.03008,-3.12924],[-60.031818,-3.128692],[-60.031251,-3.127569],[-60.02965,-3.12771],[-60.029633,-3.126651],[-60.029118,-3.126646],[-60.029203,-3.127748],[-60.028505,-3.12781],[-60.028365,-3.126477],[-60.027528,-3.126475]]]}},{"type":"Feature","properties":{"id":"1130260300120","name":"Nossa Senhora das Graças : Parque Amazonense / Cemitério São João Batista / Rua Belém","city":"1302603","ivs":0.328,"idhm":0.812,"income":1025.01,"cnes":10},"geometry":{"type":"Polygon","coordinates":[[[-60.016244,-3.110024],[-60.016422,-3.113136],[-60.016752,-3.114067],[-60.016656,-3.115776],[-60.023547,-3.115848],[-60.023588,-3.11322],[-60.021155,-3.113295],[-60.021216,-3.110666],[-60.020855,-3.109993],[-60.020059,-3.109755],[-60.018225,-3.110027],[-60.018252,-3.109714],[-60.016244,-3.110024]]]}},{"type":"Feature","properties":{"id":"1130260300121","name":"São Geraldo ( Comunidade Arthur Bernardes )","city":"1302603","ivs":0.65,"idhm":0.576,"income":289.07,"cnes":3},"geometry":{"type":"Polygon","coordinates":[[[-60.027406,-3.106967],[-60.027828,-3.108016],[-60.028288,-3.108317],[-60.028731,-3.108404],[-60.029135,-3.107923],[-60.028985,-3.106742],[-60.029481,-3.106002],[-60.02855,-3.104622],[-60.028626,-3.103414],[-60.028286,-3.103832],[-60.028678,-3.106336],[-60.028182,-3.106211],[-60.027406,-3.106967]]]}},{"type":"Feature","properties":{"id":"1130260300122","name":"Novo Aleixo ( Conjunto Amadeu Botelho / Conjunto Residencial Águas Claras / Conjunto Mutirão - Amazonino Mendes / Conjunto Residencial Arco-íris III / Loteamento Novo Aleixo )","city":"1302603","ivs":0.317,"idhm":0.787,"income":822.06,"cnes":25},"geometry":{"type":"Polygon","coordinates":[[[-59.959836,-3.027437],[-59.953143,-3.031365],[-59.953617,-3.032435],[-59.954025,-3.036331],[-59.955583,-3.036228],[-59.956783,-3.040377],[-59.957114,-3.040244],[-59.957932,-3.042246],[-59.95754,-3.042465],[-59.957752,-3.042883],[-59.959323,-3.044357],[-59.959604,-3.043967],[-59.961444,-3.045787],[-59.96114,-3.046064],[-59.960545,-3.045512],[-59.960149,-3.04598],[-59.961113,-3.046878],[-59.963682,-3.048197],[-59.963455,-3.048824],[-59.96363,-3.050069],[-59.961535,-3.049419],[-59.960932,-3.047887],[-59.960213,-3.048451],[-59.961031,-3.049623],[-59.960218,-3.050503],[-59.963012,-3.050436],[-59.962812,-3.050896],[-59.963122,-3.051034],[-59.962594,-3.052446],[-59.963083,-3.052898],[-59.961932,-3.056491],[-59.961466,-3.057788],[-59.960961,-3.057564],[-59.959948,-3.060249],[-59.961595,-3.060915],[-59.96114,-3.061999],[-59.965305,-3.064562],[-59.96729,-3.066283],[-59.968069,-3.067251],[-59.968702,-3.067645],[-59.970695,-3.068124],[-59.97338,-3.070319],[-59.979083,-3.072163],[-59.980548,-3.072859],[-59.982324,-3.074317],[-59.983498,-3.074768],[-59.984584,-3.074667],[-59.985464,-3.074235],[-59.985827,-3.073709],[-59.986006,-3.071029],[-59.986622,-3.07077],[-59.987291,-3.069072],[-59.986919,-3.067893],[-59.987173,-3.064947],[-59.986019,-3.063973],[-59.985407,-3.062392],[-59.980951,-3.060387],[-59.979998,-3.059633],[-59.979465,-3.056966],[-59.977908,-3.054088],[-59.977521,-3.051976],[-59.977792,-3.051362],[-59.97961,-3.049397],[-59.979679,-3.0481],[-59.977606,-3.045951],[-59.974101,-3.045236],[-59.972376,-3.045291],[-59.969901,-3.043015],[-59.964145,-3.04077],[-59.961391,-3.038945],[-59.96112,-3.03834],[-59.960346,-3.037578],[-59.959758,-3.035775],[-59.960724,-3.035669],[-59.962249,-3.034876],[-59.964697,-3.032454],[-59.961364,-3.02777],[-59.96073,-3.027365],[-59.959836,-3.027437]],[[-59.964755,-3.053688],[-59.965413,-3.051546],[-59.967055,-3.051547],[-59.967401,-3.05036],[-59.968148,-3.050383],[-59.967862,-3.052376],[-59.968707,-3.053866],[-59.969346,-3.054232],[-59.971651,-3.054197],[-59.971688,-3.054806],[-59.973016,-3.054786],[-59.973548,-3.055199],[-59.972522,-3.055168],[-59.968749,-3.056401],[-59.965316,-3.057197],[-59.964755,-3.053688]],[[-59.968569,-3.048409],[-59.969022,-3.047416],[-59.970799,-3.048077],[-59.971374,-3.04638],[-59.972273,-3.046393],[-59.972367,-3.050257],[-59.970965,-3.050483],[-59.970815,-3.050256],[-59.969397,-3.049901],[-59.969829,-3.048866],[-59.968569,-3.048409]]]}},{"type":"Feature","properties":{"id":"1130260300123","name":"Novo Israel / Colônia Santo Antônio ( Loteamento Recreio Canaã )","city":"1302603","ivs":0.473,"idhm":0.632,"income":354.52,"cnes":0},"geometry":{"type":"Polygon","coordinates":[[[-60.004322,-3.028153],[-60.004393,-3.028458],[-60.005542,-3.029164],[-60.005802,-3.031338],[-60.006772,-3.031406],[-60.006621,-3.031891],[-60.007411,-3.034247],[-60.009924,-3.032519],[-60.009919,-3.032736],[-60.013673,-3.032918],[-60.013673,-3.032711],[-60.018445,-3.032589],[-60.017975,-3.030462],[-60.017997,-3.029497],[-60.017066,-3.028196],[-60.016306,-3.028977],[-60.015671,-3.028437],[-60.015109,-3.029059],[-60.013185,-3.027248],[-60.01258,-3.026211],[-60.012425,-3.026323],[-60.011593,-3.025496],[-60.011292,-3.024874],[-60.00925,-3.024896],[-60.009146,-3.025489],[-60.005022,-3.025603],[-60.005076,-3.027883],[-60.004322,-3.028153]]]}},{"type":"Feature","properties":{"id":"1130260300124","name":"Parque Dez de Novembro","city":"1302603","ivs":0.222,"idhm":0.855,"income":1747.41,"cnes":26},"geometry":{"type":"Polygon","coordinates":[[[-59.985163,-3.074381],[-59.985332,-3.075134],[-59.986466,-3.075105],[-59.986424,-3.075964],[-59.987235,-3.076179],[-59.987345,-3.07659],[-59.988071,-3.076677],[-59.988226,-3.076506],[-59.988569,-3.076933],[-59.98985,-3.077394],[-59.990341,-3.077902],[-59.99181,-3.077538],[-59.992386,-3.078604],[-59.993025,-3.078995],[-59.99513,-3.078881],[-59.997087,-3.080454],[-59.998312,-3.080989],[-59.998587,-3.081486],[-59.99952,-3.081769],[-60.000566,-3.082578],[-60.001869,-3.082587],[-60.003598,-3.081827],[-60.00391,-3.082315],[-60.006361,-3.082304],[-60.006322,-3.083148],[-60.008034,-3.083412],[-60.008303,-3.08243],[-60.009081,-3.081818],[-60.009843,-3.081748],[-60.010007,-3.080761],[-60.010996,-3.081135],[-60.011033,-3.080752],[-60.013547,-3.081174],[-60.01333,-3.080839],[-60.015708,-3.081092],[-60.015377,-3.080551],[-60.016465,-3.080027],[-60.0166,-3.080341],[-60.017105,-3.080165],[-60.016689,-3.07915],[-60.013994,-3.077479],[-60.013135,-3.076307],[-60.011729,-3.075173],[-60.011272,-3.074407],[-60.008841,-3.074983],[-60.008373,-3.073094],[-60.007174,-3.072547],[-60.006789,-3.070916],[-60.004691,-3.068409],[-60.005736,-3.068104],[-60.004761,-3.064516],[-60.004791,-3.063186],[-59.999009,-3.06316],[-59.998981,-3.065263],[-59.99939,-3.065269],[-59.998561,-3.06727],[-59.999039,-3.067747],[-59.998477,-3.06841],[-59.999553,-3.07071],[-60.000201,-3.071667],[-60.001524,-3.070264],[-60.003187,-3.071909],[-60.000314,-3.074921],[-59.999612,-3.073588],[-59.999387,-3.071031],[-59.998756,-3.069294],[-59.998236,-3.068452],[-59.99745,-3.067884],[-59.996554,-3.066695],[-59.996351,-3.066752],[-59.996164,-3.063659],[-59.997241,-3.063551],[-59.997261,-3.063116],[-59.989323,-3.063048],[-59.988746,-3.063409],[-59.988857,-3.063751],[-59.98829,-3.063985],[-59.987007,-3.065544],[-59.987155,-3.066691],[-59.986919,-3.067893],[-59.987291,-3.069072],[-59.986622,-3.07077],[-59.986006,-3.071029],[-59.985827,-3.073709],[-59.985163,-3.074381]],[[-60.001641,-3.07778],[-60.00251,-3.077498],[-60.002386,-3.077078],[-60.003793,-3.076636],[-60.003463,-3.075339],[-60.007547,-3.074232],[-60.007855,-3.075213],[-60.008841,-3.074983],[-60.009519,-3.077777],[-60.008448,-3.07767],[-60.006381,-3.078208],[-60.003131,-3.079587],[-60.002821,-3.07854],[-60.002163,-3.078786],[-60.001641,-3.07778]],[[-59.993374,-3.076503],[-59.993253,-3.07303],[-59.996419,-3.072944],[-59.996775,-3.073171],[-59.996972,-3.076403],[-59.993374,-3.076503]]]}},{"type":"Feature","properties":{"id":"1130260300125","name":"Japiim / Petrópolis / São Francisco / Raiz ( Conjunto Vale do Amanhecer / Conjunto Jardim Petropolis II / Conjunto Japiinlândia / Conjunto Costa e Silva / Parque Residencial Emanuelle / Residencial Petrópolis )","city":"1302603","ivs":0.307,"idhm":0.76,"income":682.02,"cnes":35},"geometry":{"type":"Polygon","coordinates":[[[-59.980016,-3.108325],[-59.981059,-3.111342],[-59.982425,-3.110898],[-59.982291,-3.110544],[-59.983651,-3.110074],[-59.98329,-3.110619],[-59.983875,-3.11251],[-59.985291,-3.11197],[-59.986224,-3.113031],[-59.98677,-3.113321],[-59.987294,-3.115428],[-59.987278,-3.112658],[-59.987534,-3.111348],[-59.98852,-3.111875],[-59.987443,-3.115534],[-59.98829,-3.116229],[-59.987715,-3.117156],[-59.98802,-3.117433],[-59.985164,-3.122053],[-59.985676,-3.122806],[-59.98719,-3.123821],[-59.986995,-3.124742],[-59.988595,-3.125927],[-59.989066,-3.124981],[-59.991082,-3.125436],[-59.992762,-3.125406],[-59.992766,-3.127007],[-59.99303,-3.127002],[-59.992973,-3.126397],[-59.993596,-3.126319],[-59.993821,-3.127731],[-59.994269,-3.127681],[-59.994353,-3.128555],[-59.994825,-3.129157],[-59.994308,-3.129345],[-59.994942,-3.130235],[-59.996124,-3.130688],[-59.99632,-3.129854],[-59.997993,-3.130486],[-59.998258,-3.13108],[-60.000075,-3.131115],[-60.000389,-3.128368],[-60.000282,-3.126359],[-59.999174,-3.12517],[-60.000595,-3.124838],[-60.000235,-3.123815],[-60.000036,-3.121941],[-60.00033,-3.12016],[-60.00071,-3.119587],[-60.001901,-3.120154],[-60.005818,-3.12009],[-60.00596,-3.118051],[-60.006315,-3.117305],[-60.007225,-3.11643],[-60.006956,-3.115614],[-60.006321,-3.115961],[-60.005584,-3.115656],[-60.004779,-3.11382],[-60.006729,-3.112517],[-60.005949,-3.111262],[-60.008435,-3.109616],[-60.007537,-3.108291],[-60.003869,-3.107886],[-60.00394,-3.10927],[-60.003757,-3.109728],[-60.003964,-3.110008],[-60.00177,-3.111371],[-60.001246,-3.112291],[-60.000689,-3.112062],[-60.000576,-3.111308],[-59.999777,-3.112048],[-59.996608,-3.110187],[-59.99596,-3.110744],[-59.994127,-3.108396],[-59.994845,-3.107945],[-59.9949,-3.107546],[-59.99199,-3.107065],[-59.992081,-3.106431],[-59.991619,-3.105406],[-59.992569,-3.105762],[-59.993342,-3.105421],[-59.992323,-3.104698],[-59.994196,-3.102828],[-59.995409,-3.102217],[-59.995501,-3.101735],[-59.996438,-3.100928],[-59.995605,-3.099782],[-59.99437,-3.09897],[-59.993208,-3.098331],[-59.992496,-3.0989],[-59.991979,-3.098101],[-59.991697,-3.098021],[-59.990741,-3.097982],[-59.989914,-3.098299],[-59.989856,-3.099569],[-59.990762,-3.101005],[-59.990233,-3.10499],[-59.988219,-3.104907],[-59.989057,-3.098853],[-59.987369,-3.098393],[-59.989922,-3.094536],[-59.989123,-3.092611],[-59.988506,-3.092321],[-59.987945,-3.092825],[-59.988246,-3.093481],[-59.986988,-3.094054],[-59.985431,-3.095827],[-59.980056,-3.107646],[-59.980016,-3.108325]],[[-59.997287,-3.127904],[-59.997442,-3.125217],[-59.998545,-3.125167],[-59.99891,-3.126726],[-59.998393,-3.126767],[-59.998405,-3.127878],[-59.997287,-3.127904]],[[-59.99039,-3.120563],[-59.990433,-3.119672],[-59.991295,-3.119802],[-59.991249,-3.120547],[-59.991791,-3.121494],[-59.991844,-3.122178],[-59.990819,-3.12214],[-59.990691,-3.123389],[-59.990435,-3.123567],[-59.990774,-3.120819],[-59.990766,-3.12055],[-59.99039,-3.120563]]]}},{"type":"Feature","properties":{"id":"1130260300126","name":"Raiz","city":"1302603","ivs":0.647,"idhm":0.576,"income":289.07,"cnes":0},"geometry":{"type":"Polygon","coordinates":[[[-59.996124,-3.130688],[-59.998678,-3.13192],[-59.999494,-3.131916],[-60.000645,-3.133164],[-60.000629,-3.132286],[-59.999832,-3.131903],[-60.000075,-3.131115],[-59.998258,-3.13108],[-59.997993,-3.130486],[-59.9962,-3.129841],[-59.996124,-3.130688]]]}},{"type":"Feature","properties":{"id":"1130260300127","name":"Aleixo ( Conjunto Jardim Paulista / Conjunto Huascar Angelim )","city":"1302603","ivs":0.26,"idhm":0.86,"income":1348.92,"cnes":8},"geometry":{"type":"Polygon","coordinates":[[[-59.994559,-3.098677],[-59.998101,-3.099441],[-59.997838,-3.103131],[-60.000042,-3.104722],[-60.000704,-3.104869],[-60.004429,-3.104497],[-60.003958,-3.100937],[-60.002428,-3.101098],[-60.001216,-3.100888],[-60.001393,-3.099979],[-60.000286,-3.099912],[-60.000378,-3.099482],[-60.00461,-3.099191],[-60.003309,-3.097655],[-60.002819,-3.097611],[-60.002409,-3.097234],[-60.001679,-3.097331],[-60.000665,-3.09867],[-60.00036,-3.098473],[-59.99935,-3.098485],[-59.997034,-3.096895],[-59.996321,-3.097703],[-59.9953,-3.09775],[-59.994559,-3.098677]]]}},{"type":"Feature","properties":{"id":"1130260300128","name":"Praça 14 de Janeiro","city":"1302603","ivs":0.252,"idhm":0.822,"income":1248.67,"cnes":23},"geometry":{"type":"Polygon","coordinates":[[[-60.011032,-3.127001],[-60.011147,-3.128231],[-60.016795,-3.128189],[-60.016656,-3.115776],[-60.014315,-3.115775],[-60.014296,-3.121675],[-60.015204,-3.121675],[-60.015228,-3.123198],[-60.013219,-3.123227],[-60.01332,-3.126214],[-60.011875,-3.126199],[-60.011909,-3.126801],[-60.011032,-3.127001]]]}},{"type":"Feature","properties":{"id":"1130260300129","name":"Presidente Vargas ( Bariri )","city":"1302603","ivs":0.33,"idhm":0.812,"income":1025.01,"cnes":8},"geometry":{"type":"Polygon","coordinates":[[[-60.026576,-3.121052],[-60.032101,-3.12103],[-60.033254,-3.120335],[-60.03352,-3.119762],[-60.03387,-3.11693],[-60.0338,-3.116029],[-60.03331,-3.1148],[-60.026663,-3.115871],[-60.026576,-3.121052]]]}},{"type":"Feature","properties":{"id":"1130260300130","name":"Vila Humaitá ( Marinha ) / Vila Rio Negro / Vila Buriti","city":"1302603","ivs":0.327,"idhm":0.812,"income":1025.01,"cnes":1},"geometry":{"type":"Polygon","coordinates":[[[-59.938642,-3.135667],[-59.939588,-3.13582],[-59.940309,-3.136457],[-59.940871,-3.138983],[-59.941347,-3.139646],[-59.94411,-3.141295],[-59.945306,-3.141751],[-59.94577,-3.142589],[-59.946979,-3.143692],[-59.949154,-3.146464],[-59.949691,-3.146683],[-59.951731,-3.148732],[-59.952354,-3.149076],[-59.956031,-3.149707],[-59.957057,-3.148289],[-59.95692,-3.147775],[-59.956611,-3.147736],[-59.957024,-3.147128],[-59.95703,-3.146681],[-59.956127,-3.143989],[-59.955829,-3.140532],[-59.954915,-3.137688],[-59.955554,-3.137931],[-59.955609,-3.138782],[-59.956176,-3.140098],[-59.956297,-3.142751],[-59.956837,-3.145039],[-59.9573,-3.145813],[-59.958048,-3.145724],[-59.957702,-3.14662],[-59.957801,-3.14798],[-59.957498,-3.149632],[-59.958445,-3.150315],[-59.959023,-3.150437],[-59.959634,-3.1502],[-59.959689,-3.149504],[-59.958946,-3.148879],[-59.958951,-3.148625],[-59.959045,-3.148095],[-59.960312,-3.145989],[-59.960003,-3.146779],[-59.960438,-3.147288],[-59.962597,-3.147271],[-59.963235,-3.14695],[-59.962999,-3.143899],[-59.962586,-3.143236],[-59.962734,-3.143076],[-59.963169,-3.14338],[-59.963511,-3.143325],[-59.963654,-3.14197],[-59.963946,-3.142717],[-59.964761,-3.142827],[-59.963797,-3.143325],[-59.963456,-3.143955],[-59.964133,-3.145862],[-59.964513,-3.145801],[-59.966033,-3.144668],[-59.966605,-3.144618],[-59.965911,-3.145508],[-59.965052,-3.145911],[-59.964282,-3.146879],[-59.964039,-3.147807],[-59.963379,-3.14805],[-59.96356,-3.148301],[-59.965333,-3.149219],[-59.968791,-3.15049],[-59.971633,-3.152358],[-59.974364,-3.154901],[-59.974843,-3.154763],[-59.975584,-3.154996],[-59.974702,-3.151802],[-59.974409,-3.149804],[-59.974763,-3.148685],[-59.974196,-3.147166],[-59.974675,-3.145376],[-59.97441,-3.144571],[-59.974313,-3.137483],[-59.974826,-3.136044],[-59.97282,-3.135444],[-59.971262,-3.135444],[-59.969443,-3.136153],[-59.965093,-3.138671],[-59.954606,-3.137048],[-59.948877,-3.134188],[-59.948159,-3.132612],[-59.94674,-3.131256],[-59.947093,-3.129918],[-59.941326,-3.133493],[-59.938642,-3.135667]]]}},{"type":"Feature","properties":{"id":"1130260300131","name":"Da Paz / Redenção","city":"1302603","ivs":0.343,"idhm":0.711,"income":519.03,"cnes":13},"geometry":{"type":"Polygon","coordinates":[[[-60.025149,-3.058541],[-60.025197,-3.065454],[-60.026201,-3.065481],[-60.027917,-3.062844],[-60.029272,-3.062539],[-60.029207,-3.066243],[-60.035415,-3.065322],[-60.035196,-3.063637],[-60.036572,-3.063473],[-60.036717,-3.062825],[-60.037927,-3.062767],[-60.037819,-3.062204],[-60.038518,-3.061989],[-60.038972,-3.061999],[-60.039266,-3.062742],[-60.040797,-3.062284],[-60.040498,-3.061038],[-60.041362,-3.060718],[-60.041841,-3.06219],[-60.042001,-3.0619],[-60.042705,-3.061671],[-60.042623,-3.061385],[-60.044215,-3.060601],[-60.045593,-3.060708],[-60.046266,-3.061855],[-60.046975,-3.060823],[-60.048637,-3.059781],[-60.050556,-3.059158],[-60.051988,-3.059148],[-60.052794,-3.058505],[-60.054122,-3.055289],[-60.055044,-3.054944],[-60.053993,-3.053348],[-60.050717,-3.052703],[-60.049308,-3.047739],[-60.041077,-3.046682],[-60.041053,-3.047698],[-60.046254,-3.048306],[-60.046506,-3.05102],[-60.045967,-3.051442],[-60.045712,-3.050175],[-60.045269,-3.049602],[-60.0434,-3.051104],[-60.043556,-3.052226],[-60.042286,-3.052447],[-60.042297,-3.052819],[-60.041711,-3.052675],[-60.041904,-3.053792],[-60.040793,-3.054098],[-60.040235,-3.05344],[-60.039926,-3.051369],[-60.038987,-3.051239],[-60.03882,-3.052527],[-60.0364,-3.052142],[-60.035335,-3.053],[-60.035143,-3.053725],[-60.034504,-3.05366],[-60.034384,-3.056571],[-60.032789,-3.056457],[-60.03351,-3.05731],[-60.032242,-3.057357],[-60.032202,-3.057012],[-60.030362,-3.056957],[-60.030447,-3.056474],[-60.030819,-3.056475],[-60.030844,-3.053407],[-60.028846,-3.053359],[-60.02889,-3.058638],[-60.025149,-3.058541]]]}},{"type":"Feature","properties":{"id":"1130260300132","name":"Da Paz / Alvorada ( Residencial Guaianás / Conjunto Canaã / Condomínio Ouro Verde / Conjunto de Flores I )","city":"1302603","ivs":0.207,"idhm":0.874,"income":1953.17,"cnes":2},"geometry":{"type":"Polygon","coordinates":[[[-60.025197,-3.065454],[-60.025152,-3.068171],[-60.025907,-3.069269],[-60.026687,-3.06984],[-60.029482,-3.073771],[-60.035292,-3.073744],[-60.035258,-3.06534],[-60.029207,-3.066243],[-60.029272,-3.062539],[-60.02852,-3.06261],[-60.027702,-3.063094],[-60.026201,-3.065481],[-60.025197,-3.065454]]]}},{"type":"Feature","properties":{"id":"1130260300133","name":"Chapada / Dom Pedro I ( Residencial Solar dos Franceses / Residencial Parque dos Franceses / Conjunto Tocantins / Conjunto Bosque dos Ingleses / Residencial Renaissance / Kissia II / Parque Aripuanã / Condomínio Vila do Sol Maior / Condomínio B","city":"1302603","ivs":0.184,"idhm":0.921,"income":2820.86,"cnes":128},"geometry":{"type":"Polygon","coordinates":[[[-60.024048,-3.101307],[-60.024708,-3.10176],[-60.026559,-3.102106],[-60.026563,-3.103348],[-60.028626,-3.103414],[-60.028737,-3.103075],[-60.029924,-3.102444],[-60.030348,-3.101279],[-60.03083,-3.10088],[-60.033085,-3.100792],[-60.034533,-3.100463],[-60.035625,-3.09933],[-60.036909,-3.098891],[-60.038101,-3.097429],[-60.039303,-3.097603],[-60.042533,-3.096312],[-60.041944,-3.094796],[-60.041323,-3.09424],[-60.038204,-3.092504],[-60.036679,-3.092013],[-60.036761,-3.091536],[-60.037842,-3.090961],[-60.038949,-3.089199],[-60.037585,-3.088997],[-60.037127,-3.088698],[-60.035562,-3.089115],[-60.033359,-3.08914],[-60.030075,-3.088449],[-60.030106,-3.088082],[-60.026491,-3.08809],[-60.026502,-3.093282],[-60.024052,-3.093173],[-60.024048,-3.101307]]]}},{"type":"Feature","properties":{"id":"1130260300134","name":"Parque Dez de Novembro ( Residencial Vila da Barra / Conjunto Murici / Residencial Maron / Condomínio Giardino di Milano / Conjunto Tropical / Conjunto Belo Horizonte / Conjunto Castelo Branco )","city":"1302603","ivs":0.082,"idhm":0.93,"income":7893.75,"cnes":70},"geometry":{"type":"Polygon","coordinates":[[[-60.008034,-3.083412],[-60.00986,-3.085118],[-60.010332,-3.082574],[-60.0137,-3.083135],[-60.018318,-3.087921],[-60.020101,-3.086038],[-60.021578,-3.086806],[-60.024261,-3.087176],[-60.024394,-3.080984],[-60.023185,-3.082935],[-60.0202,-3.08051],[-60.017822,-3.079982],[-60.017046,-3.079582],[-60.016888,-3.07962],[-60.017105,-3.080165],[-60.0166,-3.080341],[-60.016465,-3.080027],[-60.015377,-3.080551],[-60.015708,-3.081092],[-60.01333,-3.080839],[-60.013547,-3.081174],[-60.011033,-3.080752],[-60.010996,-3.081135],[-60.010007,-3.080761],[-60.009843,-3.081748],[-60.009081,-3.081818],[-60.008303,-3.08243],[-60.008034,-3.083412]]]}},{"type":"Feature","properties":{"id":"1130260300135","name":"Residencial Ibiza / Residencial Parque dos Rios / Residencial Mundi Resort / Condomínio Maison Ephigênio Sales / Conjunto Jardim Espanha III / Parque Residencial Monte Libano","city":"1302603","ivs":0.183,"idhm":0.921,"income":2820.86,"cnes":4},"geometry":{"type":"Polygon","coordinates":[[[-59.995016,-3.089317],[-59.997298,-3.092753],[-59.998719,-3.091532],[-60.00108,-3.090147],[-60.000054,-3.088076],[-60.00205,-3.087538],[-60.003801,-3.085816],[-60.002634,-3.084742],[-60.0019,-3.084348],[-60.00118,-3.084323],[-59.999351,-3.085594],[-59.995016,-3.089317]]]}},{"type":"Feature","properties":{"id":"1130260300136","name":"Redenção / Da Paz ( Residencial Jardim Hiléia / Hiléia / Conjunto Parque Eduardo Gomes / Conjunto Santos Dumont )","city":"1302603","ivs":0.26,"idhm":0.86,"income":1348.92,"cnes":12},"geometry":{"type":"Polygon","coordinates":[[[-60.024992,-3.047701],[-60.025335,-3.054924],[-60.025149,-3.058541],[-60.025459,-3.058619],[-60.02889,-3.058638],[-60.028846,-3.053359],[-60.030844,-3.053407],[-60.030819,-3.056475],[-60.030447,-3.056474],[-60.030362,-3.056957],[-60.032202,-3.057012],[-60.032242,-3.057357],[-60.03351,-3.05731],[-60.032789,-3.056457],[-60.032793,-3.052308],[-60.032859,-3.051906],[-60.033901,-3.050885],[-60.034705,-3.050706],[-60.036809,-3.050976],[-60.036638,-3.052252],[-60.03882,-3.052527],[-60.038987,-3.051239],[-60.039926,-3.051369],[-60.040235,-3.05344],[-60.040793,-3.054098],[-60.041904,-3.053792],[-60.041711,-3.052675],[-60.042297,-3.052819],[-60.042286,-3.052447],[-60.043556,-3.052226],[-60.0434,-3.051104],[-60.045269,-3.049602],[-60.045712,-3.050175],[-60.045967,-3.051442],[-60.046506,-3.05102],[-60.046254,-3.048306],[-60.041053,-3.047698],[-60.041077,-3.046682],[-60.033806,-3.045757],[-60.034197,-3.04697],[-60.03361,-3.047051],[-60.033765,-3.048107],[-60.032976,-3.048067],[-60.033042,-3.04868],[-60.027861,-3.048178],[-60.027627,-3.047497],[-60.025222,-3.047239],[-60.024992,-3.047701]]]}},{"type":"Feature","properties":{"id":"1130260300137","name":"Petrópolis ( Conjunto Jardim Petrópolis / Condomínio Vale do Sol )","city":"1302603","ivs":0.222,"idhm":0.855,"income":1747.41,"cnes":1},"geometry":{"type":"Polygon","coordinates":[[[-59.987369,-3.098393],[-59.989057,-3.098853],[-59.988219,-3.104907],[-59.990233,-3.10499],[-59.990762,-3.101005],[-59.989856,-3.099569],[-59.989914,-3.098299],[-59.990741,-3.097982],[-59.991697,-3.098021],[-59.991979,-3.098101],[-59.992496,-3.0989],[-59.993208,-3.098331],[-59.989922,-3.094536],[-59.987369,-3.098393]]]}},{"type":"Feature","properties":{"id":"1130260300138","name":"Residencial Boa Vista","city":"1302603","ivs":0.082,"idhm":0.93,"income":7893.75,"cnes":0},"geometry":{"type":"Polygon","coordinates":[[[-60.069091,-3.089524],[-60.069995,-3.089679],[-60.070059,-3.089136],[-60.069165,-3.089008],[-60.069091,-3.089524]]]}},{"type":"Feature","properties":{"id":"1130260300139","name":"Residencial Eldorado Park","city":"1302603","ivs":0.082,"idhm":0.93,"income":7893.75,"cnes":0},"geometry":{"type":"Polygon","coordinates":[[[-60.020405,-3.091299],[-60.022917,-3.092342],[-60.023169,-3.091389],[-60.020771,-3.09065],[-60.020405,-3.091299]]]}},{"type":"Feature","properties":{"id":"1130260300140","name":"Residencial Manoa","city":"1302603","ivs":0.259,"idhm":0.86,"income":1348.92,"cnes":2},"geometry":{"type":"Polygon","coordinates":[[[-59.992723,-3.021583],[-59.993239,-3.02259],[-59.993076,-3.022787],[-59.993261,-3.023329],[-59.992726,-3.02381],[-59.992877,-3.024493],[-59.993187,-3.024788],[-59.99391,-3.024976],[-59.994312,-3.025384],[-59.996226,-3.023686],[-59.996759,-3.024297],[-59.997033,-3.024314],[-59.996988,-3.025455],[-59.99863,-3.02601],[-60.001038,-3.026292],[-60.00097,-3.022194],[-59.999709,-3.022151],[-59.999124,-3.022444],[-59.999099,-3.022778],[-59.997955,-3.022996],[-59.99742,-3.022276],[-59.996696,-3.022144],[-59.995176,-3.020507],[-59.994183,-3.021431],[-59.993538,-3.020725],[-59.992723,-3.021583]]]}},{"type":"Feature","properties":{"id":"1130260300141","name":"Residencial Paraíso Girassol / Residencial Tapajós","city":"1302603","ivs":0.184,"idhm":0.921,"income":2820.86,"cnes":1},"geometry":{"type":"Polygon","coordinates":[[[-60.017975,-3.030462],[-60.018378,-3.031991],[-60.019246,-3.033036],[-60.022362,-3.035141],[-60.024795,-3.035444],[-60.028239,-3.034084],[-60.029609,-3.033247],[-60.029427,-3.032781],[-60.029505,-3.032395],[-60.030043,-3.031892],[-60.030117,-3.030295],[-60.029479,-3.029284],[-60.02919,-3.026642],[-60.030003,-3.025123],[-60.029697,-3.024187],[-60.030038,-3.024001],[-60.030872,-3.022288],[-60.030921,-3.021583],[-60.031155,-3.021511],[-60.031367,-3.020698],[-60.032292,-3.020032],[-60.033002,-3.019106],[-60.034299,-3.01933],[-60.034839,-3.019111],[-60.036254,-3.013966],[-60.041222,-3.014423],[-60.041117,-3.013857],[-60.043279,-3.013808],[-60.043608,-3.01121],[-60.043887,-3.011134],[-60.043906,-3.009603],[-60.042685,-3.009549],[-60.042696,-3.008644],[-60.043904,-3.008689],[-60.043903,-3.008377],[-60.042461,-3.008345],[-60.042483,-3.006128],[-60.043896,-3.006109],[-60.043855,-3.002369],[-60.044157,-3.002274],[-60.043858,-3.001282],[-60.039227,-3.005417],[-60.033886,-3.007866],[-60.033145,-3.008451],[-60.032699,-3.010341],[-60.028838,-3.016793],[-60.026657,-3.019946],[-60.018377,-3.028423],[-60.017997,-3.029497],[-60.017975,-3.030462]]]}},{"type":"Feature","properties":{"id":"1130260300142","name":"Compensa ( Residencial Parque Ayapuá / Parque Residencial Aruanã / Parque Residencial Sabiá / Conjunto IPASE / Conjunto dos Sargentos / Condomínio Guararapes / Vila Militar do São Jorge )","city":"1302603","ivs":0.233,"idhm":0.882,"income":1947.97,"cnes":7},"geometry":{"type":"Polygon","coordinates":[[[-60.029735,-3.10317],[-60.031752,-3.10303],[-60.031784,-3.103797],[-60.032765,-3.10376],[-60.033474,-3.104461],[-60.033501,-3.10593],[-60.031918,-3.106198],[-60.03218,-3.106731],[-60.031805,-3.106853],[-60.03259,-3.109102],[-60.032442,-3.10996],[-60.032951,-3.109965],[-60.032736,-3.110979],[-60.033197,-3.111079],[-60.033556,-3.109568],[-60.034519,-3.109818],[-60.034926,-3.108184],[-60.034597,-3.108093],[-60.033618,-3.1068],[-60.033601,-3.106377],[-60.035101,-3.10755],[-60.035144,-3.106986],[-60.035387,-3.106906],[-60.036285,-3.107014],[-60.036487,-3.107173],[-60.036413,-3.10769],[-60.038202,-3.107518],[-60.038076,-3.108947],[-60.036252,-3.108753],[-60.036042,-3.111296],[-60.036723,-3.111388],[-60.036794,-3.110277],[-60.03982,-3.1107],[-60.040062,-3.107646],[-60.042303,-3.106353],[-60.044273,-3.104254],[-60.044437,-3.106907],[-60.046998,-3.106944],[-60.046962,-3.103529],[-60.04659,-3.103133],[-60.048037,-3.102158],[-60.0488,-3.101954],[-60.049941,-3.102506],[-60.050401,-3.103179],[-60.051114,-3.102699],[-60.050786,-3.101995],[-60.049847,-3.102068],[-60.04985,-3.099885],[-60.050841,-3.099777],[-60.050863,-3.099205],[-60.051242,-3.099124],[-60.05131,-3.098222],[-60.051575,-3.098265],[-60.051486,-3.098736],[-60.051788,-3.098743],[-60.052749,-3.097188],[-60.055649,-3.098972],[-60.056226,-3.097682],[-60.058,-3.094964],[-60.058519,-3.095293],[-60.058313,-3.095655],[-60.060156,-3.096697],[-60.061015,-3.095033],[-60.060407,-3.094285],[-60.058764,-3.093722],[-60.060673,-3.090783],[-60.062175,-3.087885],[-60.060677,-3.088883],[-60.052876,-3.091967],[-60.051816,-3.093427],[-60.048004,-3.092513],[-60.047705,-3.094081],[-60.046855,-3.095012],[-60.045755,-3.095414],[-60.04404,-3.095595],[-60.039862,-3.097449],[-60.038857,-3.097657],[-60.038101,-3.097429],[-60.036909,-3.098891],[-60.035625,-3.09933],[-60.034533,-3.100463],[-60.033085,-3.100792],[-60.03083,-3.10088],[-60.030504,-3.10106],[-60.030127,-3.101807],[-60.031279,-3.102698],[-60.030301,-3.102751],[-60.029735,-3.10317]]]}},{"type":"Feature","properties":{"id":"1130260300143","name":"Crespo / Distrito Industrial I ( Conjunto Manaus 2000 )","city":"1302603","ivs":0.44,"idhm":0.676,"income":457.36,"cnes":4},"geometry":{"type":"Polygon","coordinates":[[[-59.974099,-3.117743],[-59.976419,-3.119658],[-59.978242,-3.120335],[-59.980111,-3.121773],[-59.981159,-3.123246],[-59.981556,-3.124334],[-59.981812,-3.124188],[-59.982498,-3.125369],[-59.984522,-3.127206],[-59.98602,-3.130229],[-59.986935,-3.129394],[-59.987516,-3.129722],[-59.987946,-3.129561],[-59.987652,-3.128906],[-59.98936,-3.12796],[-59.990608,-3.12818],[-59.990548,-3.128867],[-59.992132,-3.128834],[-59.99226,-3.128528],[-59.993541,-3.129625],[-59.994309,-3.129346],[-59.992764,-3.128181],[-59.989403,-3.127091],[-59.974532,-3.116913],[-59.974099,-3.117743]]]}},{"type":"Feature","properties":{"id":"1130260300144","name":"Morro da Liberdade / Santa Luzia / São Lázaro","city":"1302603","ivs":0.328,"idhm":0.766,"income":719.42,"cnes":3},"geometry":{"type":"Polygon","coordinates":[[[-59.995997,-3.143481],[-59.998296,-3.144191],[-59.998414,-3.143981],[-59.999798,-3.145752],[-60.004882,-3.142116],[-60.007254,-3.140777],[-60.008206,-3.140593],[-60.009347,-3.139822],[-60.008729,-3.137993],[-60.008328,-3.137586],[-60.009182,-3.136694],[-60.009121,-3.136264],[-60.006671,-3.136722],[-60.006213,-3.1366],[-60.005716,-3.137637],[-60.004636,-3.138917],[-60.002683,-3.139608],[-60.002605,-3.139244],[-60.002347,-3.139228],[-60.00243,-3.139667],[-60.001934,-3.139774],[-60.001725,-3.140361],[-60.000551,-3.140762],[-60.000857,-3.141138],[-59.99902,-3.142596],[-59.997751,-3.142691],[-59.997969,-3.141253],[-59.998543,-3.141221],[-59.998571,-3.140696],[-59.99642,-3.140539],[-59.996258,-3.141211],[-59.997243,-3.141527],[-59.996554,-3.14154],[-59.995997,-3.143481]]]}},{"type":"Feature","properties":{"id":"1130260300145","name":"Compensa ( Loteamento Parque Residencial Aruanã )","city":"1302603","ivs":0.329,"idhm":0.812,"income":1025.01,"cnes":0},"geometry":{"type":"Polygon","coordinates":[[[-60.051242,-3.099124],[-60.055571,-3.099342],[-60.055689,-3.09928],[-60.055649,-3.098972],[-60.052749,-3.097188],[-60.051788,-3.098743],[-60.051486,-3.098736],[-60.051575,-3.098265],[-60.05131,-3.098222],[-60.051242,-3.099124]]]}},{"type":"Feature","properties":{"id":"1130260300146","name":"Santo Antônio","city":"1302603","ivs":0.328,"idhm":0.766,"income":719.42,"cnes":8},"geometry":{"type":"Polygon","coordinates":[[[-60.037574,-3.114624],[-60.03859,-3.114749],[-60.038526,-3.115628],[-60.041601,-3.11602],[-60.041499,-3.116992],[-60.040434,-3.11683],[-60.040178,-3.118338],[-60.048409,-3.118999],[-60.049396,-3.117775],[-60.049348,-3.116135],[-60.049893,-3.115265],[-60.051403,-3.114696],[-60.052153,-3.114752],[-60.052447,-3.11438],[-60.051732,-3.111893],[-60.050713,-3.11224],[-60.050125,-3.112069],[-60.050677,-3.114657],[-60.047599,-3.114499],[-60.047789,-3.111985],[-60.046781,-3.111931],[-60.046798,-3.111719],[-60.040698,-3.1143],[-60.037678,-3.113939],[-60.037574,-3.114624]]]}},{"type":"Feature","properties":{"id":"1130260300147","name":"Mauazinho ( Conjunto Santa Maria )","city":"1302603","ivs":0.317,"idhm":0.787,"income":822.06,"cnes":0},"geometry":{"type":"Polygon","coordinates":[[[-59.915446,-3.09892],[-59.916133,-3.099217],[-59.916732,-3.10021],[-59.918418,-3.10189],[-59.918577,-3.102565],[-59.917489,-3.104882],[-59.917343,-3.10628],[-59.91744,-3.106832],[-59.918491,-3.107543],[-59.919248,-3.109567],[-59.920446,-3.110401],[-59.921533,-3.111553],[-59.923039,-3.112133],[-59.924575,-3.112174],[-59.925127,-3.112691],[-59.927849,-3.113966],[-59.92778,-3.116275],[-59.927333,-3.11698],[-59.928963,-3.116841],[-59.931021,-3.11711],[-59.931122,-3.117957],[-59.934023,-3.118026],[-59.934658,-3.116002],[-59.93463,-3.115241],[-59.933243,-3.115041],[-59.93358,-3.113519],[-59.933315,-3.110975],[-59.934989,-3.109455],[-59.935954,-3.108032],[-59.936308,-3.107026],[-59.936189,-3.103387],[-59.93249,-3.103184],[-59.92654,-3.101487],[-59.922616,-3.098046],[-59.921749,-3.0984],[-59.918409,-3.097887],[-59.915703,-3.098618],[-59.915446,-3.09892]]]}},{"type":"Feature","properties":{"id":"1130260300148","name":"São Geraldo","city":"1302603","ivs":0.253,"idhm":0.822,"income":1248.67,"cnes":129},"geometry":{"type":"Polygon","coordinates":[[[-60.023547,-3.115848],[-60.026663,-3.115871],[-60.026591,-3.112152],[-60.03037,-3.112485],[-60.030774,-3.112339],[-60.030213,-3.111677],[-60.030712,-3.111033],[-60.030778,-3.110632],[-60.030515,-3.110165],[-60.030028,-3.109791],[-60.029016,-3.109554],[-60.028602,-3.108713],[-60.028731,-3.108404],[-60.027828,-3.108016],[-60.027544,-3.107533],[-60.027406,-3.106967],[-60.028182,-3.106211],[-60.028678,-3.106336],[-60.028286,-3.103832],[-60.028464,-3.103409],[-60.026563,-3.103348],[-60.026559,-3.102106],[-60.024708,-3.10176],[-60.024048,-3.101307],[-60.023547,-3.115848]]]}},{"type":"Feature","properties":{"id":"1130260300149","name":"São Jorge / Vila da Prata ( Conjunto Jardim dos Barés / Conjunto Vitória Régia )","city":"1302603","ivs":0.332,"idhm":0.753,"income":714.39,"cnes":14},"geometry":{"type":"Polygon","coordinates":[[[-60.028599,-3.108624],[-60.029016,-3.109554],[-60.030028,-3.109791],[-60.030778,-3.110632],[-60.030646,-3.111184],[-60.030285,-3.111388],[-60.030298,-3.111881],[-60.031761,-3.11313],[-60.032035,-3.113967],[-60.033125,-3.114162],[-60.03331,-3.1148],[-60.034908,-3.114531],[-60.035604,-3.114067],[-60.036606,-3.113837],[-60.040698,-3.1143],[-60.050672,-3.110161],[-60.049804,-3.108732],[-60.049338,-3.106388],[-60.04959,-3.105326],[-60.050371,-3.104053],[-60.050401,-3.103179],[-60.049941,-3.102506],[-60.0488,-3.101954],[-60.048037,-3.102158],[-60.04659,-3.103133],[-60.046962,-3.103529],[-60.046998,-3.106944],[-60.044437,-3.106907],[-60.044273,-3.104254],[-60.042303,-3.106353],[-60.040062,-3.107646],[-60.03982,-3.1107],[-60.036794,-3.110277],[-60.036723,-3.111388],[-60.036042,-3.111296],[-60.036252,-3.108753],[-60.038076,-3.108947],[-60.038202,-3.107518],[-60.036413,-3.10769],[-60.036487,-3.107173],[-60.036285,-3.107014],[-60.035387,-3.106906],[-60.035144,-3.106986],[-60.035101,-3.10755],[-60.033601,-3.106377],[-60.033618,-3.1068],[-60.034597,-3.108093],[-60.034926,-3.108184],[-60.034519,-3.109818],[-60.033556,-3.109568],[-60.033197,-3.111079],[-60.032736,-3.110979],[-60.032951,-3.109965],[-60.032442,-3.10996],[-60.03259,-3.109102],[-60.031805,-3.106853],[-60.03218,-3.106731],[-60.031918,-3.106198],[-60.033501,-3.10593],[-60.033474,-3.104461],[-60.032765,-3.10376],[-60.031784,-3.103797],[-60.031752,-3.10303],[-60.029735,-3.10317],[-60.029574,-3.10382],[-60.030094,-3.105736],[-60.029609,-3.106505],[-60.030303,-3.106686],[-60.028985,-3.106742],[-60.029135,-3.107923],[-60.028599,-3.108624]]]}},{"type":"Feature","properties":{"id":"1130260300150","name":"São José Operário","city":"1302603","ivs":0.415,"idhm":0.686,"income":418.33,"cnes":31},"geometry":{"type":"Polygon","coordinates":[[[-59.938534,-3.07052],[-59.939198,-3.070975],[-59.940615,-3.069847],[-59.941288,-3.069698],[-59.943029,-3.07015],[-59.945902,-3.071561],[-59.95168,-3.075564],[-59.955547,-3.075535],[-59.958714,-3.076372],[-59.959498,-3.07621],[-59.960322,-3.07546],[-59.962024,-3.074828],[-59.958138,-3.070624],[-59.957227,-3.071064],[-59.956058,-3.068363],[-59.957559,-3.06629],[-59.957144,-3.065939],[-59.959032,-3.063072],[-59.958654,-3.062787],[-59.959719,-3.061283],[-59.960223,-3.061229],[-59.95703,-3.057107],[-59.954849,-3.055121],[-59.953344,-3.054494],[-59.951206,-3.056076],[-59.945635,-3.058206],[-59.944767,-3.058928],[-59.945173,-3.0593],[-59.943969,-3.060047],[-59.943803,-3.059726],[-59.941983,-3.061535],[-59.940995,-3.062005],[-59.941473,-3.062754],[-59.939443,-3.064117],[-59.939721,-3.064998],[-59.939224,-3.065034],[-59.939094,-3.065921],[-59.939236,-3.070367],[-59.938534,-3.07052]]]}},{"type":"Feature","properties":{"id":"1130260300151","name":"São Raimundo","city":"1302603","ivs":0.43,"idhm":0.65,"income":397.85,"cnes":1},"geometry":{"type":"Polygon","coordinates":[[[-60.034864,-3.129024],[-60.035062,-3.130778],[-60.03856,-3.130733],[-60.039676,-3.129883],[-60.0396,-3.129045],[-60.039136,-3.129199],[-60.039034,-3.129546],[-60.037957,-3.129636],[-60.037102,-3.129095],[-60.036664,-3.128478],[-60.034864,-3.129024]]]}},{"type":"Feature","properties":{"id":"1130260300152","name":"Tarumã","city":"1302603","ivs":0.517,"idhm":0.648,"income":415.87,"cnes":17},"geometry":{"type":"Polygon","coordinates":[[[-60.022362,-3.035141],[-60.02342,-3.03561],[-60.024592,-3.037484],[-60.025252,-3.040143],[-60.024957,-3.044626],[-60.049308,-3.047739],[-60.050717,-3.052703],[-60.053993,-3.053348],[-60.055044,-3.054944],[-60.056073,-3.054373],[-60.05794,-3.054117],[-60.058535,-3.053784],[-60.05941,-3.054038],[-60.062889,-3.053351],[-60.068976,-3.05009],[-60.070761,-3.059666],[-60.075661,-3.061376],[-60.075986,-3.061036],[-60.077605,-3.060398],[-60.078046,-3.060652],[-60.0793,-3.060271],[-60.081377,-3.058678],[-60.083032,-3.056308],[-60.081152,-3.055132],[-60.080371,-3.053723],[-60.078376,-3.051724],[-60.075611,-3.048319],[-60.074763,-3.046857],[-60.073831,-3.0444],[-60.068525,-3.03817],[-60.068031,-3.037207],[-60.068499,-3.034322],[-60.067914,-3.032314],[-60.06676,-3.030061],[-60.068322,-3.028909],[-60.069267,-3.027497],[-60.071008,-3.025806],[-60.071422,-3.024292],[-60.071136,-3.022975],[-60.071304,-3.022411],[-60.07278,-3.021468],[-60.076345,-3.015741],[-60.076529,-3.015782],[-60.076446,-3.016853],[-60.080642,-3.01746],[-60.081368,-3.015088],[-60.081159,-3.01448],[-60.083082,-3.008081],[-60.082559,-3.007354],[-60.084303,-3.004622],[-60.08532,-3.004273],[-60.087718,-3.004725],[-60.087442,-3.002965],[-60.08689,-3.001803],[-60.086018,-3.001338],[-60.086105,-3.000495],[-60.085844,-3.000117],[-60.084652,-3.000117],[-60.08317,-2.99939],[-60.082007,-2.999535],[-60.081193,-2.998983],[-60.077967,-2.999797],[-60.077182,-2.999768],[-60.075816,-2.998547],[-60.075816,-2.997588],[-60.075002,-2.996891],[-60.072648,-2.997356],[-60.071477,-2.997832],[-60.069928,-2.999198],[-60.068297,-2.999076],[-60.066967,-2.99796],[-60.063042,-2.996043],[-60.063241,-2.995402],[-60.063051,-2.994894],[-60.062207,-2.994558],[-60.061998,-2.994041],[-60.062225,-2.993387],[-60.062769,-2.993061],[-60.06301,-2.99196],[-60.062653,-2.991558],[-60.061524,-2.991192],[-60.060982,-2.989775],[-60.060391,-2.989291],[-60.060102,-2.988511],[-60.059667,-2.988575],[-60.059366,-2.98959],[-60.058824,-2.989502],[-60.0585,-2.988909],[-60.057046,-2.987617],[-60.057143,-2.986899],[-60.056745,-2.986459],[-60.055638,-2.985621],[-60.055235,-2.986135],[-60.055036,-2.985755],[-60.054091,-2.985718],[-60.052947,-2.984811],[-60.051591,-2.984144],[-60.051547,-2.983087],[-60.050974,-2.983568],[-60.050664,-2.983037],[-60.050337,-2.98294],[-60.042549,-2.984053],[-60.04211,-2.984381],[-60.040545,-2.987223],[-60.039759,-2.987958],[-60.033791,-2.990201],[-60.030728,-2.993141],[-60.030474,-2.993623],[-60.031274,-2.995301],[-60.031498,-3.000164],[-60.033145,-3.008451],[-60.033886,-3.007866],[-60.039227,-3.005417],[-60.043858,-3.001282],[-60.044157,-3.002274],[-60.043855,-3.002369],[-60.043896,-3.006109],[-60.042483,-3.006128],[-60.042461,-3.008345],[-60.043903,-3.008377],[-60.043904,-3.008689],[-60.042696,-3.008644],[-60.042685,-3.009549],[-60.043906,-3.009603],[-60.043887,-3.011134],[-60.043608,-3.01121],[-60.043279,-3.013808],[-60.041117,-3.013857],[-60.041222,-3.014423],[-60.036254,-3.013966],[-60.034839,-3.019111],[-60.034299,-3.01933],[-60.033002,-3.019106],[-60.032292,-3.020032],[-60.031367,-3.020698],[-60.031155,-3.021511],[-60.030921,-3.021583],[-60.030872,-3.022288],[-60.030038,-3.024001],[-60.029697,-3.024187],[-60.030003,-3.025123],[-60.02919,-3.026795],[-60.029521,-3.02834],[-60.029479,-3.029284],[-60.030039,-3.029931],[-60.029949,-3.031084],[-60.030158,-3.031368],[-60.030043,-3.031892],[-60.029505,-3.032395],[-60.029417,-3.032936],[-60.029609,-3.033247],[-60.028239,-3.034084],[-60.024795,-3.035444],[-60.022362,-3.035141]]]}},{"type":"Feature","properties":{"id":"1130260300153","name":"Da Paz ( Conjunto Parque Eduardo Gomes )","city":"1302603","ivs":0.382,"idhm":0.708,"income":594.09,"cnes":0},"geometry":{"type":"Polygon","coordinates":[[[-60.024957,-3.044626],[-60.024992,-3.047701],[-60.025222,-3.047239],[-60.027627,-3.047497],[-60.027861,-3.048178],[-60.031414,-3.048567],[-60.033042,-3.04868],[-60.032976,-3.048067],[-60.033765,-3.048107],[-60.03361,-3.047051],[-60.034197,-3.04697],[-60.033806,-3.045757],[-60.024957,-3.044626]]]}},{"type":"Feature","properties":{"id":"1130260300154","name":"Adrianópolis / Nossa Senhora das Graças ( Vieiralves / Amazonense / Maceió )","city":"1302603","ivs":0.083,"idhm":0.93,"income":7893.75,"cnes":301},"geometry":{"type":"Polygon","coordinates":[[[-60.006776,-3.105899],[-60.010197,-3.107902],[-60.010549,-3.115639],[-60.016656,-3.115776],[-60.016752,-3.114067],[-60.016422,-3.113136],[-60.016244,-3.110024],[-60.018252,-3.109714],[-60.018225,-3.110027],[-60.020059,-3.109755],[-60.020855,-3.109993],[-60.02329,-3.109591],[-60.023222,-3.108382],[-60.023791,-3.108314],[-60.024048,-3.101307],[-60.022929,-3.100456],[-60.022352,-3.099679],[-60.021994,-3.098829],[-60.021598,-3.096374],[-60.019724,-3.09628],[-60.019098,-3.097597],[-60.018864,-3.097394],[-60.017418,-3.097454],[-60.016474,-3.09812],[-60.014966,-3.099961],[-60.014617,-3.098873],[-60.013947,-3.098789],[-60.013518,-3.098925],[-60.013364,-3.09987],[-60.012743,-3.100266],[-60.011771,-3.100018],[-60.01016,-3.100094],[-60.010137,-3.099452],[-60.009661,-3.099478],[-60.009799,-3.101667],[-60.008873,-3.101733],[-60.009201,-3.10273],[-60.008046,-3.102915],[-60.008696,-3.104521],[-60.008919,-3.106359],[-60.007981,-3.105735],[-60.007582,-3.104939],[-60.006776,-3.105899]]]}},{"type":"Feature","properties":{"id":"1130260300155","name":"Glória","city":"1302603","ivs":0.643,"idhm":0.576,"income":289.07,"cnes":0},"geometry":{"type":"Polygon","coordinates":[[[-60.031906,-3.121805],[-60.033403,-3.122166],[-60.036835,-3.121921],[-60.036877,-3.122873],[-60.037292,-3.122788],[-60.037154,-3.121983],[-60.036749,-3.121482],[-60.033887,-3.121421],[-60.034314,-3.120522],[-60.034337,-3.119792],[-60.034091,-3.119318],[-60.033592,-3.119098],[-60.033254,-3.120335],[-60.032101,-3.12103],[-60.031906,-3.121805]]]}},{"type":"Feature","properties":{"id":"1130260300156","name":"Vila Militar Ajuricaba","city":"1302603","ivs":0.259,"idhm":0.86,"income":1348.92,"cnes":1},"geometry":{"type":"Polygon","coordinates":[[[-59.989647,-3.139033],[-59.992548,-3.14503],[-59.996647,-3.146267],[-59.998393,-3.146143],[-59.999798,-3.145752],[-59.998414,-3.143981],[-59.998296,-3.144191],[-59.995997,-3.143481],[-59.996554,-3.14154],[-59.997243,-3.141527],[-59.990669,-3.139714],[-59.990774,-3.139306],[-59.989647,-3.139033]]]}},{"type":"Feature","properties":{"id":"1130260300157","name":"Zona Rural Manaus","city":"1302603","ivs":0.655,"idhm":0.576,"income":289.07,"cnes":37},"geometry":{"type":"Polygon","coordinates":[[[-59.159948,-3.168428],[-59.168386,-3.178845],[-59.18214,-3.177009],[-59.19475,-3.177873],[-59.206999,-3.179744],[-59.221363,-3.175982],[-59.241811,-3.162078],[-59.249811,-3.158032],[-59.264803,-3.153696],[-59.278219,-3.153964],[-59.310359,-3.149467],[-59.319924,-3.149681],[-59.332977,-3.147821],[-59.342638,-3.147358],[-59.351899,-3.1456],[-59.358637,-3.153023],[-59.371893,-3.155743],[-59.379001,-3.160885],[-59.390981,-3.163066],[-59.401307,-3.160346],[-59.412385,-3.155498],[-59.43811,-3.146171],[-59.449808,-3.140734],[-59.460638,-3.137014],[-59.469612,-3.132674],[-59.479668,-3.128622],[-59.492418,-3.127574],[-59.506118,-3.127107],[-59.5162,-3.126288],[-59.529448,-3.124347],[-59.545555,-3.121471],[-59.567364,-3.112969],[-59.583163,-3.105472],[-59.600223,-3.09651],[-59.626499,-3.085932],[-59.646141,-3.078519],[-59.66375,-3.07236],[-59.683915,-3.065846],[-59.70017,-3.06089],[-59.717668,-3.061039],[-59.733333,-3.061529],[-59.746751,-3.062306],[-59.769807,-3.064225],[-59.797696,-3.07013],[-59.819945,-3.078072],[-59.82981,-3.08249],[-59.836222,-3.086681],[-59.859647,-3.098007],[-59.868781,-3.103729],[-59.884674,-3.115906],[-59.897282,-3.126093],[-59.906998,-3.1378],[-59.91253,-3.145078],[-59.917365,-3.152012],[-59.924948,-3.155046],[-59.933252,-3.161449],[-59.935286,-3.170567],[-59.943839,-3.174865],[-59.945935,-3.179089],[-59.948356,-3.184335],[-59.949974,-3.193575],[-59.953446,-3.202784],[-59.960724,-3.199718],[-59.963367,-3.208022],[-59.970783,-3.213656],[-59.979278,-3.215227],[-59.986784,-3.217143],[-59.994466,-3.222209],[-60.000029,-3.212785],[-59.9914,-3.210992],[-59.999127,-3.202101],[-59.999735,-3.202223],[-60.000475,-3.203443],[-60.000939,-3.203538],[-60.001499,-3.202792],[-60.001131,-3.201293],[-60.003552,-3.200554],[-60.003926,-3.199527],[-60.002627,-3.198497],[-60.001419,-3.198211],[-60.000675,-3.198396],[-59.998634,-3.19727],[-59.996772,-3.197825],[-59.993329,-3.199498],[-59.986171,-3.196972],[-59.992363,-3.189777],[-60.002002,-3.185618],[-60.00898,-3.18179],[-60.015478,-3.177562],[-60.023423,-3.174646],[-60.028482,-3.168843],[-60.035199,-3.164999],[-60.040616,-3.159069],[-60.047058,-3.164339],[-60.054119,-3.167948],[-60.061778,-3.165393],[-60.06867,-3.161117],[-60.070585,-3.162346],[-60.074339,-3.159061],[-60.072784,-3.157015],[-60.071629,-3.151279],[-60.072421,-3.1472],[-60.076027,-3.141557],[-60.078856,-3.135128],[-60.083082,-3.130898],[-60.085822,-3.127688],[-60.09003,-3.130211],[-60.09345,-3.136189],[-60.095929,-3.142633],[-60.097005,-3.149075],[-60.10035,-3.15073],[-60.101671,-3.150465],[-60.112611,-3.150202],[-60.119646,-3.147076],[-60.125565,-3.142322],[-60.133173,-3.13877],[-60.14067,-3.137593],[-60.144511,-3.130846],[-60.160253,-3.128019],[-60.16886,-3.127652],[-60.175421,-3.123488],[-60.178951,-3.116121],[-60.185149,-3.111507],[-60.189869,-3.104548],[-60.195532,-3.099543],[-60.202012,-3.095153],[-60.209393,-3.092771],[-60.215593,-3.088178],[-60.223171,-3.085848],[-60.230589,-3.082762],[-60.246256,-3.079886],[-60.26256,-3.082605],[-60.269475,-3.086054],[-60.275899,-3.090647],[-60.283503,-3.094169],[-60.290171,-3.098733],[-60.294033,-3.084183],[-60.304091,-3.079882],[-60.312287,-3.079724],[-60.311649,-3.087386],[-60.31529,-3.094565],[-60.328894,-3.100956],[-60.34082,-3.098319],[-60.342635,-3.098632],[-60.35065,-3.096918],[-60.358756,-3.095492],[-60.366785,-3.093271],[-60.375225,-3.095006],[-60.38273,-3.098082],[-60.390391,-3.096112],[-60.398505,-3.094635],[-60.406755,-3.094567],[-60.414952,-3.095412],[-60.42288,-3.095082],[-60.430788,-3.095212],[-60.438316,-3.093288],[-60.445506,-3.090683],[-60.448567,-3.08361],[-60.454199,-3.077879],[-60.454567,-3.078128],[-60.454681,-3.076136],[-60.4543,-3.073903],[-60.454513,-3.065564],[-60.455289,-3.064109],[-60.456534,-3.0678],[-60.456716,-3.072456],[-60.457672,-3.076532],[-60.457319,-3.079999],[-60.463785,-3.084389],[-60.469622,-3.090267],[-60.477757,-3.092159],[-60.485397,-3.092587],[-60.492981,-3.093963],[-60.505339,-3.092151],[-60.519145,-3.08132],[-60.514563,-3.074889],[-60.500538,-3.073401],[-60.505093,-3.062114],[-60.511423,-3.056935],[-60.517336,-3.051472],[-60.531951,-3.045012],[-60.538284,-3.040518],[-60.544566,-3.035035],[-60.560569,-3.03494],[-60.568563,-3.033138],[-60.575396,-3.029269],[-60.582173,-3.024087],[-60.587647,-3.017182],[-60.590287,-3.009072],[-60.594623,-2.991132],[-60.600013,-2.982446],[-60.613813,-2.970676],[-60.620644,-2.965459],[-60.62754,-2.953974],[-60.634038,-2.945481],[-60.641429,-2.941979],[-60.652538,-2.935902],[-60.659954,-2.921674],[-60.664615,-2.914171],[-60.672571,-2.907064],[-60.68051,-2.902266],[-60.693565,-2.8877],[-60.701485,-2.879318],[-60.703113,-2.869866],[-60.705593,-2.861886],[-60.717591,-2.85269],[-60.725422,-2.847659],[-60.731537,-2.842765],[-60.737314,-2.836714],[-60.756431,-2.821788],[-60.802727,-2.539226],[-60.796403,-2.524819],[-60.796142,-2.508676],[-60.794061,-2.500341],[-60.792701,-2.492748],[-60.791814,-2.484483],[-60.789176,-2.476736],[-60.785399,-2.469698],[-60.781758,-2.460816],[-60.773702,-2.453575],[-60.757952,-2.450519],[-60.74946,-2.447696],[-60.743344,-2.440308],[-60.743842,-2.430435],[-60.750977,-2.422576],[-60.75396,-2.414523],[-60.760008,-2.408915],[-60.767427,-2.407028],[-60.768927,-2.399485],[-60.761542,-2.395085],[-60.745951,-2.387687],[-60.735705,-2.38517],[-60.733624,-2.376602],[-60.733402,-2.368153],[-60.72517,-2.370581],[-60.717058,-2.374025],[-60.708539,-2.370869],[-60.712675,-2.363637],[-60.717452,-2.356769],[-60.700731,-2.351548],[-60.69531,-2.346177],[-60.698866,-2.339333],[-60.706787,-2.335324],[-60.710707,-2.327923],[-60.71137,-2.320078],[-60.703897,-2.313988],[-60.69948,-2.307765],[-60.701869,-2.299445],[-60.705485,-2.292286],[-60.704484,-2.283625],[-60.711477,-2.279701],[-60.718512,-2.27482],[-60.713922,-2.267942],[-60.705982,-2.265589],[-60.699812,-2.259312],[-60.698395,-2.250534],[-60.692059,-2.242666],[-60.697847,-2.23647],[-60.700762,-2.220989],[-60.708819,-2.221482],[-60.716565,-2.2208],[-60.722482,-2.215357],[-60.727066,-2.208914],[-60.727425,-2.201126],[-60.734233,-2.19753],[-60.738952,-2.189353],[-60.734982,-2.18213],[-60.729067,-2.17623],[-60.721734,-2.17911],[-60.714924,-2.173715],[-60.707792,-2.170747],[-60.70017,-2.173151],[-60.696172,-2.165902],[-60.691874,-2.159301],[-60.684733,-2.15477],[-60.678511,-2.150099],[-60.675485,-2.142557],[-60.668924,-2.136981],[-60.66398,-2.130685],[-60.668483,-2.123732],[-60.673567,-2.117027],[-60.682032,-2.108097],[-60.672954,-2.097672],[-60.675047,-2.089019],[-60.668173,-2.074606],[-60.660505,-2.076936],[-60.653034,-2.073923],[-60.652759,-2.066272],[-60.644481,-2.064652],[-60.642651,-2.056261],[-60.634818,-2.0557],[-60.628168,-2.051963],[-60.622204,-2.046337],[-60.619314,-2.038811],[-60.614616,-2.032641],[-60.607839,-2.008637],[-60.598981,-1.998834],[-60.581318,-1.998715],[-60.57378,-1.999646],[-60.56634,-2.002353],[-60.559063,-2.005725],[-60.542531,-2.002681],[-60.534337,-2.005861],[-60.527512,-2.00975],[-60.519785,-2.010634],[-60.510951,-2.013491],[-60.503623,-2.017455],[-60.489753,-2.017431],[-60.480087,-2.016254],[-60.469926,-2.013428],[-60.46248,-2.010341],[-60.451228,-2.008344],[-60.444064,-2.004096],[-60.436509,-2.000449],[-60.424815,-1.997888],[-60.416641,-1.996832],[-60.412644,-1.988553],[-60.405346,-1.985681],[-60.39029,-1.97692],[-60.384033,-1.971956],[-60.374391,-1.968317],[-60.366697,-1.96342],[-60.357756,-1.954464],[-60.350167,-1.954304],[-60.339753,-1.95261],[-60.281118,-1.924304],[-60.286149,-1.935946],[-60.293504,-1.941636],[-60.296365,-1.949527],[-60.297427,-1.957425],[-60.2912,-1.96241],[-60.278478,-1.973911],[-60.273445,-1.981221],[-60.267057,-1.986497],[-60.257892,-1.989335],[-60.241616,-1.997569],[-60.232981,-2.003195],[-60.21848,-2.00004],[-60.204725,-2.004048],[-60.189864,-2.012826],[-60.182364,-2.019058],[-60.174002,-2.023082],[-60.167808,-2.027657],[-60.159673,-2.027579],[-60.153537,-2.033105],[-60.1487,-2.042097],[-60.140172,-2.040331],[-60.133225,-2.043371],[-60.127672,-2.048842],[-60.119394,-2.051184],[-60.111697,-2.055609],[-60.106733,-2.061738],[-60.098978,-2.062018],[-60.091283,-2.059988],[-60.088863,-2.068972],[-60.083478,-2.076367],[-60.074535,-2.080619],[-60.069753,-2.087688],[-60.060586,-2.087868],[-60.056058,-2.095514],[-60.050897,-2.102654],[-60.041315,-2.098085],[-60.033422,-2.097624],[-60.02439,-2.098638],[-60.014839,-2.101849],[-60.012473,-2.110601],[-60.005033,-2.114003],[-60.000488,-2.12019],[-59.997174,-2.134253],[-59.999178,-2.143212],[-60.027866,-2.242167],[-60.039637,-2.26456],[-60.046561,-2.328262],[-60.044973,-2.341876],[-60.043447,-2.352651],[-60.04186,-2.361792],[-60.040669,-2.373409],[-60.024428,-2.448335],[-60.035778,-2.500363],[-60.03747,-2.516267],[-60.036673,-2.542055],[-60.033281,-2.549304],[-60.024898,-2.549788],[-60.017389,-2.547011],[-60.01266,-2.53976],[-60.005917,-2.543423],[-59.999558,-2.549427],[-59.996559,-2.566436],[-59.989697,-2.561505],[-59.982352,-2.559041],[-59.974834,-2.56347],[-59.966969,-2.564229],[-59.962485,-2.570598],[-59.954423,-2.570182],[-59.946633,-2.572709],[-59.941192,-2.578278],[-59.943352,-2.585737],[-59.94897,-2.592233],[-59.946956,-2.599742],[-59.950055,-2.60689],[-59.946449,-2.615008],[-59.942421,-2.622236],[-59.934691,-2.619286],[-59.927444,-2.615221],[-59.920207,-2.610515],[-59.914698,-2.616789],[-59.91211,-2.624019],[-59.911105,-2.633289],[-59.907869,-2.64195],[-59.906969,-2.650469],[-59.904492,-2.657679],[-59.8963,-2.659188],[-59.887157,-2.672418],[-59.881608,-2.678265],[-59.873631,-2.683865],[-59.873576,-2.691584],[-59.872393,-2.700481],[-59.874585,-2.708298],[-59.876112,-2.71571],[-59.870647,-2.721729],[-59.862744,-2.721766],[-59.855633,-2.724544],[-59.847504,-2.726286],[-59.841495,-2.732279],[-59.833516,-2.735521],[-59.830252,-2.742504],[-59.832795,-2.750564],[-59.833377,-2.762386],[-59.832247,-2.770583],[-59.819234,-2.781381],[-59.8154,-2.788107],[-59.816563,-2.795756],[-59.819136,-2.80335],[-59.811156,-2.817249],[-59.803549,-2.817481],[-59.796406,-2.821568],[-59.78988,-2.82609],[-59.782813,-2.830484],[-59.77446,-2.827137],[-59.767132,-2.823827],[-59.759655,-2.822222],[-59.752071,-2.826906],[-59.750011,-2.834481],[-59.738221,-2.850344],[-59.738546,-2.857938],[-59.732022,-2.862678],[-59.726086,-2.867607],[-59.720486,-2.874103],[-59.715654,-2.881316],[-59.723175,-2.893599],[-59.728605,-2.89879],[-59.72427,-2.911644],[-59.721214,-2.919094],[-59.708378,-2.931326],[-59.706152,-2.939601],[-59.662743,-2.944463],[-59.654531,-2.946762],[-59.647977,-2.951013],[-59.643833,-2.957454],[-59.637232,-2.961454],[-59.629013,-2.963227],[-59.620337,-2.96441],[-59.612259,-2.960811],[-59.60451,-2.960329],[-59.596374,-2.958733],[-59.58783,-2.959959],[-59.579481,-2.960598],[-59.571621,-2.959648],[-59.563842,-2.958275],[-59.555166,-2.957897],[-59.547152,-2.956774],[-59.539429,-2.954474],[-59.532152,-2.95119],[-59.525092,-2.953877],[-59.52118,-2.960379],[-59.51341,-2.961847],[-59.506077,-2.966695],[-59.500308,-2.971896],[-59.50048,-2.988301],[-59.485503,-2.993823],[-59.473805,-3.009519],[-59.468536,-3.015001],[-59.461973,-3.02294],[-59.455331,-3.029749],[-59.443783,-3.037012],[-59.438366,-3.042479],[-59.431341,-3.0485],[-59.422665,-3.050606],[-59.413083,-3.05214],[-59.405142,-3.05434],[-59.397667,-3.05816],[-59.373894,-3.071615],[-59.365307,-3.079449],[-59.354334,-3.090794],[-59.341558,-3.106645],[-59.33344,-3.111436],[-59.323136,-3.114328],[-59.313673,-3.121463],[-59.304532,-3.131902],[-59.296616,-3.132532],[-59.288558,-3.129488],[-59.273417,-3.127465],[-59.262115,-3.129018],[-59.246887,-3.135517],[-59.217387,-3.145849],[-59.202522,-3.153039],[-59.195271,-3.156947],[-59.187834,-3.158785],[-59.173491,-3.165313],[-59.159948,-3.168428]],[[-59.815713,-3.051998],[-59.818783,-3.033543],[-59.8226,-3.017149],[-59.82655,-3.010989],[-59.826551,-3.010393],[-59.823452,-3.001721],[-59.82507,-2.993957],[-59.82708,-2.994269],[-59.827666,-2.994046],[-59.827392,-2.993352],[-59.828122,-2.992173],[-59.8285,-2.991976],[-59.829647,-2.991715],[-59.830989,-2.992082],[-59.832215,-2.992108],[-59.832501,-2.992619],[-59.831641,-2.993274],[-59.831445,-2.993602],[-59.831615,-2.993628],[-59.833153,-2.992868],[-59.833035,-2.992095],[-59.832631,-2.991597],[-59.832775,-2.991375],[-59.837063,-2.989502],[-59.837962,-2.989436],[-59.838731,-2.989698],[-59.842831,-2.989496],[-59.848057,-2.990178],[-59.849725,-2.990787],[-59.851486,-2.991082],[-59.855831,-2.992594],[-59.856436,-2.992502],[-59.862332,-2.989037],[-59.864148,-2.989148],[-59.865963,-2.988761],[-59.870345,-2.988946],[-59.871152,-2.98926],[-59.871519,-2.989886],[-59.871812,-2.991527],[-59.872417,-2.992652],[-59.873499,-2.993039],[-59.875001,-2.99302],[-59.874426,-2.996231],[-59.879921,-2.997213],[-59.884954,-2.99959],[-59.902885,-3.001939],[-59.914415,-3.003068],[-59.926751,-3.005292],[-59.953911,-3.009236],[-59.958681,-3.006312],[-59.967634,-3.007087],[-59.980053,-2.926663],[-59.983757,-2.915085],[-59.983789,-2.914315],[-59.99117,-2.914015],[-59.992846,-2.914568],[-59.994467,-2.916004],[-59.995479,-2.917417],[-59.997284,-2.923165],[-59.998481,-2.925012],[-60.008045,-2.932126],[-60.009603,-2.933893],[-60.03521,-2.933711],[-60.036357,-2.928413],[-60.036729,-2.927705],[-60.036988,-2.927778],[-60.038672,-2.928483],[-60.039255,-2.928976],[-60.04107,-2.929244],[-60.041772,-2.929719],[-60.043357,-2.93177],[-60.04521,-2.931604],[-60.045738,-2.931801],[-60.046724,-2.933223],[-60.047986,-2.933476],[-60.048704,-2.93426],[-60.048964,-2.93498],[-60.049887,-2.9354],[-60.050525,-2.936429],[-60.051472,-2.936825],[-60.051692,-2.93734],[-60.055367,-2.940286],[-60.057576,-2.942503],[-60.058995,-2.943326],[-60.060967,-2.943413],[-60.06461,-2.94601],[-60.066582,-2.946564],[-60.067828,-2.94734],[-60.068474,-2.948164],[-60.070154,-2.948896],[-60.071826,-2.950408],[-60.072638,-2.950558],[-60.073143,-2.951102],[-60.077927,-2.954132],[-60.080092,-2.953028],[-60.082861,-2.953757],[-60.084959,-2.954584],[-60.085768,-2.955352],[-60.088749,-2.956276],[-60.092518,-2.955816],[-60.093983,-2.955855],[-60.096169,-2.957258],[-60.098798,-2.956165],[-60.102269,-2.95584],[-60.102948,-2.956756],[-60.103229,-2.958617],[-60.104233,-2.960138],[-60.105172,-2.962271],[-60.105385,-2.963374],[-60.106178,-2.964132],[-60.10528,-2.971069],[-60.104138,-2.973354],[-60.104002,-2.974096],[-60.10551,-2.975384],[-60.105698,-2.976483],[-60.105227,-2.979279],[-60.105918,-2.981697],[-60.107018,-2.984179],[-60.108368,-2.985875],[-60.1084,-2.987979],[-60.107709,-2.991686],[-60.105344,-2.99414],[-60.105247,-2.994659],[-60.105779,-2.997358],[-60.104714,-2.999841],[-60.103477,-3.002006],[-60.100075,-3.006232],[-60.098529,-3.00984],[-60.097601,-3.01283],[-60.097292,-3.014892],[-60.097395,-3.016747],[-60.098529,-3.019118],[-60.102961,-3.024376],[-60.104404,-3.028087],[-60.105126,-3.031695],[-60.106466,-3.034993],[-60.107806,-3.03654],[-60.109353,-3.038911],[-60.11059,-3.039942],[-60.112033,-3.0419],[-60.113991,-3.043756],[-60.116021,-3.046936],[-60.114073,-3.048848],[-60.114467,-3.049117],[-60.114845,-3.050985],[-60.115476,-3.051381],[-60.115248,-3.052264],[-60.115603,-3.053555],[-60.115311,-3.053833],[-60.114743,-3.05312],[-60.114246,-3.053025],[-60.113844,-3.053104],[-60.113386,-3.053651],[-60.113292,-3.054268],[-60.114215,-3.054997],[-60.114467,-3.055503],[-60.114104,-3.055844],[-60.113639,-3.055764],[-60.113292,-3.056184],[-60.113592,-3.0573],[-60.113457,-3.057775],[-60.112976,-3.058179],[-60.11244,-3.058037],[-60.111123,-3.058844],[-60.110863,-3.059454],[-60.111013,-3.059976],[-60.11039,-3.06152],[-60.109727,-3.06167],[-60.109743,-3.062652],[-60.108939,-3.063745],[-60.108292,-3.06403],[-60.107898,-3.064579],[-60.106391,-3.064584],[-60.103529,-3.063856],[-60.101975,-3.064465],[-60.100761,-3.065384],[-60.099688,-3.065589],[-60.098687,-3.066658],[-60.096636,-3.067957],[-60.095351,-3.069199],[-60.094184,-3.069833],[-60.093687,-3.071305],[-60.090871,-3.073293],[-60.089349,-3.07562],[-60.089034,-3.07657],[-60.08905,-3.077591],[-60.089657,-3.078819],[-60.08983,-3.081249],[-60.089239,-3.081415],[-60.088734,-3.081225],[-60.088282,-3.08197],[-60.086029,-3.08303],[-60.084247,-3.083165],[-60.08345,-3.082603],[-60.083931,-3.084044],[-60.082425,-3.084835],[-60.079515,-3.086941],[-60.079239,-3.087353],[-60.07931,-3.089237],[-60.078754,-3.092579],[-60.078091,-3.092809],[-60.077965,-3.093261],[-60.077501,-3.093507],[-60.077422,-3.094133],[-60.076089,-3.095318],[-60.075764,-3.096595],[-60.075334,-3.096981],[-60.075048,-3.0979],[-60.074313,-3.098652],[-60.073491,-3.100149],[-60.073418,-3.101121],[-60.072569,-3.102612],[-60.072304,-3.104063],[-60.071382,-3.105081],[-60.070673,-3.106452],[-60.070255,-3.108488],[-60.069599,-3.108322],[-60.069937,-3.109034],[-60.068432,-3.110724],[-60.067557,-3.111057],[-60.066178,-3.110864],[-60.065694,-3.111563],[-60.06462,-3.111849],[-60.063705,-3.111829],[-60.06344,-3.11137],[-60.06226,-3.111962],[-60.061504,-3.111829],[-60.059681,-3.115489],[-60.058521,-3.116035],[-60.056976,-3.116215],[-60.055146,-3.117639],[-60.054371,-3.117799],[-60.052229,-3.11895],[-60.050493,-3.119449],[-60.050148,-3.119775],[-60.049067,-3.119935],[-60.048643,-3.120241],[-60.048172,-3.121219],[-60.047602,-3.121219],[-60.046661,-3.122344],[-60.046011,-3.122238],[-60.04438,-3.123602],[-60.044055,-3.1247],[-60.043551,-3.125113],[-60.04314,-3.126677],[-60.040906,-3.128753],[-60.040667,-3.129259],[-60.03856,-3.130733],[-60.035062,-3.130778],[-60.032903,-3.13141],[-60.032015,-3.13128],[-60.031783,-3.130334],[-60.031624,-3.130371],[-60.031701,-3.131248],[-60.031383,-3.131883],[-60.031082,-3.131997],[-60.030609,-3.131764],[-60.030513,-3.132043],[-60.029871,-3.132016],[-60.029653,-3.132308],[-60.029839,-3.132605],[-60.031569,-3.132285],[-60.031765,-3.132765],[-60.031392,-3.133519],[-60.030108,-3.13473],[-60.030449,-3.135664],[-60.029093,-3.136208],[-60.029516,-3.137101],[-60.031469,-3.136283],[-60.031565,-3.13642],[-60.02851,-3.137736],[-60.028465,-3.137567],[-60.029384,-3.137161],[-60.028956,-3.136242],[-60.027632,-3.136791],[-60.027563,-3.137015],[-60.027463,-3.136772],[-60.026876,-3.137024],[-60.026507,-3.137389],[-60.027386,-3.13818],[-60.027677,-3.137883],[-60.027618,-3.137526],[-60.028032,-3.137874],[-60.025815,-3.140359],[-60.025515,-3.140053],[-60.02577,-3.140099],[-60.027272,-3.138308],[-60.026403,-3.137535],[-60.025228,-3.138787],[-60.024131,-3.140643],[-60.024809,-3.141282],[-60.024054,-3.14083],[-60.023708,-3.141182],[-60.024168,-3.141863],[-60.023626,-3.141246],[-60.022825,-3.141419],[-60.02297,-3.142055],[-60.02272,-3.141369],[-60.021805,-3.141876],[-60.018774,-3.14246],[-60.017681,-3.142895],[-60.017727,-3.143277],[-60.013011,-3.144425],[-60.012109,-3.145193],[-60.011477,-3.145416],[-60.011436,-3.145713],[-60.012082,-3.146673],[-60.011208,-3.145773],[-60.01027,-3.146285],[-60.010562,-3.147203],[-60.009487,-3.146024],[-60.009829,-3.146541],[-60.009601,-3.146668],[-60.010079,-3.147281],[-60.009674,-3.147075],[-60.009679,-3.147409],[-60.009223,-3.147139],[-60.009465,-3.147605],[-60.00875,-3.147651],[-60.008654,-3.14798],[-60.008855,-3.148227],[-60.008558,-3.148073],[-60.00771,-3.149444],[-60.005497,-3.150306],[-59.999935,-3.153324],[-59.997468,-3.154021],[-59.99738,-3.153866],[-59.996918,-3.154485],[-59.99401,-3.154983],[-59.993557,-3.155466],[-59.991775,-3.155966],[-59.98879,-3.157967],[-59.987645,-3.157956],[-59.98716,-3.157613],[-59.986819,-3.15768],[-59.98476,-3.159504],[-59.984176,-3.159703],[-59.982667,-3.159659],[-59.982249,-3.160631],[-59.981412,-3.161626],[-59.98041,-3.162135],[-59.979363,-3.1624],[-59.97813,-3.162356],[-59.977866,-3.162102],[-59.979022,-3.161162],[-59.980101,-3.159791],[-59.981797,-3.159946],[-59.981896,-3.159493],[-59.981467,-3.159493],[-59.981159,-3.159095],[-59.980311,-3.158785],[-59.980123,-3.158531],[-59.980344,-3.158111],[-59.980211,-3.157857],[-59.97943,-3.158078],[-59.97922,-3.157812],[-59.979286,-3.157337],[-59.978901,-3.156851],[-59.976445,-3.154949],[-59.974364,-3.154901],[-59.971633,-3.152358],[-59.969089,-3.150656],[-59.96356,-3.148301],[-59.963379,-3.14805],[-59.964039,-3.147807],[-59.964282,-3.146879],[-59.965052,-3.145911],[-59.965911,-3.145508],[-59.966605,-3.144618],[-59.966033,-3.144668],[-59.964513,-3.145801],[-59.964133,-3.145862],[-59.963456,-3.143955],[-59.963797,-3.143325],[-59.964761,-3.142827],[-59.963946,-3.142717],[-59.963654,-3.14197],[-59.963511,-3.143325],[-59.963169,-3.14338],[-59.962734,-3.143076],[-59.962586,-3.143236],[-59.962999,-3.143899],[-59.963235,-3.14695],[-59.962597,-3.147271],[-59.960438,-3.147288],[-59.960003,-3.146779],[-59.960312,-3.145989],[-59.959045,-3.148095],[-59.958951,-3.148625],[-59.958946,-3.148879],[-59.959689,-3.149504],[-59.959634,-3.1502],[-59.959023,-3.150437],[-59.958445,-3.150315],[-59.957498,-3.149632],[-59.957801,-3.14798],[-59.957702,-3.14662],[-59.958048,-3.145724],[-59.9573,-3.145813],[-59.956837,-3.145039],[-59.956297,-3.142751],[-59.956176,-3.140098],[-59.955609,-3.138782],[-59.955554,-3.137931],[-59.954915,-3.137688],[-59.955829,-3.140532],[-59.956127,-3.143989],[-59.95703,-3.146681],[-59.957024,-3.147128],[-59.956611,-3.147736],[-59.95692,-3.147775],[-59.957057,-3.148289],[-59.956031,-3.149707],[-59.951853,-3.14883],[-59.948164,-3.145397],[-59.947492,-3.144281],[-59.94577,-3.142589],[-59.945306,-3.141751],[-59.941958,-3.140099],[-59.94114,-3.139376],[-59.940871,-3.138983],[-59.940309,-3.136457],[-59.939588,-3.13582],[-59.938571,-3.135573],[-59.939043,-3.134231],[-59.93822,-3.132104],[-59.93847,-3.131804],[-59.938318,-3.130277],[-59.938843,-3.129529],[-59.938471,-3.128858],[-59.938489,-3.128143],[-59.938257,-3.127996],[-59.938012,-3.128266],[-59.938061,-3.129149],[-59.93756,-3.129553],[-59.936986,-3.12867],[-59.935087,-3.127436],[-59.934568,-3.126657],[-59.934348,-3.125474],[-59.933468,-3.124817],[-59.933394,-3.124175],[-59.932442,-3.123315],[-59.931251,-3.122904],[-59.930371,-3.123377],[-59.929528,-3.123328],[-59.928948,-3.12296],[-59.928728,-3.122509],[-59.928127,-3.122427],[-59.926926,-3.121528],[-59.925686,-3.121538],[-59.923329,-3.120477],[-59.920543,-3.120342],[-59.919664,-3.119202],[-59.919297,-3.119398],[-59.918552,-3.11914],[-59.915901,-3.119275],[-59.91428,-3.118261],[-59.914228,-3.117068],[-59.913812,-3.117889],[-59.912801,-3.118022],[-59.907484,-3.116859],[-59.905237,-3.11502],[-59.903013,-3.114456],[-59.901279,-3.112714],[-59.899642,-3.11193],[-59.899165,-3.111427],[-59.898847,-3.110556],[-59.899067,-3.110397],[-59.899458,-3.110581],[-59.899703,-3.110323],[-59.899678,-3.109808],[-59.899165,-3.108937],[-59.898603,-3.108545],[-59.898554,-3.108839],[-59.899226,-3.110164],[-59.898115,-3.110237],[-59.896685,-3.109011],[-59.89627,-3.107907],[-59.896111,-3.106117],[-59.896368,-3.104842],[-59.897198,-3.104449],[-59.897748,-3.103628],[-59.896881,-3.103897],[-59.896099,-3.102929],[-59.8955,-3.102916],[-59.895903,-3.103517],[-59.895659,-3.104081],[-59.892718,-3.099925],[-59.892644,-3.097087],[-59.892396,-3.095942],[-59.891974,-3.096465],[-59.89066,-3.094399],[-59.890834,-3.094],[-59.89066,-3.093751],[-59.890189,-3.093926],[-59.889395,-3.092606],[-59.887901,-3.091433],[-59.887064,-3.091047],[-59.884348,-3.090649],[-59.884119,-3.090138],[-59.883672,-3.0902],[-59.883158,-3.089933],[-59.881385,-3.08884],[-59.881,-3.08833],[-59.878218,-3.087009],[-59.875736,-3.085089],[-59.870702,-3.083512],[-59.870367,-3.083811],[-59.869561,-3.083948],[-59.868525,-3.083469],[-59.867118,-3.083462],[-59.866975,-3.083761],[-59.867385,-3.084346],[-59.867261,-3.084608],[-59.866789,-3.084576],[-59.865667,-3.083873],[-59.864632,-3.084234],[-59.863702,-3.083929],[-59.862952,-3.084184],[-59.86217,-3.083811],[-59.861581,-3.084278],[-59.861495,-3.083805],[-59.861761,-3.083045],[-59.861364,-3.083033],[-59.860887,-3.083805],[-59.860633,-3.083624],[-59.859139,-3.081795],[-59.856088,-3.078851],[-59.853496,-3.07722],[-59.848515,-3.075527],[-59.819152,-3.054526],[-59.815845,-3.052405],[-59.815713,-3.051998]],[[-60.159392,-3.019871],[-60.164607,-3.003642],[-60.173775,-3.005418],[-60.171139,-3.023468],[-60.159392,-3.019871]]]}},{"type":"Feature","properties":{"id":"1130260300158","name":"Zumbi dos Palmares ( Conjunto Nova Luz / Residencial Barcelona )","city":"1302603","ivs":0.428,"idhm":0.657,"income":367.57,"cnes":7},"geometry":{"type":"Polygon","coordinates":[[[-59.935865,-3.078977],[-59.940242,-3.083901],[-59.941018,-3.083882],[-59.941949,-3.084282],[-59.942945,-3.083037],[-59.943519,-3.082819],[-59.944741,-3.083414],[-59.945578,-3.084154],[-59.945772,-3.085832],[-59.94622,-3.085338],[-59.94723,-3.085284],[-59.948244,-3.084726],[-59.949606,-3.085482],[-59.950326,-3.085611],[-59.95065,-3.086197],[-59.955672,-3.079791],[-59.955945,-3.079014],[-59.955947,-3.075646],[-59.95168,-3.075564],[-59.944654,-3.070839],[-59.941288,-3.069698],[-59.940262,-3.070093],[-59.938586,-3.07179],[-59.938028,-3.072895],[-59.93666,-3.078034],[-59.935865,-3.078977]]]}},{"type":"Feature","properties":{"id":"1130260300159","name":"Adrianópolis","city":"1302603","ivs":0.208,"idhm":0.874,"income":1953.17,"cnes":35},"geometry":{"type":"Polygon","coordinates":[[[-60.000054,-3.088076],[-60.001895,-3.091397],[-60.002739,-3.090988],[-60.003976,-3.092173],[-60.003207,-3.092188],[-60.004117,-3.094542],[-60.004335,-3.094747],[-60.004654,-3.094597],[-60.005741,-3.096167],[-60.005538,-3.096322],[-60.006671,-3.097733],[-60.005817,-3.099509],[-60.005817,-3.10055],[-60.006315,-3.102564],[-60.008387,-3.101904],[-60.007981,-3.10021],[-60.008545,-3.100132],[-60.008873,-3.101733],[-60.009799,-3.101667],[-60.009661,-3.099478],[-60.010137,-3.099452],[-60.01016,-3.100094],[-60.011771,-3.100018],[-60.012743,-3.100266],[-60.013364,-3.09987],[-60.013518,-3.098925],[-60.014617,-3.098873],[-60.015208,-3.09712],[-60.016254,-3.096799],[-60.016733,-3.096109],[-60.017292,-3.096239],[-60.017311,-3.095354],[-60.016582,-3.09535],[-60.01592,-3.094935],[-60.014539,-3.095051],[-60.014511,-3.094756],[-60.014085,-3.094726],[-60.01318,-3.095247],[-60.01317,-3.094698],[-60.009396,-3.093388],[-60.009121,-3.089614],[-60.006229,-3.088799],[-60.005646,-3.088437],[-60.004383,-3.08733],[-60.003801,-3.085816],[-60.00205,-3.087538],[-60.000054,-3.088076]]]}},{"type":"Feature","properties":{"id":"1130260300160","name":"Dom Pedro / Alvorada","city":"1302603","ivs":0.385,"idhm":0.708,"income":594.09,"cnes":2},"geometry":{"type":"Polygon","coordinates":[[[-60.036491,-3.084084],[-60.03807,-3.083024],[-60.041291,-3.082404],[-60.04231,-3.082792],[-60.042153,-3.083043],[-60.042952,-3.083477],[-60.042801,-3.083768],[-60.044553,-3.084712],[-60.045093,-3.083702],[-60.04545,-3.08393],[-60.045145,-3.081024],[-60.044644,-3.080898],[-60.044422,-3.081276],[-60.044196,-3.081124],[-60.043733,-3.081487],[-60.043689,-3.081246],[-60.043001,-3.080904],[-60.042509,-3.080898],[-60.042487,-3.081139],[-60.041063,-3.081817],[-60.038487,-3.082374],[-60.036516,-3.083278],[-60.036491,-3.084084]]]}},{"type":"Feature","properties":{"id":"1130260300161","name":"Flores : Av. Torquato Tapajós / Rua Deputado Vital Pessoa","city":"1302603","ivs":0.441,"idhm":0.676,"income":457.36,"cnes":1},"geometry":{"type":"Polygon","coordinates":[[[-60.015677,-3.057351],[-60.015713,-3.058258],[-60.018412,-3.058525],[-60.018642,-3.059973],[-60.025122,-3.060738],[-60.025335,-3.054924],[-60.024938,-3.046289],[-60.019304,-3.046366],[-60.01703,-3.045771],[-60.017422,-3.046935],[-60.017066,-3.048388],[-60.016347,-3.04911],[-60.016238,-3.049594],[-60.016593,-3.051971],[-60.017226,-3.052633],[-60.018,-3.052935],[-60.018091,-3.053502],[-60.019028,-3.053841],[-60.02026,-3.05749],[-60.015677,-3.057351]]]}},{"type":"Feature","properties":{"id":"1130260300162","name":"Parque Dez de Novembro ( Comunidade União )","city":"1302603","ivs":0.384,"idhm":0.708,"income":594.09,"cnes":4},"geometry":{"type":"MultiPolygon","coordinates":[[[[-60.011272,-3.074407],[-60.010921,-3.073586],[-60.010506,-3.073659],[-60.010776,-3.074511],[-60.011272,-3.074407]]],[[[-60.011272,-3.074407],[-60.011729,-3.075173],[-60.013135,-3.076307],[-60.013994,-3.077479],[-60.016325,-3.078878],[-60.016888,-3.07962],[-60.017132,-3.078377],[-60.017476,-3.078407],[-60.017645,-3.078054],[-60.0244,-3.07947],[-60.024449,-3.078686],[-60.023847,-3.078568],[-60.023744,-3.078876],[-60.015867,-3.077226],[-60.016298,-3.075005],[-60.015937,-3.074991],[-60.015916,-3.074662],[-60.012914,-3.074052],[-60.011272,-3.074407]]]]}},{"type":"Feature","properties":{"id":"1130260300163","name":"Parque Dez de Novembro ( Conjunto Parque Shangrilá IV / Conjunto Parque Shangrilá VII )","city":"1302603","ivs":0.253,"idhm":0.822,"income":1248.67,"cnes":1},"geometry":{"type":"Polygon","coordinates":[[[-59.996164,-3.063659],[-59.996351,-3.066752],[-59.996554,-3.066695],[-59.99745,-3.067884],[-59.998236,-3.068452],[-59.998756,-3.069294],[-59.999387,-3.071031],[-59.999612,-3.073588],[-60.000314,-3.074921],[-60.003187,-3.071909],[-60.001524,-3.070264],[-60.000201,-3.071667],[-59.999553,-3.07071],[-59.998477,-3.06841],[-59.999039,-3.067747],[-59.998561,-3.06727],[-59.99939,-3.065269],[-59.998981,-3.065263],[-59.999009,-3.06316],[-59.997261,-3.063116],[-59.997241,-3.063551],[-59.996164,-3.063659]]]}},{"type":"Feature","properties":{"id":"1130260300164","name":"Parque Dez de Novembro ( Conjunto Eldorado / Conjunto Jardim Itaoca )","city":"1302603","ivs":0.222,"idhm":0.855,"income":1747.41,"cnes":42},"geometry":{"type":"Polygon","coordinates":[[[-60.009972,-3.093569],[-60.01317,-3.094698],[-60.01318,-3.095247],[-60.014085,-3.094726],[-60.014511,-3.094756],[-60.014499,-3.093697],[-60.014727,-3.093698],[-60.01667,-3.094315],[-60.017466,-3.094233],[-60.021406,-3.095871],[-60.022352,-3.099679],[-60.022929,-3.100456],[-60.024048,-3.101307],[-60.024261,-3.087176],[-60.021578,-3.086806],[-60.020101,-3.086038],[-60.019326,-3.086906],[-60.019493,-3.087339],[-60.018299,-3.090158],[-60.018713,-3.090337],[-60.018459,-3.090988],[-60.017737,-3.091007],[-60.014771,-3.092246],[-60.014203,-3.092218],[-60.011497,-3.090671],[-60.010726,-3.092209],[-60.010385,-3.091965],[-60.010556,-3.09275],[-60.009972,-3.093569]],[[-60.020405,-3.091299],[-60.020771,-3.09065],[-60.023169,-3.091389],[-60.022917,-3.092342],[-60.020405,-3.091299]]]}},{"type":"Feature","properties":{"id":"1130260300165","name":"Parque Dez de Novembro ( Conjunto Castelo Branco / Conjunto Yolanda )","city":"1302603","ivs":0.222,"idhm":0.855,"income":1747.41,"cnes":14},"geometry":{"type":"Polygon","coordinates":[[[-60.00942,-3.087251],[-60.012693,-3.089588],[-60.01416,-3.087816],[-60.016067,-3.090271],[-60.018318,-3.087921],[-60.0137,-3.083135],[-60.010332,-3.082574],[-60.00986,-3.085118],[-60.011369,-3.085931],[-60.010907,-3.08624],[-60.010384,-3.085636],[-60.00942,-3.087251]]]}},{"type":"Feature","properties":{"id":"1130260300166","name":"Centro / Nossa Senhora Aparecida ( Comunidade Bairro do Céu / Parque Residencial Manaus PROSAMIN )","city":"1302603","ivs":0.208,"idhm":0.874,"income":1953.17,"cnes":247},"geometry":{"type":"Polygon","coordinates":[[[-60.016795,-3.128189],[-60.015559,-3.128203],[-60.015678,-3.132586],[-60.015233,-3.132842],[-60.01556,-3.133826],[-60.015539,-3.134728],[-60.013531,-3.134763],[-60.013468,-3.131581],[-60.012019,-3.131563],[-60.01208,-3.136313],[-60.014515,-3.136905],[-60.015946,-3.137846],[-60.015142,-3.138888],[-60.015871,-3.139039],[-60.017647,-3.141377],[-60.017896,-3.140275],[-60.018506,-3.14],[-60.018062,-3.138912],[-60.019261,-3.138418],[-60.018769,-3.13728],[-60.020714,-3.136209],[-60.021834,-3.13714],[-60.021177,-3.137615],[-60.021562,-3.138629],[-60.020954,-3.138919],[-60.02123,-3.139529],[-60.020204,-3.140031],[-60.021066,-3.141968],[-60.021805,-3.141876],[-60.02272,-3.141369],[-60.02297,-3.142055],[-60.022825,-3.141419],[-60.023626,-3.141246],[-60.024168,-3.141863],[-60.023708,-3.141182],[-60.024054,-3.14083],[-60.024809,-3.141282],[-60.024131,-3.140643],[-60.025228,-3.138787],[-60.026403,-3.137535],[-60.027272,-3.138308],[-60.02577,-3.140099],[-60.025515,-3.140053],[-60.025815,-3.140359],[-60.028032,-3.137874],[-60.027618,-3.137526],[-60.027677,-3.137883],[-60.027386,-3.13818],[-60.026507,-3.137389],[-60.026876,-3.137024],[-60.027463,-3.136772],[-60.027563,-3.137015],[-60.027632,-3.136791],[-60.028956,-3.136242],[-60.029384,-3.137161],[-60.028465,-3.137567],[-60.02851,-3.137736],[-60.031565,-3.13642],[-60.031469,-3.136283],[-60.029516,-3.137101],[-60.029093,-3.136208],[-60.030449,-3.135664],[-60.030108,-3.13473],[-60.031134,-3.133697],[-60.02847,-3.134572],[-60.027358,-3.134613],[-60.027314,-3.134197],[-60.02622,-3.134244],[-60.026241,-3.133175],[-60.027391,-3.133203],[-60.027956,-3.132771],[-60.029469,-3.132243],[-60.027569,-3.130557],[-60.027554,-3.121693],[-60.026576,-3.121471],[-60.026562,-3.12337],[-60.022428,-3.123247],[-60.02263,-3.12595],[-60.020631,-3.126006],[-60.020655,-3.124491],[-60.019967,-3.124537],[-60.019461,-3.126039],[-60.016672,-3.126087],[-60.016795,-3.128189]],[[-60.016795,-3.128189],[-60.019164,-3.128163],[-60.019135,-3.131016],[-60.016739,-3.130977],[-60.016795,-3.128189]]]}},{"type":"Feature","properties":{"id":"1130260300167","name":"Centro : Mercado Municipal / Rua dos Andradas / Rua Quintino Bocaiúva / Av. Joaquim Nabuco","city":"1302603","ivs":0.319,"idhm":0.787,"income":822.06,"cnes":3},"geometry":{"type":"Polygon","coordinates":[[[-60.017647,-3.141377],[-60.018774,-3.14246],[-60.021066,-3.141968],[-60.020204,-3.140031],[-60.02123,-3.139529],[-60.020954,-3.138919],[-60.021562,-3.138629],[-60.021177,-3.137615],[-60.021834,-3.13714],[-60.020714,-3.136209],[-60.018769,-3.13728],[-60.019261,-3.138418],[-60.018062,-3.138912],[-60.018506,-3.14],[-60.017896,-3.140275],[-60.017647,-3.141377]]]}},{"type":"Feature","properties":{"id":"1130260300168","name":"Centro : Parque Residencial Manaus I PROSAMIN","city":"1302603","ivs":0.283,"idhm":0.753,"income":674.88,"cnes":8},"geometry":{"type":"Polygon","coordinates":[[[-60.016739,-3.130977],[-60.019135,-3.131016],[-60.019164,-3.128163],[-60.016795,-3.128189],[-60.016739,-3.130977]]]}},{"type":"Feature","properties":{"id":"1130260300169","name":"Centro / Nossa Senhora Aparecida : Comando Naval / Capitania Fluvial / Museu Paço da Liberdade / Beco José Casemiro","city":"1302603","ivs":0.359,"idhm":0.707,"income":579.16,"cnes":1},"geometry":{"type":"Polygon","coordinates":[[[-60.026241,-3.133175],[-60.02622,-3.134244],[-60.027314,-3.134197],[-60.027358,-3.134613],[-60.02847,-3.134572],[-60.031134,-3.133697],[-60.031765,-3.132765],[-60.031747,-3.132422],[-60.031547,-3.132281],[-60.029839,-3.132605],[-60.029698,-3.132112],[-60.030568,-3.13192],[-60.030332,-3.131369],[-60.02967,-3.131918],[-60.028619,-3.130854],[-60.028672,-3.129654],[-60.027548,-3.129667],[-60.027569,-3.130557],[-60.029469,-3.132243],[-60.027956,-3.132771],[-60.027391,-3.133203],[-60.026241,-3.133175]]]}},{"type":"Feature","properties":{"id":"1130260300170","name":"São Jorge","city":"1302603","ivs":0.426,"idhm":0.657,"income":367.57,"cnes":1},"geometry":{"type":"Polygon","coordinates":[[[-60.028737,-3.103075],[-60.02855,-3.104622],[-60.029481,-3.106002],[-60.028985,-3.106742],[-60.030303,-3.106686],[-60.029609,-3.106505],[-60.030094,-3.105736],[-60.029574,-3.10382],[-60.029735,-3.10317],[-60.030301,-3.102751],[-60.031279,-3.102698],[-60.030127,-3.101807],[-60.029924,-3.102444],[-60.028737,-3.103075]]]}},{"type":"Feature","properties":{"id":"1130260300171","name":"Centro : Av. Boulevard / Av. Ayrão / Rua Japurá / Av. Tarumã / Av. Constantino Nery / Rua Ferreira Pena / Rua Comendador Clementino )","city":"1302603","ivs":0.253,"idhm":0.822,"income":1248.67,"cnes":47},"geometry":{"type":"Polygon","coordinates":[[[-60.016609,-3.11885],[-60.017989,-3.118842],[-60.018,-3.119442],[-60.018276,-3.119438],[-60.018672,-3.120011],[-60.019305,-3.119967],[-60.01929,-3.118868],[-60.020759,-3.118927],[-60.020717,-3.120351],[-60.021879,-3.120376],[-60.022477,-3.121708],[-60.020923,-3.121709],[-60.02034,-3.123242],[-60.020663,-3.123254],[-60.020631,-3.126006],[-60.02263,-3.12595],[-60.022428,-3.123247],[-60.026562,-3.12337],[-60.026663,-3.115871],[-60.016656,-3.115776],[-60.016609,-3.11885]]]}},{"type":"Feature","properties":{"id":"1130260300172","name":"Cachoeirinha","city":"1302603","ivs":0.253,"idhm":0.822,"income":1248.67,"cnes":47},"geometry":{"type":"Polygon","coordinates":[[[-60.000053,-3.121787],[-60.003004,-3.121611],[-60.003156,-3.124527],[-60.001683,-3.124633],[-60.001895,-3.128819],[-60.004851,-3.128735],[-60.004937,-3.130195],[-60.006414,-3.130142],[-60.006342,-3.12869],[-60.007643,-3.128618],[-60.007415,-3.122963],[-60.006057,-3.123054],[-60.005941,-3.121501],[-60.010033,-3.121346],[-60.010095,-3.119853],[-60.0096,-3.118803],[-60.008208,-3.118426],[-60.005857,-3.118519],[-60.005818,-3.12009],[-60.001901,-3.120154],[-60.00071,-3.119587],[-60.00033,-3.12016],[-60.000053,-3.121787]]]}},{"type":"Feature","properties":{"id":"1130260300173","name":"Nossa Senhora das Graças ( Conjunto Beco do Macedo )","city":"1302603","ivs":0.329,"idhm":0.812,"income":1025.01,"cnes":5},"geometry":{"type":"MultiPolygon","coordinates":[[[[-59.981799,-3.078888],[-59.983102,-3.078967],[-59.983146,-3.078401],[-59.984365,-3.078451],[-59.983135,-3.085399],[-59.985728,-3.086636],[-59.986463,-3.087644],[-59.987018,-3.089109],[-59.988536,-3.086643],[-59.990144,-3.084654],[-59.99119,-3.083833],[-59.991544,-3.083918],[-59.991732,-3.083531],[-59.992241,-3.083605],[-59.994241,-3.079003],[-59.992705,-3.078867],[-59.99181,-3.077538],[-59.990341,-3.077902],[-59.98985,-3.077394],[-59.988569,-3.076933],[-59.988226,-3.076506],[-59.988071,-3.076677],[-59.987345,-3.07659],[-59.987235,-3.076179],[-59.986424,-3.075964],[-59.986466,-3.075105],[-59.985332,-3.075134],[-59.985004,-3.074377],[-59.984063,-3.074791],[-59.98274,-3.074463],[-59.982632,-3.075305],[-59.982,-3.075282],[-59.981799,-3.078888]]],[[[-60.020855,-3.109993],[-60.021216,-3.110666],[-60.021155,-3.113295],[-60.023588,-3.11322],[-60.023791,-3.108314],[-60.023222,-3.108382],[-60.02329,-3.109591],[-60.020855,-3.109993]]]]}},{"type":"Feature","properties":{"id":"1130260300174","name":"Morro da Liberdade","city":"1302603","ivs":0.456,"idhm":0.649,"income":382.11,"cnes":0},"geometry":{"type":"Polygon","coordinates":[[[-60.002126,-3.137395],[-60.002605,-3.139244],[-60.003772,-3.138923],[-60.004126,-3.138605],[-60.003209,-3.137619],[-60.00367,-3.136748],[-60.003028,-3.136488],[-60.002833,-3.137241],[-60.002126,-3.137395]]]}},{"type":"Feature","properties":{"id":"1130260300175","name":"Cachoeirinha ( Parque Residencial Gilberto Mestrinho )","city":"1302603","ivs":0.385,"idhm":0.714,"income":533.2,"cnes":0},"geometry":{"type":"Polygon","coordinates":[[[-60.000853,-3.130398],[-60.000645,-3.133164],[-60.001928,-3.133366],[-60.006213,-3.1366],[-60.008117,-3.136532],[-60.007962,-3.134456],[-60.00513,-3.134655],[-60.005082,-3.13317],[-60.0035,-3.133228],[-60.00348,-3.132724],[-60.001982,-3.132692],[-60.001956,-3.130408],[-60.000853,-3.130398]]]}},{"type":"Feature","properties":{"id":"1130260300176","name":"Morro da Liberdade : Beco Antônio Lucena / Escola de Samba Reino Unido / Beco São Domingos","city":"1302603","ivs":0.425,"idhm":0.657,"income":367.57,"cnes":0},"geometry":{"type":"Polygon","coordinates":[[[-59.998989,-3.136135],[-59.998571,-3.137655],[-60.000182,-3.137458],[-59.999817,-3.136515],[-60.000063,-3.136016],[-59.999897,-3.135611],[-59.998989,-3.136135]]]}},{"type":"Feature","properties":{"id":"1130260300177","name":"Praça 14 de Janeiro / Cachoeirinha","city":"1302603","ivs":0.282,"idhm":0.753,"income":674.88,"cnes":43},"geometry":{"type":"Polygon","coordinates":[[[-60.005857,-3.118519],[-60.008208,-3.118426],[-60.009268,-3.118867],[-60.009437,-3.118726],[-60.010095,-3.119853],[-60.010033,-3.121346],[-60.005941,-3.121501],[-60.006057,-3.123054],[-60.007415,-3.122963],[-60.007643,-3.128618],[-60.006342,-3.12869],[-60.006414,-3.130142],[-60.008971,-3.130087],[-60.008929,-3.128551],[-60.011147,-3.128231],[-60.011032,-3.127001],[-60.011909,-3.126801],[-60.011875,-3.126199],[-60.01332,-3.126214],[-60.013219,-3.123227],[-60.015228,-3.123198],[-60.015204,-3.121675],[-60.014296,-3.121675],[-60.014315,-3.115775],[-60.010549,-3.115639],[-60.010607,-3.114663],[-60.006842,-3.116723],[-60.006315,-3.117305],[-60.005857,-3.118519]]]}},{"type":"Feature","properties":{"id":"1130260300178","name":"Cachoeirinha : Av. Maués","city":"1302603","ivs":0.283,"idhm":0.753,"income":674.88,"cnes":0},"geometry":{"type":"Polygon","coordinates":[[[-60.000053,-3.121787],[-60.000235,-3.123815],[-60.000995,-3.125585],[-60.001222,-3.127451],[-60.001892,-3.127354],[-60.001683,-3.124633],[-60.003156,-3.124527],[-60.003004,-3.121611],[-60.000053,-3.121787]]]}},{"type":"Feature","properties":{"id":"1130260300179","name":"Cachoeirinha ( Condomínio Jardim Brasil )","city":"1302603","ivs":0.234,"idhm":0.882,"income":1947.97,"cnes":1},"geometry":{"type":"Polygon","coordinates":[[[-60.000853,-3.130398],[-60.001956,-3.130408],[-60.001982,-3.132692],[-60.00348,-3.132724],[-60.003426,-3.131754],[-60.005023,-3.13167],[-60.004851,-3.128735],[-60.001895,-3.128819],[-60.001892,-3.127354],[-60.001222,-3.127451],[-60.001108,-3.129678],[-60.000853,-3.130398]]]}},{"type":"Feature","properties":{"id":"1130260300180","name":"Coroado ( Conjunto Acariquara )","city":"1302603","ivs":0.208,"idhm":0.874,"income":1953.17,"cnes":1},"geometry":{"type":"Polygon","coordinates":[[[-59.958075,-3.076702],[-59.958615,-3.082866],[-59.959387,-3.083343],[-59.959692,-3.085287],[-59.963081,-3.083792],[-59.962983,-3.083323],[-59.964171,-3.083446],[-59.964081,-3.081846],[-59.963286,-3.081832],[-59.962529,-3.074715],[-59.960322,-3.07546],[-59.959172,-3.076331],[-59.958258,-3.076232],[-59.958075,-3.076702]]]}},{"type":"Feature","properties":{"id":"1130260300181","name":"Crespo","city":"1302603","ivs":0.328,"idhm":0.762,"income":723.45,"cnes":10},"geometry":{"type":"Polygon","coordinates":[[[-59.98602,-3.130229],[-59.986422,-3.131025],[-59.987539,-3.131005],[-59.988313,-3.13181],[-59.993541,-3.129625],[-59.99226,-3.128528],[-59.992132,-3.128834],[-59.990548,-3.128867],[-59.990608,-3.12818],[-59.98936,-3.12796],[-59.987652,-3.128906],[-59.987946,-3.129561],[-59.987516,-3.129722],[-59.986935,-3.129394],[-59.98602,-3.130229]]]}},{"type":"Feature","properties":{"id":"1130260300182","name":"Nossa Senhora Aparecida ( Ponte São Raimundo)","city":"1302603","ivs":0.207,"idhm":0.874,"income":1953.17,"cnes":5},"geometry":{"type":"Polygon","coordinates":[[[-60.028365,-3.126477],[-60.028505,-3.12781],[-60.029203,-3.127748],[-60.029118,-3.126646],[-60.029633,-3.126651],[-60.02965,-3.12771],[-60.031251,-3.127569],[-60.031818,-3.128692],[-60.03008,-3.12924],[-60.030549,-3.130055],[-60.031831,-3.129355],[-60.031971,-3.128953],[-60.033467,-3.131355],[-60.035062,-3.130778],[-60.034864,-3.129024],[-60.033676,-3.127527],[-60.032839,-3.126998],[-60.03274,-3.126176],[-60.031018,-3.126557],[-60.028365,-3.126477]]]}},{"type":"Feature","properties":{"id":"1130260300183","name":"Parque Dez de Novembro ( Conjunto Samambaia )","city":"1302603","ivs":0.26,"idhm":0.86,"income":1348.92,"cnes":1},"geometry":{"type":"Polygon","coordinates":[[[-60.017132,-3.078377],[-60.017046,-3.079582],[-60.017822,-3.079982],[-60.0202,-3.08051],[-60.023185,-3.082935],[-60.024394,-3.080984],[-60.0244,-3.07947],[-60.017645,-3.078054],[-60.017476,-3.078407],[-60.017132,-3.078377]]]}},{"type":"Feature","properties":{"id":"1130260300184","name":"Santo Agostinho : Rua Padre Agostinho / Avenida Liberdade / Rua Primeiro de Maio","city":"1302603","ivs":0.385,"idhm":0.708,"income":594.09,"cnes":2},"geometry":{"type":"Polygon","coordinates":[[[-60.058764,-3.093722],[-60.060407,-3.094285],[-60.061277,-3.095449],[-60.062829,-3.094937],[-60.062488,-3.093318],[-60.062192,-3.09338],[-60.062343,-3.092511],[-60.061322,-3.091335],[-60.062154,-3.090402],[-60.063248,-3.091146],[-60.06374,-3.090178],[-60.063878,-3.08915],[-60.064812,-3.089282],[-60.065028,-3.087733],[-60.066027,-3.087803],[-60.06625,-3.08536],[-60.064444,-3.085167],[-60.063316,-3.085744],[-60.060673,-3.090783],[-60.058764,-3.093722]]]}},{"type":"Feature","properties":{"id":"1130260300185","name":"Cachoeirinha / Centro","city":"1302603","ivs":0.328,"idhm":0.812,"income":1025.01,"cnes":11},"geometry":{"type":"Polygon","coordinates":[[[-60.003426,-3.131754],[-60.0035,-3.133228],[-60.005082,-3.13317],[-60.00513,-3.134655],[-60.007962,-3.134456],[-60.008117,-3.136532],[-60.009509,-3.136212],[-60.010141,-3.136311],[-60.010434,-3.134802],[-60.012119,-3.134779],[-60.012019,-3.131563],[-60.013468,-3.131581],[-60.013531,-3.134763],[-60.015539,-3.134728],[-60.01556,-3.133826],[-60.015233,-3.132842],[-60.015678,-3.132586],[-60.015559,-3.128203],[-60.010395,-3.128234],[-60.009296,-3.128435],[-60.008929,-3.128551],[-60.008971,-3.130087],[-60.004937,-3.130195],[-60.005023,-3.13167],[-60.003426,-3.131754]]]}},{"type":"Feature","properties":{"id":"1130260300186","name":"Tarumã-Açu ( Residencial Vila Dos Pássaros )","city":"1302603","ivs":0.221,"idhm":0.855,"income":1747.41,"cnes":0},"geometry":{"type":"Polygon","coordinates":[[[-60.017046,-2.979963],[-60.018513,-2.981631],[-60.022248,-2.981638],[-60.02433,-2.982448],[-60.024173,-2.979491],[-60.017046,-2.979963]]]}},{"type":"Feature","properties":{"id":"1130260300187","name":"Santa Etelvina","city":"1302603","ivs":0.255,"idhm":0.822,"income":1248.67,"cnes":0},"geometry":{"type":"Polygon","coordinates":[[[-59.997261,-2.986015],[-59.997853,-2.987005],[-59.998362,-2.987354],[-59.999782,-2.987145],[-60.00108,-2.987372],[-60.00252,-2.986881],[-60.002976,-2.987309],[-60.003108,-2.985906],[-59.997261,-2.986015]]]}},{"type":"Feature","properties":{"id":"1130260300188","name":"Tancredo Neves ( Conjunto Nova Floresta / Conjunto São Lucas /Invasão Nova Conquista )","city":"1302603","ivs":0.473,"idhm":0.635,"income":370.16,"cnes":27},"geometry":{"type":"Polygon","coordinates":[[[-59.926591,-3.053202],[-59.927384,-3.053857],[-59.929736,-3.053578],[-59.931157,-3.056143],[-59.931291,-3.059332],[-59.933214,-3.05877],[-59.932873,-3.060457],[-59.935416,-3.063244],[-59.935647,-3.063185],[-59.936008,-3.06374],[-59.936431,-3.063692],[-59.939094,-3.065921],[-59.939224,-3.065034],[-59.939721,-3.064998],[-59.939443,-3.064117],[-59.941473,-3.062754],[-59.940995,-3.062005],[-59.941983,-3.061535],[-59.943803,-3.059726],[-59.943969,-3.060047],[-59.945173,-3.0593],[-59.944767,-3.058928],[-59.945379,-3.058396],[-59.951206,-3.056076],[-59.953344,-3.054494],[-59.951099,-3.051882],[-59.949739,-3.051114],[-59.946788,-3.048836],[-59.944525,-3.046394],[-59.943776,-3.044772],[-59.94284,-3.044435],[-59.943017,-3.045346],[-59.941247,-3.044554],[-59.941841,-3.045479],[-59.938505,-3.048176],[-59.937559,-3.047777],[-59.937166,-3.04797],[-59.934904,-3.047284],[-59.932468,-3.046318],[-59.932158,-3.045757],[-59.931692,-3.045989],[-59.932187,-3.046987],[-59.931728,-3.047263],[-59.93182,-3.047476],[-59.927659,-3.049584],[-59.927181,-3.050049],[-59.926591,-3.053202]]]}},{"type":"Feature","properties":{"id":"1130260300189","name":"Edifício Maison Vivaldi / Edifício Residencial Palácio Adrianópolis / Edifício Mansão Adrianópolis / Residencial Jardim Adrianópolis / Condomínio Happy Days / Residencial Upperside / Residencial Uniqui / Condomínio Residencial Adrianópolis","city":"1302603","ivs":0.082,"idhm":0.93,"income":7893.75,"cnes":8},"geometry":{"type":"Polygon","coordinates":[[[-59.995434,-3.094406],[-59.997213,-3.095857],[-59.997403,-3.095544],[-59.997568,-3.095621],[-59.997869,-3.096184],[-59.999421,-3.094138],[-60.000154,-3.09383],[-60.000111,-3.093628],[-60.002865,-3.094273],[-60.003873,-3.093799],[-60.003207,-3.092188],[-60.003976,-3.092173],[-60.002739,-3.090988],[-60.001895,-3.091397],[-60.00108,-3.090147],[-59.998719,-3.091532],[-59.995434,-3.094406]]]}},{"type":"Feature","properties":{"id":"1130260300190","name":"São Geraldo : Av. Kako Caminha / Av. Costantino Nery / Rua Santo Afonso","city":"1302603","ivs":0.329,"idhm":0.762,"income":723.45,"cnes":8},"geometry":{"type":"Polygon","coordinates":[[[-60.026591,-3.112152],[-60.026663,-3.115871],[-60.03331,-3.1148],[-60.033125,-3.114162],[-60.032035,-3.113967],[-60.031761,-3.11313],[-60.030774,-3.112339],[-60.03037,-3.112485],[-60.026591,-3.112152]]]}},{"type":"Feature","properties":{"id":"1130260300191","name":"Santo Agostinho ( Condomínio Residencial Vila Verde )","city":"1302603","ivs":0.329,"idhm":0.812,"income":1025.01,"cnes":0},"geometry":{"type":"Polygon","coordinates":[[[-60.062488,-3.093318],[-60.062829,-3.094937],[-60.066404,-3.09424],[-60.066009,-3.092323],[-60.06467,-3.092656],[-60.064707,-3.090275],[-60.06374,-3.090178],[-60.063248,-3.091146],[-60.063773,-3.092837],[-60.062488,-3.093318]]]}},{"type":"Feature","properties":{"id":"1130260300192","name":"Santo Agostinho","city":"1302603","ivs":0.47,"idhm":0.632,"income":354.52,"cnes":2},"geometry":{"type":"Polygon","coordinates":[[[-60.06374,-3.090178],[-60.064707,-3.090275],[-60.06467,-3.092656],[-60.066009,-3.092323],[-60.066508,-3.094787],[-60.067521,-3.094597],[-60.066937,-3.091523],[-60.067017,-3.089404],[-60.065946,-3.08961],[-60.066593,-3.087998],[-60.065028,-3.087733],[-60.064812,-3.089282],[-60.063878,-3.08915],[-60.06374,-3.090178]]]}},{"type":"Feature","properties":{"id":"1130260300193","name":"Santo Agostinho : Avenida Rio negro / Academia de Tênis","city":"1302603","ivs":0.317,"idhm":0.787,"income":822.06,"cnes":1},"geometry":{"type":"Polygon","coordinates":[[[-60.065946,-3.08961],[-60.067017,-3.089404],[-60.067025,-3.089726],[-60.069941,-3.09013],[-60.069995,-3.089679],[-60.069091,-3.089524],[-60.069165,-3.089008],[-60.070059,-3.089136],[-60.070127,-3.085921],[-60.06625,-3.08536],[-60.066027,-3.087803],[-60.066593,-3.087998],[-60.065946,-3.08961]]]}},{"type":"Feature","properties":{"id":"1130260300194","name":"Coroado : Condomínio Uritá / Av. Castelo Branco","city":"1302603","ivs":0.318,"idhm":0.787,"income":822.06,"cnes":6},"geometry":{"type":"Polygon","coordinates":[[[-59.948064,-3.093393],[-59.948515,-3.09375],[-59.948442,-3.094023],[-59.950198,-3.09456],[-59.950736,-3.094964],[-59.952965,-3.097964],[-59.957219,-3.101674],[-59.958008,-3.10054],[-59.959398,-3.099927],[-59.963026,-3.100824],[-59.964216,-3.100895],[-59.964301,-3.10059],[-59.965718,-3.100717],[-59.965699,-3.101383],[-59.966266,-3.101486],[-59.966548,-3.102691],[-59.96754,-3.102029],[-59.968333,-3.102109],[-59.969345,-3.101815],[-59.969868,-3.101885],[-59.970624,-3.102514],[-59.971015,-3.102499],[-59.971158,-3.102267],[-59.971456,-3.1026],[-59.972774,-3.102346],[-59.972987,-3.103104],[-59.972908,-3.10407],[-59.980056,-3.107646],[-59.983134,-3.100842],[-59.977846,-3.099307],[-59.978102,-3.098611],[-59.977929,-3.097933],[-59.976326,-3.097087],[-59.973553,-3.097426],[-59.973189,-3.097218],[-59.973039,-3.096999],[-59.973798,-3.094602],[-59.973531,-3.09384],[-59.97158,-3.091489],[-59.970506,-3.089436],[-59.96861,-3.088266],[-59.967597,-3.087179],[-59.967156,-3.087086],[-59.967829,-3.0869],[-59.972059,-3.087801],[-59.973673,-3.087637],[-59.973705,-3.083626],[-59.962983,-3.083323],[-59.963081,-3.083792],[-59.959692,-3.085287],[-59.959387,-3.083343],[-59.958615,-3.082866],[-59.958075,-3.076702],[-59.958258,-3.076232],[-59.957055,-3.075846],[-59.955947,-3.075646],[-59.955945,-3.079014],[-59.955672,-3.079791],[-59.953425,-3.082835],[-59.949374,-3.087565],[-59.948834,-3.089254],[-59.948064,-3.093393]]]}},{"type":"Feature","properties":{"id":"1130260300195","name":"Coroado ( Condomínio Senador João Bosco / Conjunto Parque dos Tucanos )","city":"1302603","ivs":0.328,"idhm":0.812,"income":1025.01,"cnes":0},"geometry":{"type":"Polygon","coordinates":[[[-59.962529,-3.074715],[-59.963286,-3.081832],[-59.964081,-3.081846],[-59.964162,-3.081642],[-59.964992,-3.081896],[-59.965459,-3.080624],[-59.965128,-3.080487],[-59.965139,-3.078053],[-59.965463,-3.078012],[-59.965214,-3.076384],[-59.964447,-3.076249],[-59.964294,-3.074541],[-59.962529,-3.074715]]]}},{"type":"Feature","properties":{"id":"1130260300196","name":"São Raimundo / Glória","city":"1302603","ivs":0.329,"idhm":0.762,"income":723.45,"cnes":3},"geometry":{"type":"Polygon","coordinates":[[[-60.033245,-3.122424],[-60.033296,-3.122697],[-60.035242,-3.122496],[-60.035427,-3.123295],[-60.036517,-3.122974],[-60.036774,-3.12426],[-60.037115,-3.124211],[-60.037111,-3.125467],[-60.037808,-3.125189],[-60.0379,-3.125619],[-60.037012,-3.126206],[-60.037145,-3.126879],[-60.035542,-3.126523],[-60.035542,-3.12762],[-60.034103,-3.128004],[-60.034864,-3.129024],[-60.036664,-3.128478],[-60.037102,-3.129095],[-60.037957,-3.129636],[-60.039034,-3.129546],[-60.039136,-3.129199],[-60.0396,-3.129045],[-60.039676,-3.129883],[-60.040667,-3.129259],[-60.040906,-3.128753],[-60.04314,-3.126677],[-60.043551,-3.125113],[-60.044055,-3.1247],[-60.04438,-3.123602],[-60.046011,-3.122238],[-60.046574,-3.122384],[-60.046941,-3.122134],[-60.046452,-3.12092],[-60.046677,-3.120374],[-60.047352,-3.120063],[-60.048409,-3.118999],[-60.040325,-3.118355],[-60.04031,-3.119514],[-60.039471,-3.119389],[-60.039285,-3.122888],[-60.037375,-3.123259],[-60.037292,-3.122788],[-60.036877,-3.122873],[-60.036835,-3.121921],[-60.033771,-3.122015],[-60.033245,-3.122424]]]}},{"type":"Feature","properties":{"id":"1130260300197","name":"Colônia Oliveira Machado / Vila Buriti ( Vila Humaitá - Marinha / Vila Rio Negro )","city":"1302603","ivs":0.185,"idhm":0.921,"income":2820.86,"cnes":1},"geometry":{"type":"Polygon","coordinates":[[[-59.974196,-3.147166],[-59.974763,-3.148685],[-59.974409,-3.149804],[-59.974702,-3.151802],[-59.975584,-3.154996],[-59.976445,-3.154949],[-59.978901,-3.156851],[-59.979286,-3.157337],[-59.97922,-3.157812],[-59.97943,-3.158078],[-59.980211,-3.157857],[-59.980344,-3.158111],[-59.980123,-3.158531],[-59.980311,-3.158785],[-59.981159,-3.159095],[-59.981467,-3.159493],[-59.981896,-3.159493],[-59.981621,-3.160023],[-59.980101,-3.159791],[-59.979022,-3.161162],[-59.977888,-3.161892],[-59.97813,-3.162356],[-59.979363,-3.1624],[-59.98107,-3.161914],[-59.982062,-3.160908],[-59.982667,-3.159659],[-59.984451,-3.159625],[-59.985784,-3.158774],[-59.986819,-3.15768],[-59.98716,-3.157613],[-59.987645,-3.157956],[-59.98879,-3.157967],[-59.989704,-3.157481],[-59.990872,-3.15642],[-59.992568,-3.155646],[-59.993557,-3.155466],[-59.99401,-3.154983],[-59.996918,-3.154485],[-59.99738,-3.153866],[-59.997468,-3.154021],[-59.999935,-3.153324],[-60.005497,-3.150306],[-60.00771,-3.149444],[-60.008558,-3.148073],[-60.008855,-3.148227],[-60.008654,-3.14798],[-60.00875,-3.147651],[-60.009465,-3.147605],[-60.009223,-3.147139],[-60.00977,-3.147368],[-60.008521,-3.146379],[-60.008049,-3.147102],[-60.007756,-3.146721],[-60.007347,-3.147195],[-60.006459,-3.14647],[-60.00515,-3.14848],[-60.004469,-3.148827],[-60.002951,-3.148881],[-59.999964,-3.147783],[-59.998607,-3.146787],[-59.995612,-3.149402],[-59.994813,-3.149673],[-59.993999,-3.149635],[-59.992156,-3.14903],[-59.989653,-3.147712],[-59.985703,-3.14679],[-59.984601,-3.14681],[-59.984198,-3.147884],[-59.983227,-3.146998],[-59.981868,-3.14655],[-59.981,-3.147018],[-59.980387,-3.147855],[-59.978703,-3.147507],[-59.974413,-3.144048],[-59.974675,-3.145376],[-59.974196,-3.147166]]]}},{"type":"Feature","properties":{"id":"1130260300198","name":"Glória / Santo Antônio","city":"1302603","ivs":0.282,"idhm":0.753,"income":674.88,"cnes":2},"geometry":{"type":"Polygon","coordinates":[[[-60.03331,-3.1148],[-60.0338,-3.116029],[-60.03387,-3.11693],[-60.033592,-3.119098],[-60.034091,-3.119318],[-60.034337,-3.119792],[-60.034314,-3.120522],[-60.033887,-3.121421],[-60.036749,-3.121482],[-60.036664,-3.119648],[-60.036264,-3.118251],[-60.036903,-3.118044],[-60.03701,-3.117199],[-60.03735,-3.117237],[-60.037523,-3.115495],[-60.038526,-3.115628],[-60.03859,-3.114749],[-60.037574,-3.114624],[-60.037678,-3.113939],[-60.036606,-3.113837],[-60.035604,-3.114067],[-60.034908,-3.114531],[-60.03331,-3.1148]]]}},{"type":"Feature","properties":{"id":"1130260300199","name":"Santo Antônio / São Raimundo","city":"1302603","ivs":0.318,"idhm":0.787,"income":822.06,"cnes":1},"geometry":{"type":"Polygon","coordinates":[[[-60.036264,-3.118251],[-60.036664,-3.119648],[-60.036749,-3.121482],[-60.037154,-3.121983],[-60.037375,-3.123259],[-60.039285,-3.122888],[-60.039471,-3.119389],[-60.04031,-3.119514],[-60.040178,-3.118338],[-60.040434,-3.11683],[-60.041499,-3.116992],[-60.041601,-3.11602],[-60.037523,-3.115495],[-60.03735,-3.117237],[-60.03701,-3.117199],[-60.036903,-3.118044],[-60.036264,-3.118251]]]}},{"type":"Feature","properties":{"id":"1130260300200","name":"Raiz : Avenida Marginal / Parque Residencial Cachoeirinha PROSAMIN","city":"1302603","ivs":0.382,"idhm":0.714,"income":533.2,"cnes":1},"geometry":{"type":"Polygon","coordinates":[[[-59.999174,-3.12517],[-60.000282,-3.126359],[-60.000389,-3.128368],[-59.999832,-3.131903],[-60.000629,-3.132286],[-60.000693,-3.130732],[-60.001185,-3.128924],[-60.000995,-3.125585],[-60.000595,-3.124838],[-59.999174,-3.12517]]]}}]}