{"type":"FeatureCollection","features":[{"type":"Feature","properties":{"id":"1510340300001","name":"Altos do Coxipó","city":"5103403","ivs":0.211,"idhm":0.814,"income":1056.72,"cnes":3},"geometry":{"type":"Polygon","coordinates":[[[-56.016985,-15.630501],[-56.019227,-15.632327],[-56.02031,-15.632795],[-56.021108,-15.633449],[-56.022014,-15.634657],[-56.023383,-15.6358],[-56.025454,-15.638171],[-56.025562,-15.63861],[-56.026229,-15.638212],[-56.027003,-15.637079],[-56.032626,-15.627842],[-56.034192,-15.626351],[-56.036315,-15.625004],[-56.035591,-15.624573],[-56.034276,-15.622281],[-56.033311,-15.621391],[-56.031345,-15.622356],[-56.030706,-15.621755],[-56.030543,-15.621216],[-56.029741,-15.621091],[-56.028977,-15.621141],[-56.026972,-15.622005],[-56.025491,-15.622068],[-56.02333,-15.621361],[-56.021732,-15.620531],[-56.020687,-15.620502],[-56.019004,-15.621919],[-56.019144,-15.626101],[-56.018004,-15.627157],[-56.017861,-15.629094],[-56.016985,-15.630501]]]}},{"type":"Feature","properties":{"id":"1510340300002","name":"Alvorada","city":"5103403","ivs":0.295,"idhm":0.794,"income":846.34,"cnes":8},"geometry":{"type":"Polygon","coordinates":[[[-56.079755,-15.569055],[-56.080594,-15.570444],[-56.081058,-15.573778],[-56.081752,-15.574713],[-56.082263,-15.574967],[-56.081315,-15.57561],[-56.080656,-15.577315],[-56.081106,-15.577513],[-56.081079,-15.577936],[-56.081513,-15.578134],[-56.081,-15.579837],[-56.08162,-15.580654],[-56.081267,-15.580931],[-56.081818,-15.581325],[-56.081451,-15.581853],[-56.082291,-15.582161],[-56.08838,-15.580766],[-56.087587,-15.579735],[-56.086875,-15.576209],[-56.086489,-15.575947],[-56.085951,-15.576294],[-56.085495,-15.575638],[-56.085887,-15.575206],[-56.085531,-15.5746],[-56.085249,-15.574941],[-56.084422,-15.575026],[-56.084075,-15.574866],[-56.084097,-15.573814],[-56.083632,-15.57386],[-56.083692,-15.572954],[-56.084771,-15.571873],[-56.083692,-15.570275],[-56.084367,-15.570164],[-56.083833,-15.567204],[-56.083212,-15.566453],[-56.079755,-15.569055]]]}},{"type":"Feature","properties":{"id":"1510340300003","name":"Areão / Baú / Lixeira / Jardim Guanabara","city":"5103403","ivs":0.177,"idhm":0.858,"income":1443.19,"cnes":193},"geometry":{"type":"Polygon","coordinates":[[[-56.076094,-15.602123],[-56.07639,-15.603362],[-56.076714,-15.6038],[-56.080656,-15.607852],[-56.088453,-15.60133],[-56.089715,-15.597913],[-56.090834,-15.596002],[-56.092529,-15.59542],[-56.092614,-15.594076],[-56.092306,-15.593032],[-56.094739,-15.590994],[-56.094188,-15.590091],[-56.087907,-15.58513],[-56.086278,-15.586582],[-56.083627,-15.588409],[-56.080799,-15.591039],[-56.080073,-15.592],[-56.080029,-15.592368],[-56.083158,-15.592116],[-56.083364,-15.593486],[-56.084304,-15.594756],[-56.083405,-15.59531],[-56.084309,-15.597067],[-56.084102,-15.597842],[-56.083031,-15.597449],[-56.082331,-15.599696],[-56.081219,-15.60051],[-56.080281,-15.599672],[-56.079222,-15.600944],[-56.076976,-15.602519],[-56.076094,-15.602123]]]}},{"type":"Feature","properties":{"id":"1510340300004","name":"Área de Expansão Urbana : Região Sudeste","city":"5103403","ivs":0.27,"idhm":0.768,"income":827.57,"cnes":4},"geometry":{"type":"Polygon","coordinates":[[[-56.103659,-15.686925],[-56.088534,-15.686952],[-56.082293,-15.68594],[-56.076704,-15.684393],[-56.073518,-15.68308],[-56.070894,-15.680246],[-56.069975,-15.678943],[-56.069472,-15.677641],[-56.069155,-15.676161],[-56.069379,-15.674892],[-56.058795,-15.679493],[-56.045029,-15.685094],[-56.042216,-15.685923],[-56.04509,-15.673642],[-56.041896,-15.672968],[-56.017575,-15.650591],[-56.009218,-15.652717],[-56.006791,-15.64707],[-55.989667,-15.654257],[-55.988709,-15.654361],[-55.98184,-15.657248],[-55.981254,-15.657736],[-55.97915,-15.658349],[-55.96119,-15.665749],[-55.946784,-15.671932],[-55.942056,-15.674556],[-55.943483,-15.676754],[-55.943593,-15.677576],[-55.943209,-15.679271],[-55.943577,-15.68066],[-55.943351,-15.68222],[-55.94394,-15.684967],[-55.946242,-15.688656],[-55.946924,-15.69135],[-55.946624,-15.69516],[-55.999633,-15.673907],[-56.010592,-15.699118],[-56.015062,-15.704586],[-56.017144,-15.706527],[-56.019404,-15.70776],[-56.030556,-15.711892],[-56.032399,-15.712324],[-56.055212,-15.716305],[-56.067021,-15.717776],[-56.071998,-15.717785],[-56.074153,-15.717477],[-56.076592,-15.716746],[-56.090238,-15.710288],[-56.09445,-15.708684],[-56.096562,-15.708492],[-56.098518,-15.708747],[-56.103978,-15.712092],[-56.106346,-15.707236],[-56.110763,-15.7021],[-56.113416,-15.698347],[-56.114072,-15.696423],[-56.1138,-15.695033],[-56.113112,-15.69373],[-56.1115,-15.6922],[-56.105275,-15.687559],[-56.103659,-15.686925]]]}},{"type":"Feature","properties":{"id":"1510340300005","name":"Jardim Umuarama / Nova Conquista / Ouro Fino / Vila Nova","city":"5103403","ivs":0.316,"idhm":0.723,"income":575.9,"cnes":8},"geometry":{"type":"Polygon","coordinates":[[[-56.010068,-15.557571],[-56.010788,-15.558178],[-56.013747,-15.55849],[-56.020725,-15.562261],[-56.021523,-15.560746],[-56.019601,-15.559748],[-56.01683,-15.556312],[-56.020092,-15.550825],[-56.018092,-15.549602],[-56.019987,-15.54589],[-56.019509,-15.545471],[-56.019471,-15.545104],[-56.019644,-15.544831],[-56.020321,-15.544662],[-56.020892,-15.54356],[-56.02571,-15.546023],[-56.030044,-15.541345],[-56.042593,-15.552892],[-56.043037,-15.55363],[-56.050269,-15.551251],[-56.053673,-15.549818],[-56.04894,-15.544153],[-56.049472,-15.539425],[-56.048582,-15.537554],[-56.046731,-15.536753],[-56.043527,-15.535841],[-56.038563,-15.531606],[-56.02774,-15.525094],[-56.010068,-15.557571]],[[-56.037005,-15.545509],[-56.038773,-15.543671],[-56.046745,-15.551143],[-56.045237,-15.551657],[-56.043217,-15.552771],[-56.03741,-15.547479],[-56.038361,-15.546501],[-56.037005,-15.545509]]]}},{"type":"Feature","properties":{"id":"1510340300006","name":"Barra do Pari / Santa Amália","city":"5103403","ivs":0.211,"idhm":0.814,"income":1056.72,"cnes":3},"geometry":{"type":"Polygon","coordinates":[[[-56.130021,-15.591704],[-56.13162,-15.594792],[-56.131281,-15.594966],[-56.130632,-15.59618],[-56.134058,-15.597473],[-56.13416,-15.597248],[-56.137354,-15.598536],[-56.137488,-15.598831],[-56.14133,-15.60095],[-56.141859,-15.600188],[-56.142796,-15.59719],[-56.143738,-15.592846],[-56.14342,-15.591546],[-56.142824,-15.590423],[-56.139737,-15.587633],[-56.138097,-15.586527],[-56.137398,-15.587416],[-56.136943,-15.587401],[-56.135979,-15.586744],[-56.135101,-15.585699],[-56.133848,-15.585187],[-56.133102,-15.586079],[-56.13218,-15.590371],[-56.130021,-15.591704]]]}},{"type":"Feature","properties":{"id":"1510340300007","name":"Boa Esperança / UFMT","city":"5103403","ivs":0.181,"idhm":0.947,"income":4207.97,"cnes":29},"geometry":{"type":"Polygon","coordinates":[[[-56.050546,-15.616458],[-56.051098,-15.61656],[-56.051292,-15.617116],[-56.052249,-15.61767],[-56.05302,-15.619217],[-56.053581,-15.619293],[-56.054673,-15.618697],[-56.055403,-15.619072],[-56.056249,-15.617919],[-56.057273,-15.618472],[-56.057919,-15.618263],[-56.06033,-15.618315],[-56.062541,-15.619637],[-56.063631,-15.618497],[-56.065929,-15.620551],[-56.074258,-15.613374],[-56.073193,-15.613501],[-56.068951,-15.610415],[-56.068474,-15.609998],[-56.068377,-15.60925],[-56.063435,-15.605051],[-56.057699,-15.608501],[-56.05388,-15.604541],[-56.054122,-15.606064],[-56.053899,-15.606927],[-56.053366,-15.607379],[-56.053075,-15.608338],[-56.053753,-15.610247],[-56.053585,-15.613274],[-56.053264,-15.613932],[-56.05215,-15.614047],[-56.051861,-15.615038],[-56.051335,-15.615118],[-56.051041,-15.616158],[-56.050546,-15.616458]]]}},{"type":"Feature","properties":{"id":"1510340300008","name":"Canjica","city":"5103403","ivs":0.27,"idhm":0.768,"income":827.57,"cnes":2},"geometry":{"type":"Polygon","coordinates":[[[-56.066928,-15.58381],[-56.070352,-15.589679],[-56.071894,-15.587978],[-56.072036,-15.587161],[-56.073401,-15.586012],[-56.073342,-15.585725],[-56.073991,-15.585605],[-56.074274,-15.585281],[-56.073189,-15.584758],[-56.07215,-15.583319],[-56.071493,-15.583644],[-56.070327,-15.581786],[-56.069679,-15.582565],[-56.066928,-15.58381]]]}},{"type":"Feature","properties":{"id":"1510340300009","name":"Bosque da Saúde ( Shopping Pantanal )","city":"5103403","ivs":0.182,"idhm":0.947,"income":4207.97,"cnes":171},"geometry":{"type":"Polygon","coordinates":[[[-56.068834,-15.577309],[-56.069697,-15.579535],[-56.07053,-15.580219],[-56.070829,-15.579865],[-56.075293,-15.582906],[-56.076385,-15.583144],[-56.076616,-15.58376],[-56.076557,-15.585354],[-56.074782,-15.586709],[-56.072623,-15.589854],[-56.075033,-15.589888],[-56.073753,-15.591017],[-56.077554,-15.592486],[-56.080073,-15.592001],[-56.080799,-15.591039],[-56.083627,-15.588409],[-56.07732,-15.581849],[-56.076918,-15.581133],[-56.076547,-15.579182],[-56.073844,-15.575222],[-56.073024,-15.57418],[-56.068834,-15.577309]]]}},{"type":"Feature","properties":{"id":"1510340300010","name":"Jardim Bela Marina / Jardim California / Jardim Shangri-lá","city":"5103403","ivs":0.182,"idhm":0.947,"income":4207.97,"cnes":16},"geometry":{"type":"Polygon","coordinates":[[[-56.059888,-15.625386],[-56.063688,-15.630859],[-56.064879,-15.632227],[-56.065055,-15.632936],[-56.067175,-15.63436],[-56.067917,-15.634337],[-56.068265,-15.634013],[-56.068752,-15.633966],[-56.069163,-15.634376],[-56.069369,-15.635106],[-56.068659,-15.637027],[-56.069043,-15.637556],[-56.070699,-15.638349],[-56.071766,-15.638437],[-56.072441,-15.639456],[-56.072544,-15.640097],[-56.072037,-15.640942],[-56.071213,-15.641092],[-56.069941,-15.640933],[-56.069515,-15.641361],[-56.06972,-15.64213],[-56.070651,-15.643282],[-56.073659,-15.641586],[-56.077137,-15.639226],[-56.078755,-15.637292],[-56.075261,-15.634602],[-56.073341,-15.632169],[-56.071798,-15.63156],[-56.072269,-15.63111],[-56.073889,-15.631443],[-56.075828,-15.626211],[-56.076398,-15.625225],[-56.075817,-15.624262],[-56.075835,-15.623209],[-56.077372,-15.620707],[-56.069252,-15.620574],[-56.067195,-15.6211],[-56.066353,-15.621063],[-56.065879,-15.620629],[-56.059888,-15.625386]]]}},{"type":"Feature","properties":{"id":"1510340300011","name":"Terra Nova Cuiabá","city":"5103403","ivs":0.347,"idhm":0.67,"income":446.83,"cnes":0},"geometry":{"type":"Polygon","coordinates":[[[-56.066496,-15.580239],[-56.066557,-15.582397],[-56.066928,-15.58381],[-56.069303,-15.582727],[-56.066496,-15.580239]]]}},{"type":"Feature","properties":{"id":"1510340300012","name":"Jardim Aclimação","city":"5103403","ivs":0.306,"idhm":0.692,"income":561.96,"cnes":1},"geometry":{"type":"Polygon","coordinates":[[[-56.070352,-15.589679],[-56.072053,-15.590349],[-56.072623,-15.589854],[-56.074782,-15.586709],[-56.076557,-15.585354],[-56.076616,-15.58376],[-56.076385,-15.583144],[-56.075293,-15.582906],[-56.07434,-15.582308],[-56.07215,-15.583319],[-56.073189,-15.584758],[-56.074274,-15.585281],[-56.073991,-15.585605],[-56.073342,-15.585725],[-56.073401,-15.586012],[-56.072036,-15.587161],[-56.071894,-15.587978],[-56.070352,-15.589679]]]}},{"type":"Feature","properties":{"id":"1510340300013","name":"Centro Norte / Centro Sul / Duque de Caxias / Jardim Cuiabá / Goiabeiras","city":"5103403","ivs":0.097,"idhm":0.907,"income":2801.35,"cnes":864},"geometry":{"type":"Polygon","coordinates":[[[-56.092306,-15.593032],[-56.092614,-15.594076],[-56.092529,-15.59542],[-56.093232,-15.597363],[-56.096815,-15.60082],[-56.099817,-15.605216],[-56.09973,-15.605809],[-56.098837,-15.606681],[-56.098747,-15.607193],[-56.101606,-15.612432],[-56.103224,-15.611436],[-56.104914,-15.609487],[-56.103423,-15.607653],[-56.108213,-15.603593],[-56.103938,-15.599396],[-56.106401,-15.597434],[-56.107949,-15.599101],[-56.109857,-15.597644],[-56.111786,-15.598253],[-56.115185,-15.597751],[-56.115945,-15.598176],[-56.116906,-15.599642],[-56.11974,-15.598551],[-56.120071,-15.598221],[-56.120991,-15.594863],[-56.120539,-15.594573],[-56.121216,-15.594774],[-56.120906,-15.592953],[-56.120545,-15.592264],[-56.116599,-15.58796],[-56.114561,-15.586211],[-56.114114,-15.586081],[-56.114454,-15.585897],[-56.114358,-15.585667],[-56.113281,-15.585146],[-56.111389,-15.582711],[-56.109982,-15.58343],[-56.109561,-15.585085],[-56.109048,-15.584361],[-56.105942,-15.586301],[-56.106574,-15.587463],[-56.105484,-15.588183],[-56.107197,-15.590622],[-56.106848,-15.590836],[-56.105999,-15.59081],[-56.101484,-15.593526],[-56.099372,-15.590372],[-56.097822,-15.587433],[-56.096211,-15.589803],[-56.092306,-15.593032]]]}},{"type":"Feature","properties":{"id":"1510340300014","name":"Centro Político Administrativo","city":"5103403","ivs":0.182,"idhm":0.947,"income":4207.97,"cnes":25},"geometry":{"type":"Polygon","coordinates":[[[-56.06139,-15.559439],[-56.068086,-15.568006],[-56.0669,-15.568513],[-56.06862,-15.570374],[-56.068925,-15.572747],[-56.068552,-15.573865],[-56.067163,-15.575932],[-56.066214,-15.576881],[-56.066079,-15.577762],[-56.066444,-15.579123],[-56.073024,-15.57418],[-56.073844,-15.575222],[-56.074275,-15.575216],[-56.077636,-15.572273],[-56.078003,-15.571243],[-56.077921,-15.569999],[-56.078857,-15.569716],[-56.083722,-15.566094],[-56.081222,-15.56459],[-56.079752,-15.564279],[-56.076763,-15.562426],[-56.073204,-15.556744],[-56.072708,-15.557052],[-56.071738,-15.556857],[-56.070654,-15.557742],[-56.068444,-15.558578],[-56.068284,-15.558301],[-56.068098,-15.558424],[-56.067662,-15.557366],[-56.066811,-15.557284],[-56.065731,-15.556243],[-56.06139,-15.559439]]]}},{"type":"Feature","properties":{"id":"1510340300015","name":"Terra Nova Cuiabá ( Residenciais )","city":"5103403","ivs":0.17,"idhm":0.901,"income":2533.47,"cnes":1},"geometry":{"type":"Polygon","coordinates":[[[-56.066971,-15.580639],[-56.069303,-15.582727],[-56.070327,-15.581786],[-56.071493,-15.583644],[-56.07434,-15.582308],[-56.070829,-15.579865],[-56.07053,-15.580219],[-56.069697,-15.579535],[-56.068834,-15.577309],[-56.068078,-15.578331],[-56.066971,-15.580639]]]}},{"type":"Feature","properties":{"id":"1510340300016","name":"Planalto","city":"5103403","ivs":0.21,"idhm":0.814,"income":1056.72,"cnes":1},"geometry":{"type":"Polygon","coordinates":[[[-56.045619,-15.58336],[-56.050106,-15.585065],[-56.051055,-15.582499],[-56.045753,-15.583271],[-56.045619,-15.58336]]]}},{"type":"Feature","properties":{"id":"1510340300017","name":"Jardim Primavera / Jardim Independência / Cidade Alta : Arena Pantanal","city":"5103403","ivs":0.177,"idhm":0.858,"income":1443.19,"cnes":41},"geometry":{"type":"Polygon","coordinates":[[[-56.111361,-15.603441],[-56.112671,-15.605529],[-56.11611,-15.609165],[-56.118725,-15.609697],[-56.120316,-15.611045],[-56.122144,-15.61045],[-56.122756,-15.611277],[-56.12332,-15.612828],[-56.123963,-15.612618],[-56.124855,-15.615143],[-56.127587,-15.612724],[-56.128255,-15.611726],[-56.128944,-15.609591],[-56.127549,-15.604248],[-56.127363,-15.601895],[-56.126952,-15.601238],[-56.121881,-15.596218],[-56.121076,-15.594582],[-56.120539,-15.594573],[-56.120991,-15.594863],[-56.120245,-15.597984],[-56.11974,-15.598551],[-56.11658,-15.599807],[-56.111361,-15.603441]]]}},{"type":"Feature","properties":{"id":"1510340300018","name":"Residencial Santa Inês","city":"5103403","ivs":0.211,"idhm":0.814,"income":1056.72,"cnes":2},"geometry":{"type":"Polygon","coordinates":[[[-56.050041,-15.588318],[-56.051265,-15.589769],[-56.056611,-15.589235],[-56.058552,-15.589547],[-56.059091,-15.588429],[-56.050489,-15.58521],[-56.050091,-15.585962],[-56.050891,-15.586237],[-56.050041,-15.588318]]]}},{"type":"Feature","properties":{"id":"1510340300019","name":"Campo Verde ( Kartódromo )","city":"5103403","ivs":0.416,"idhm":0.622,"income":387.15,"cnes":0},"geometry":{"type":"Polygon","coordinates":[[[-56.06401,-15.588434],[-56.064904,-15.588883],[-56.06417,-15.590317],[-56.06951,-15.592441],[-56.070013,-15.591053],[-56.070118,-15.589575],[-56.064758,-15.587439],[-56.06401,-15.588434]]]}},{"type":"Feature","properties":{"id":"1510340300020","name":"Carumbé / São Roque / Dom Bosco / Bela Vista / Campo Verde","city":"5103403","ivs":0.302,"idhm":0.745,"income":685.93,"cnes":11},"geometry":{"type":"Polygon","coordinates":[[[-56.050106,-15.585065],[-56.06417,-15.590317],[-56.064904,-15.588883],[-56.06401,-15.588434],[-56.064758,-15.587439],[-56.070145,-15.589454],[-56.066826,-15.58363],[-56.066557,-15.582397],[-56.066496,-15.580239],[-56.067034,-15.580595],[-56.06861,-15.577468],[-56.067209,-15.578459],[-56.066711,-15.579079],[-56.066444,-15.579123],[-56.066316,-15.578865],[-56.064719,-15.580372],[-56.052198,-15.58215],[-56.051055,-15.582499],[-56.050106,-15.585065]]]}},{"type":"Feature","properties":{"id":"1510340300021","name":"Área Rural Norte","city":"5103403","ivs":0.428,"idhm":0.622,"income":387.15,"cnes":1},"geometry":{"type":"Polygon","coordinates":[[[-55.897947,-15.192404],[-55.898595,-15.193996],[-55.90225,-15.196948],[-55.902888,-15.199489],[-55.904449,-15.208565],[-55.907058,-15.211018],[-55.907891,-15.212475],[-55.90939,-15.215468],[-55.909831,-15.218104],[-55.910424,-15.219553],[-55.912287,-15.221643],[-55.9162,-15.225275],[-55.91703,-15.227004],[-55.918893,-15.229914],[-55.922807,-15.233368],[-55.923088,-15.236637],[-55.922586,-15.242893],[-55.922665,-15.246794],[-55.92417,-15.249337],[-55.925474,-15.250429],[-55.927702,-15.2517],[-55.929475,-15.252247],[-55.93089,-15.253255],[-55.931896,-15.254909],[-55.93273,-15.260079],[-55.942609,-15.26154],[-55.958743,-15.267565],[-55.96464,-15.275128],[-55.968704,-15.281097],[-55.97928,-15.294433],[-55.982548,-15.295836],[-55.988892,-15.295865],[-55.990944,-15.294486],[-55.990149,-15.289722],[-55.988941,-15.285552],[-55.986295,-15.282566],[-55.983669,-15.275612],[-55.987366,-15.272655],[-55.98982,-15.272864],[-55.995128,-15.275466],[-55.996969,-15.275672],[-56.005945,-15.281464],[-56.012477,-15.284864],[-56.02267,-15.293238],[-56.024873,-15.303759],[-56.030166,-15.309732],[-56.035884,-15.312533],[-56.042047,-15.316442],[-56.0477,-15.325044],[-56.05371,-15.324457],[-56.061915,-15.327862],[-56.066954,-15.332478],[-56.07953,-15.348768],[-56.08547,-15.364417],[-56.086975,-15.381885],[-56.094837,-15.392334],[-56.106829,-15.39851],[-56.113776,-15.400988],[-56.120716,-15.405611],[-56.130165,-15.415145],[-56.131718,-15.415654],[-56.131559,-15.414664],[-56.130276,-15.411867],[-56.129715,-15.407742],[-56.126148,-15.393544],[-56.122756,-15.388864],[-56.121181,-15.384575],[-56.123156,-15.378028],[-56.124745,-15.374834],[-56.124895,-15.370044],[-56.12347,-15.36767],[-56.119923,-15.364761],[-56.11567,-15.359314],[-56.115971,-15.354234],[-56.114351,-15.342772],[-56.112386,-15.340333],[-56.109873,-15.338036],[-56.108898,-15.335248],[-56.107673,-15.333661],[-56.107172,-15.3311],[-56.106998,-15.326283],[-56.105578,-15.31795],[-56.107445,-15.314911],[-56.108456,-15.313931],[-56.111208,-15.312722],[-56.110973,-15.311156],[-56.111262,-15.309214],[-56.109153,-15.305364],[-56.108617,-15.302314],[-56.109736,-15.299436],[-56.114356,-15.295386],[-56.117675,-15.290172],[-56.119248,-15.288281],[-56.119527,-15.284768],[-56.12165,-15.281186],[-56.118464,-15.279987],[-56.118575,-15.274218],[-56.119372,-15.274845],[-56.122675,-15.275302],[-56.123824,-15.275197],[-56.124529,-15.275981],[-56.125378,-15.275824],[-56.126305,-15.274531],[-56.126632,-15.274427],[-56.126958,-15.274897],[-56.126932,-15.275406],[-56.126318,-15.277143],[-56.126527,-15.277534],[-56.127399,-15.277993],[-56.12819,-15.27789],[-56.132483,-15.275927],[-56.133963,-15.27622],[-56.134096,-15.275911],[-56.1339,-15.275422],[-56.13426,-15.274843],[-56.134828,-15.27491],[-56.137585,-15.277264],[-56.138458,-15.277524],[-56.141014,-15.277238],[-56.142566,-15.276382],[-56.143015,-15.276409],[-56.143345,-15.276655],[-56.143527,-15.277608],[-56.143949,-15.277829],[-56.145685,-15.277604],[-56.146002,-15.277759],[-56.146097,-15.280283],[-56.146411,-15.281057],[-56.147468,-15.281846],[-56.149092,-15.282702],[-56.152611,-15.283372],[-56.153073,-15.28376],[-56.153636,-15.2851],[-56.156688,-15.286696],[-56.159847,-15.287944],[-56.160532,-15.288771],[-56.160839,-15.291231],[-56.161746,-15.293036],[-56.162565,-15.29367],[-56.164455,-15.294179],[-56.164837,-15.294722],[-56.164274,-15.29638],[-56.164359,-15.29853],[-56.164974,-15.300091],[-56.16627,-15.300585],[-56.167065,-15.300471],[-56.170319,-15.297523],[-56.17342,-15.297006],[-56.174081,-15.297175],[-56.174503,-15.297499],[-56.174976,-15.298479],[-56.175328,-15.299846],[-56.175283,-15.301197],[-56.173053,-15.302798],[-56.172906,-15.303235],[-56.174145,-15.304334],[-56.174143,-15.304785],[-56.172168,-15.305666],[-56.172321,-15.306979],[-56.174475,-15.308185],[-56.175792,-15.309966],[-56.176927,-15.310666],[-56.179444,-15.310443],[-56.181693,-15.310773],[-56.183689,-15.311591],[-56.186123,-15.312231],[-56.187548,-15.313253],[-56.188417,-15.314763],[-56.189122,-15.317211],[-56.188066,-15.319589],[-56.18761,-15.3213],[-56.187372,-15.324672],[-56.187949,-15.326103],[-56.189125,-15.326751],[-56.19082,-15.32668],[-56.191669,-15.326271],[-56.193119,-15.32441],[-56.193636,-15.324154],[-56.194656,-15.324119],[-56.195304,-15.324392],[-56.197806,-15.32789],[-56.201279,-15.330233],[-56.201512,-15.331791],[-56.200725,-15.333256],[-56.201172,-15.334056],[-56.201556,-15.334263],[-56.202456,-15.334099],[-56.20536,-15.333066],[-56.206327,-15.332993],[-56.208178,-15.333669],[-56.21156,-15.335856],[-56.212734,-15.337058],[-56.213456,-15.338515],[-56.214228,-15.341131],[-56.214195,-15.342651],[-56.214627,-15.344093],[-56.216672,-15.346135],[-56.217381,-15.347593],[-56.218621,-15.348781],[-56.220725,-15.34938],[-56.223863,-15.349469],[-56.225224,-15.350143],[-56.225937,-15.351746],[-56.227582,-15.351417],[-56.228824,-15.351893],[-56.229642,-15.347847],[-56.230856,-15.349378],[-56.236618,-15.353513],[-56.23628,-15.357425],[-56.239672,-15.357298],[-56.245352,-15.358804],[-56.248716,-15.360761],[-56.252818,-15.358421],[-56.257998,-15.356422],[-56.260774,-15.354907],[-56.26661,-15.350176],[-56.270178,-15.346693],[-56.272729,-15.343474],[-56.275046,-15.341241],[-56.276573,-15.340305],[-56.279427,-15.339648],[-56.280321,-15.338031],[-56.280004,-15.336283],[-56.279407,-15.33534],[-56.27895,-15.333814],[-56.279092,-15.332784],[-56.279512,-15.331665],[-56.28327,-15.3263],[-56.283697,-15.323254],[-56.28407,-15.322224],[-56.284075,-15.320656],[-56.284449,-15.319268],[-56.285424,-15.317568],[-56.285155,-15.315461],[-56.284009,-15.312813],[-56.283696,-15.309764],[-56.283238,-15.308822],[-56.282457,-15.307789],[-56.279832,-15.305539],[-56.278408,-15.303518],[-56.277999,-15.301545],[-56.278333,-15.298454],[-56.278203,-15.295944],[-56.277792,-15.294598],[-56.277389,-15.290832],[-56.278056,-15.284874],[-56.27866,-15.283845],[-56.281672,-15.280584],[-56.284736,-15.275529],[-56.284789,-15.273513],[-56.28323,-15.270461],[-56.283372,-15.26943],[-56.284021,-15.268491],[-56.28855,-15.267072],[-56.291699,-15.264124],[-56.295447,-15.261581],[-56.299343,-15.256036],[-56.300641,-15.254427],[-56.301779,-15.253434],[-56.30124,-15.250284],[-56.300615,-15.24945],[-56.300795,-15.24875],[-56.300573,-15.247913],[-56.301184,-15.247034],[-56.301042,-15.246007],[-56.300484,-15.245626],[-56.299835,-15.245601],[-56.298,-15.246346],[-56.296899,-15.246288],[-56.29626,-15.245861],[-56.295857,-15.245236],[-56.296033,-15.24408],[-56.294751,-15.243732],[-56.293916,-15.24396],[-56.293095,-15.243853],[-56.292683,-15.242898],[-56.291724,-15.24233],[-56.291746,-15.241218],[-56.290183,-15.240255],[-56.289859,-15.238848],[-56.289397,-15.238323],[-56.287854,-15.238507],[-56.287424,-15.238],[-56.287247,-15.236752],[-56.286851,-15.235969],[-56.285004,-15.235009],[-56.28389,-15.233939],[-56.282602,-15.234246],[-56.281685,-15.234008],[-56.281672,-15.232322],[-56.281218,-15.231896],[-56.279913,-15.23172],[-56.27909,-15.230696],[-56.278677,-15.228724],[-56.277476,-15.227933],[-56.277634,-15.226185],[-56.277969,-15.225634],[-56.277485,-15.224448],[-56.277852,-15.223459],[-56.277477,-15.222482],[-56.27758,-15.220823],[-56.278411,-15.219357],[-56.2786,-15.218164],[-56.277976,-15.217823],[-56.276919,-15.218267],[-56.275885,-15.218305],[-56.276479,-15.217054],[-56.274976,-15.216561],[-56.274776,-15.21577],[-56.275532,-15.214552],[-56.274697,-15.213971],[-56.273559,-15.214152],[-56.272914,-15.213883],[-56.273405,-15.212963],[-56.274912,-15.212593],[-56.274224,-15.211397],[-56.274879,-15.210106],[-56.273856,-15.209154],[-56.27282,-15.208997],[-56.271786,-15.207701],[-56.269539,-15.207056],[-56.269023,-15.206245],[-56.265362,-15.204782],[-56.26495,-15.203936],[-56.265784,-15.200946],[-56.265243,-15.200239],[-56.262572,-15.200027],[-56.261544,-15.199463],[-56.260237,-15.199969],[-56.259254,-15.201616],[-56.258524,-15.201772],[-56.257922,-15.201499],[-56.257392,-15.200855],[-56.256212,-15.201258],[-56.255482,-15.201238],[-56.254324,-15.200303],[-56.25323,-15.199987],[-56.25282,-15.200786],[-56.252651,-15.202589],[-56.251923,-15.202821],[-56.251139,-15.201458],[-56.250003,-15.200668],[-56.249153,-15.199413],[-56.248494,-15.198936],[-56.247435,-15.198603],[-56.245455,-15.197132],[-56.244763,-15.196212],[-56.243257,-15.195524],[-56.241284,-15.1953],[-56.240221,-15.195708],[-56.239717,-15.197619],[-56.238938,-15.197946],[-56.238164,-15.197771],[-56.237134,-15.196823],[-56.236452,-15.196613],[-56.234676,-15.196792],[-56.233904,-15.19632],[-56.233246,-15.195359],[-56.232431,-15.195112],[-56.230614,-15.19375],[-56.23006,-15.192708],[-56.229222,-15.192222],[-56.225372,-15.191454],[-56.224048,-15.191463],[-56.2222,-15.192925],[-56.221036,-15.192637],[-56.220787,-15.190959],[-56.220182,-15.190306],[-56.218986,-15.18989],[-56.217142,-15.189757],[-56.216559,-15.189159],[-56.216421,-15.187883],[-56.214398,-15.187515],[-56.213615,-15.186726],[-56.213627,-15.1849],[-56.21161,-15.184327],[-56.211327,-15.18236],[-56.208631,-15.182202],[-56.207608,-15.181384],[-56.204844,-15.179906],[-56.204799,-15.17784],[-56.20417,-15.176653],[-56.203043,-15.175686],[-56.200963,-15.174563],[-56.199264,-15.174285],[-56.197086,-15.175299],[-56.195974,-15.174721],[-56.195838,-15.174065],[-56.196022,-15.172949],[-56.195418,-15.172685],[-56.194303,-15.173205],[-56.193588,-15.173203],[-56.192998,-15.172627],[-56.19321,-15.17081],[-56.192544,-15.17022],[-56.186753,-15.170127],[-56.185427,-15.169797],[-56.184398,-15.169138],[-56.182813,-15.167424],[-56.179373,-15.164667],[-56.177972,-15.163193],[-56.175751,-15.162168],[-56.174186,-15.160951],[-56.17283,-15.160648],[-56.169696,-15.156907],[-56.168613,-15.156352],[-56.167685,-15.158125],[-56.164591,-15.158985],[-56.163625,-15.158846],[-56.16325,-15.158072],[-56.164014,-15.156959],[-56.163637,-15.156254],[-56.16265,-15.154972],[-56.161086,-15.15404],[-56.159396,-15.15347],[-56.158143,-15.151087],[-56.155424,-15.151952],[-56.154058,-15.150116],[-56.151118,-15.147523],[-56.148563,-15.144044],[-56.145951,-15.143355],[-56.143642,-15.142318],[-56.141725,-15.141935],[-56.140502,-15.140181],[-56.139619,-15.138355],[-56.136477,-15.136669],[-56.133863,-15.135809],[-56.13228,-15.134965],[-56.132148,-15.13252],[-56.133503,-15.129546],[-56.132336,-15.122816],[-56.130863,-15.12152],[-56.129593,-15.119056],[-56.127312,-15.116206],[-56.128171,-15.11468],[-56.129146,-15.113517],[-56.130227,-15.10981],[-56.130899,-15.104475],[-56.129809,-15.101921],[-56.129756,-15.100106],[-56.127149,-15.094166],[-56.119641,-15.090599],[-56.118,-15.088302],[-56.117474,-15.086663],[-56.115368,-15.085352],[-56.113896,-15.084059],[-56.111868,-15.083211],[-56.107448,-15.083857],[-56.105201,-15.084457],[-56.101811,-15.085942],[-56.096701,-15.08558],[-56.094789,-15.087814],[-56.091696,-15.0883],[-56.089646,-15.087906],[-56.087391,-15.088503],[-56.085448,-15.088469],[-56.083785,-15.087984],[-56.082672,-15.086334],[-56.081481,-15.085237],[-56.077671,-15.084712],[-56.075361,-15.082591],[-56.071364,-15.081977],[-56.069584,-15.083483],[-56.069094,-15.085384],[-56.066643,-15.086155],[-56.063671,-15.085649],[-56.060761,-15.085686],[-56.058229,-15.086549],[-56.05609,-15.086694],[-56.05403,-15.086299],[-56.051003,-15.087968],[-56.048749,-15.088657],[-56.046727,-15.088169],[-56.044557,-15.088757],[-56.041396,-15.088888],[-56.037393,-15.092535],[-56.034136,-15.092664],[-56.032337,-15.0939],[-56.031195,-15.09524],[-56.02812,-15.095727],[-56.026503,-15.09688],[-56.024892,-15.098484],[-56.023365,-15.099455],[-56.021424,-15.098785],[-56.018304,-15.095561],[-56.016197,-15.093891],[-56.011917,-15.092818],[-56.009027,-15.093312],[-56.005375,-15.093515],[-56.003814,-15.092861],[-56.00242,-15.091745],[-56.000755,-15.090811],[-55.997725,-15.092554],[-55.99623,-15.094188],[-55.994449,-15.095266],[-55.992755,-15.094993],[-55.991177,-15.094084],[-55.990725,-15.092634],[-55.986146,-15.089451],[-55.984001,-15.090082],[-55.982033,-15.091075],[-55.978953,-15.094245],[-55.977369,-15.094964],[-55.975391,-15.094414],[-55.968502,-15.088692],[-55.96553,-15.087137],[-55.962443,-15.084416],[-55.960203,-15.08432],[-55.957392,-15.08522],[-55.955062,-15.086848],[-55.953838,-15.088114],[-55.952363,-15.088658],[-55.948419,-15.087746],[-55.946393,-15.087828],[-55.942846,-15.089274],[-55.940581,-15.089176],[-55.939086,-15.088541],[-55.937887,-15.087444],[-55.936944,-15.086081],[-55.936397,-15.084269],[-55.936227,-15.082638],[-55.933229,-15.079455],[-55.931005,-15.076186],[-55.928197,-15.073275],[-55.927171,-15.07173],[-55.925504,-15.070821],[-55.924115,-15.071457],[-55.923529,-15.073448],[-55.92187,-15.075079],[-55.919692,-15.078159],[-55.919504,-15.079971],[-55.9197,-15.083239],[-55.920619,-15.084961],[-55.920223,-15.087505],[-55.918857,-15.090734],[-55.917336,-15.0923],[-55.913309,-15.092481],[-55.907608,-15.097812],[-55.907508,-15.100081],[-55.907781,-15.102717],[-55.908336,-15.104256],[-55.909468,-15.10526],[-55.90945,-15.106894],[-55.90862,-15.108979],[-55.908219,-15.111239],[-55.909442,-15.115877],[-55.908864,-15.117685],[-55.907195,-15.11932],[-55.905112,-15.123389],[-55.903336,-15.129918],[-55.903223,-15.131827],[-55.902754,-15.133365],[-55.903305,-15.135817],[-55.904138,-15.137536],[-55.905564,-15.139628],[-55.907504,-15.141355],[-55.909479,-15.142631],[-55.911961,-15.145338],[-55.912527,-15.147358],[-55.911775,-15.149622],[-55.909926,-15.151977],[-55.909336,-15.153788],[-55.909137,-15.155507],[-55.909339,-15.158052],[-55.909145,-15.161404],[-55.909421,-15.165306],[-55.908004,-15.16594],[-55.906973,-15.170114],[-55.902115,-15.175538],[-55.901255,-15.17681],[-55.901613,-15.178623],[-55.904535,-15.181807],[-55.904612,-15.184162],[-55.905722,-15.186442],[-55.905252,-15.18807],[-55.903674,-15.189508],[-55.899167,-15.191409],[-55.897947,-15.192404]]]}},{"type":"Feature","properties":{"id":"1510340300022","name":"Distrito Coxipó-açu","city":"5103403","ivs":0.354,"idhm":0.67,"income":446.83,"cnes":0},"geometry":{"type":"Polygon","coordinates":[[[-56.118464,-15.279987],[-56.125355,-15.282581],[-56.12587,-15.281344],[-56.126592,-15.28076],[-56.126523,-15.280055],[-56.12819,-15.27789],[-56.127399,-15.277993],[-56.126527,-15.277534],[-56.126318,-15.277143],[-56.126932,-15.275406],[-56.126867,-15.274623],[-56.126632,-15.274427],[-56.126305,-15.274531],[-56.125378,-15.275824],[-56.124529,-15.275981],[-56.123824,-15.275197],[-56.122675,-15.275302],[-56.119372,-15.274845],[-56.118575,-15.274218],[-56.118464,-15.279987]]]}},{"type":"Feature","properties":{"id":"1510340300023","name":"Área Rural Norte ( Votorantin )","city":"5103403","ivs":0.22,"idhm":0.814,"income":1056.72,"cnes":2},"geometry":{"type":"Polygon","coordinates":[[[-56.105578,-15.31795],[-56.106998,-15.326283],[-56.107172,-15.3311],[-56.107673,-15.333661],[-56.108898,-15.335248],[-56.109873,-15.338036],[-56.112386,-15.340333],[-56.114351,-15.342772],[-56.115971,-15.354234],[-56.11567,-15.359314],[-56.119923,-15.364761],[-56.12347,-15.36767],[-56.124895,-15.370044],[-56.124745,-15.374834],[-56.123156,-15.378028],[-56.121181,-15.384575],[-56.122756,-15.388864],[-56.126148,-15.393544],[-56.129715,-15.407742],[-56.130276,-15.411867],[-56.131559,-15.414664],[-56.131718,-15.415654],[-56.134903,-15.416696],[-56.142794,-15.421016],[-56.15163,-15.426257],[-56.155704,-15.435771],[-56.156944,-15.441903],[-56.151816,-15.45507],[-56.14101,-15.467906],[-56.140107,-15.469337],[-56.140533,-15.470288],[-56.140887,-15.470456],[-56.142176,-15.470326],[-56.143199,-15.469672],[-56.144647,-15.46998],[-56.145246,-15.470484],[-56.146298,-15.473409],[-56.147915,-15.474501],[-56.148481,-15.475223],[-56.149191,-15.477511],[-56.149034,-15.479285],[-56.149459,-15.480517],[-56.149566,-15.483189],[-56.15104,-15.485209],[-56.151778,-15.488551],[-56.152682,-15.490746],[-56.153088,-15.4913],[-56.154974,-15.492058],[-56.156226,-15.49317],[-56.156669,-15.495237],[-56.156706,-15.496677],[-56.157786,-15.498069],[-56.158471,-15.498438],[-56.159213,-15.498356],[-56.160441,-15.497652],[-56.160868,-15.497977],[-56.16093,-15.498864],[-56.160551,-15.49952],[-56.16057,-15.500104],[-56.161106,-15.500367],[-56.162633,-15.50006],[-56.163954,-15.500127],[-56.16546,-15.499215],[-56.166611,-15.498927],[-56.167953,-15.498932],[-56.168587,-15.499164],[-56.170044,-15.50014],[-56.172041,-15.50284],[-56.173201,-15.505599],[-56.175659,-15.50614],[-56.177317,-15.507723],[-56.178271,-15.508258],[-56.179065,-15.508438],[-56.181365,-15.508113],[-56.182525,-15.508211],[-56.183146,-15.508818],[-56.183974,-15.507945],[-56.185596,-15.506831],[-56.190783,-15.504116],[-56.195412,-15.502117],[-56.197126,-15.501002],[-56.198841,-15.499664],[-56.202043,-15.496494],[-56.205666,-15.491488],[-56.209564,-15.487424],[-56.212542,-15.481833],[-56.214967,-15.476061],[-56.215765,-15.472837],[-56.218038,-15.470425],[-56.219289,-15.469533],[-56.2229,-15.467843],[-56.229558,-15.466656],[-56.235936,-15.466275],[-56.238018,-15.46561],[-56.239731,-15.464585],[-56.243255,-15.461416],[-56.245669,-15.458152],[-56.246694,-15.45587],[-56.247723,-15.452468],[-56.247643,-15.449107],[-56.246206,-15.437585],[-56.245021,-15.43292],[-56.244289,-15.43108],[-56.242268,-15.427847],[-56.238073,-15.425188],[-56.236922,-15.424154],[-56.234807,-15.421503],[-56.232557,-15.417551],[-56.231825,-15.415801],[-56.231554,-15.414052],[-56.231606,-15.412529],[-56.232447,-15.409977],[-56.236399,-15.403],[-56.237936,-15.39951],[-56.239399,-15.390955],[-56.240995,-15.383925],[-56.24124,-15.379937],[-56.240796,-15.375231],[-56.240853,-15.371959],[-56.242209,-15.367662],[-56.243,-15.365827],[-56.243906,-15.364556],[-56.243364,-15.36349],[-56.242506,-15.362719],[-56.240841,-15.363682],[-56.23993,-15.36391],[-56.238074,-15.363928],[-56.237338,-15.36377],[-56.237031,-15.363463],[-56.234044,-15.364804],[-56.233309,-15.364646],[-56.232906,-15.362894],[-56.233099,-15.362141],[-56.232959,-15.361142],[-56.232368,-15.359371],[-56.23154,-15.357919],[-56.230983,-15.357243],[-56.230649,-15.357161],[-56.228106,-15.359802],[-56.227011,-15.359382],[-56.226346,-15.358138],[-56.226766,-15.357683],[-56.226678,-15.35693],[-56.224944,-15.355213],[-56.224909,-15.354757],[-56.225751,-15.353507],[-56.225906,-15.352734],[-56.225417,-15.35185],[-56.225937,-15.351746],[-56.225633,-15.350724],[-56.224683,-15.349755],[-56.223863,-15.349469],[-56.220725,-15.34938],[-56.218621,-15.348781],[-56.217381,-15.347593],[-56.216672,-15.346135],[-56.214627,-15.344093],[-56.214195,-15.342651],[-56.214228,-15.341131],[-56.213456,-15.338515],[-56.212734,-15.337058],[-56.21156,-15.335856],[-56.208178,-15.333669],[-56.206327,-15.332993],[-56.20536,-15.333066],[-56.202456,-15.334099],[-56.201556,-15.334263],[-56.201172,-15.334056],[-56.200725,-15.333256],[-56.201512,-15.331791],[-56.201279,-15.330233],[-56.197806,-15.32789],[-56.195304,-15.324392],[-56.194656,-15.324119],[-56.193636,-15.324154],[-56.193119,-15.32441],[-56.191669,-15.326271],[-56.19082,-15.32668],[-56.189125,-15.326751],[-56.187949,-15.326103],[-56.187372,-15.324672],[-56.18761,-15.3213],[-56.188066,-15.319589],[-56.189122,-15.317211],[-56.188417,-15.314763],[-56.187548,-15.313253],[-56.186123,-15.312231],[-56.183689,-15.311591],[-56.181693,-15.310773],[-56.179444,-15.310443],[-56.176927,-15.310666],[-56.175792,-15.309966],[-56.174475,-15.308185],[-56.172321,-15.306979],[-56.172168,-15.305666],[-56.174143,-15.304785],[-56.174145,-15.304334],[-56.172906,-15.303235],[-56.173053,-15.302798],[-56.175283,-15.301197],[-56.175328,-15.299846],[-56.174503,-15.297499],[-56.17342,-15.297006],[-56.170797,-15.297318],[-56.170319,-15.297523],[-56.167065,-15.300471],[-56.16627,-15.300585],[-56.164974,-15.300091],[-56.164359,-15.29853],[-56.164274,-15.29638],[-56.164837,-15.294722],[-56.164455,-15.294179],[-56.162565,-15.29367],[-56.161746,-15.293036],[-56.160839,-15.291231],[-56.160532,-15.288771],[-56.159847,-15.287944],[-56.156688,-15.286696],[-56.153636,-15.2851],[-56.153073,-15.28376],[-56.152611,-15.283372],[-56.149092,-15.282702],[-56.147468,-15.281846],[-56.146411,-15.281057],[-56.146097,-15.280283],[-56.146002,-15.277759],[-56.145685,-15.277604],[-56.143949,-15.277829],[-56.143527,-15.277608],[-56.143345,-15.276655],[-56.143015,-15.276409],[-56.142566,-15.276382],[-56.141014,-15.277238],[-56.138458,-15.277524],[-56.137585,-15.277264],[-56.134828,-15.27491],[-56.13426,-15.274843],[-56.1339,-15.275422],[-56.134096,-15.275911],[-56.133963,-15.27622],[-56.132483,-15.275927],[-56.12819,-15.27789],[-56.126523,-15.280055],[-56.126592,-15.28076],[-56.12587,-15.281344],[-56.125355,-15.282581],[-56.12165,-15.281186],[-56.119527,-15.284768],[-56.119248,-15.288281],[-56.117675,-15.290172],[-56.114356,-15.295386],[-56.109736,-15.299436],[-56.108617,-15.302314],[-56.109153,-15.305364],[-56.111262,-15.309214],[-56.110973,-15.311156],[-56.111208,-15.312722],[-56.108456,-15.313931],[-56.107445,-15.314911],[-56.105578,-15.31795]]]}},{"type":"Feature","properties":{"id":"1510340300024","name":"Distrito Nossa Senhora da Guia","city":"5103403","ivs":0.318,"idhm":0.692,"income":561.96,"cnes":0},"geometry":{"type":"Polygon","coordinates":[[[-56.224909,-15.354757],[-56.224944,-15.355213],[-56.226678,-15.35693],[-56.226766,-15.357683],[-56.226346,-15.358138],[-56.227011,-15.359382],[-56.227364,-15.35963],[-56.228106,-15.359802],[-56.230649,-15.357161],[-56.230983,-15.357243],[-56.232368,-15.359371],[-56.233084,-15.36163],[-56.232906,-15.362894],[-56.233151,-15.364226],[-56.233589,-15.364768],[-56.234044,-15.364804],[-56.237031,-15.363463],[-56.237338,-15.36377],[-56.238074,-15.363928],[-56.23993,-15.36391],[-56.240841,-15.363682],[-56.242506,-15.362719],[-56.243364,-15.36349],[-56.243906,-15.364556],[-56.246523,-15.362164],[-56.248716,-15.360761],[-56.245352,-15.358804],[-56.239672,-15.357298],[-56.23628,-15.357425],[-56.236618,-15.353513],[-56.230856,-15.349378],[-56.229642,-15.347847],[-56.228824,-15.351893],[-56.227582,-15.351417],[-56.225417,-15.35185],[-56.225906,-15.352734],[-56.225751,-15.353507],[-56.224909,-15.354757]]]}},{"type":"Feature","properties":{"id":"1510340300025","name":"Área Rural Norte ( Golfe Clube )","city":"5103403","ivs":0.302,"idhm":0.794,"income":846.34,"cnes":6},"geometry":{"type":"Polygon","coordinates":[[[-55.7624,-15.472137],[-55.766545,-15.473268],[-55.776199,-15.470985],[-55.783885,-15.475466],[-55.792027,-15.476212],[-55.823628,-15.471476],[-55.831135,-15.465043],[-55.831179,-15.457334],[-55.837009,-15.448954],[-55.84638,-15.44575],[-55.847804,-15.437878],[-55.851732,-15.427333],[-55.855433,-15.424577],[-55.864531,-15.422299],[-55.875857,-15.422123],[-55.881647,-15.42075],[-55.884336,-15.413521],[-55.889652,-15.410745],[-55.901693,-15.411973],[-55.907312,-15.411327],[-56.038497,-15.517219],[-56.037093,-15.514531],[-56.039042,-15.506258],[-56.038374,-15.500598],[-56.041235,-15.497545],[-56.052617,-15.499127],[-56.063044,-15.501931],[-56.075381,-15.50229],[-56.080763,-15.501392],[-56.088654,-15.505411],[-56.100052,-15.503312],[-56.116507,-15.502458],[-56.119695,-15.496645],[-56.14101,-15.467906],[-56.151816,-15.45507],[-56.156944,-15.441903],[-56.155704,-15.435771],[-56.15163,-15.426257],[-56.142794,-15.421016],[-56.134903,-15.416696],[-56.130165,-15.415145],[-56.120716,-15.405611],[-56.113776,-15.400988],[-56.106829,-15.39851],[-56.094837,-15.392334],[-56.086975,-15.381885],[-56.08547,-15.364417],[-56.07953,-15.348768],[-56.066954,-15.332478],[-56.061915,-15.327862],[-56.05371,-15.324457],[-56.0477,-15.325044],[-56.042047,-15.316442],[-56.035884,-15.312533],[-56.030166,-15.309732],[-56.024873,-15.303759],[-56.02267,-15.293238],[-56.012477,-15.284864],[-56.005945,-15.281464],[-55.996969,-15.275672],[-55.995128,-15.275466],[-55.98982,-15.272864],[-55.987366,-15.272655],[-55.983669,-15.275612],[-55.986295,-15.282566],[-55.988941,-15.285552],[-55.990149,-15.289722],[-55.990944,-15.294486],[-55.988892,-15.295865],[-55.982548,-15.295836],[-55.97928,-15.294433],[-55.968704,-15.281097],[-55.96464,-15.275128],[-55.958743,-15.267565],[-55.942609,-15.26154],[-55.93273,-15.260079],[-55.932642,-15.262506],[-55.932061,-15.266315],[-55.931034,-15.26795],[-55.922054,-15.271468],[-55.920277,-15.272911],[-55.914753,-15.272264],[-55.912612,-15.271713],[-55.908424,-15.273618],[-55.906064,-15.274062],[-55.904391,-15.273246],[-55.902809,-15.271244],[-55.900563,-15.269873],[-55.89822,-15.269506],[-55.894231,-15.270043],[-55.891975,-15.270767],[-55.889727,-15.270216],[-55.888417,-15.269307],[-55.886363,-15.269931],[-55.885148,-15.27338],[-55.883915,-15.275189],[-55.882615,-15.276545],[-55.880173,-15.277353],[-55.878587,-15.278169],[-55.874583,-15.274895],[-55.872052,-15.273979],[-55.871392,-15.275881],[-55.872247,-15.27716],[-55.872424,-15.279152],[-55.871593,-15.280876],[-55.868667,-15.282772],[-55.868475,-15.284316],[-55.868672,-15.286402],[-55.868,-15.288393],[-55.865865,-15.288113],[-55.863252,-15.286204],[-55.861755,-15.285473],[-55.859304,-15.286469],[-55.85529,-15.290063],[-55.852947,-15.292983],[-55.850977,-15.293342],[-55.84845,-15.296145],[-55.846111,-15.295956],[-55.844338,-15.297501],[-55.842476,-15.297396],[-55.840978,-15.297849],[-55.839005,-15.298933],[-55.837704,-15.3002],[-55.83572,-15.30137],[-55.833397,-15.301827],[-55.829835,-15.305439],[-55.828419,-15.306346],[-55.826474,-15.305524],[-55.822362,-15.305872],[-55.815998,-15.304405],[-55.813449,-15.306407],[-55.81279,-15.310423],[-55.805678,-15.32222],[-55.799627,-15.330051],[-55.79853,-15.339855],[-55.799515,-15.349593],[-55.805951,-15.35866],[-55.806604,-15.370654],[-55.797872,-15.384777],[-55.795586,-15.392395],[-55.792991,-15.397909],[-55.792941,-15.406629],[-55.779537,-15.411149],[-55.773173,-15.417265],[-55.774503,-15.422645],[-55.781382,-15.426429],[-55.782976,-15.434402],[-55.773889,-15.445299],[-55.765974,-15.456076],[-55.765515,-15.466041],[-55.7624,-15.472137]]]}},{"type":"Feature","properties":{"id":"1510340300026","name":"Distrito de Sucuri","city":"5103403","ivs":0.309,"idhm":0.692,"income":561.96,"cnes":4},"geometry":{"type":"Polygon","coordinates":[[[-56.037093,-15.514531],[-56.040306,-15.520451],[-56.04274,-15.522431],[-56.044572,-15.527068],[-56.044825,-15.529832],[-56.04324,-15.532393],[-56.04364,-15.533595],[-56.043527,-15.535841],[-56.046731,-15.536753],[-56.048582,-15.537554],[-56.049003,-15.538444],[-56.054636,-15.538836],[-56.057059,-15.539579],[-56.058623,-15.53963],[-56.06016,-15.539538],[-56.062491,-15.538102],[-56.067859,-15.532226],[-56.072876,-15.530246],[-56.074045,-15.530228],[-56.098082,-15.533294],[-56.10612,-15.536057],[-56.113596,-15.539965],[-56.117489,-15.543948],[-56.121949,-15.551998],[-56.123586,-15.553427],[-56.125314,-15.553601],[-56.131222,-15.55821],[-56.134061,-15.562108],[-56.135265,-15.56289],[-56.138397,-15.56404],[-56.139107,-15.564588],[-56.14021,-15.566386],[-56.14094,-15.565231],[-56.141463,-15.561783],[-56.142392,-15.560756],[-56.14341,-15.560356],[-56.14614,-15.559874],[-56.152237,-15.561063],[-56.154409,-15.561205],[-56.156306,-15.560854],[-56.161584,-15.558813],[-56.163808,-15.557701],[-56.165293,-15.556228],[-56.169524,-15.550239],[-56.171008,-15.548855],[-56.173013,-15.54474],[-56.173018,-15.543306],[-56.171279,-15.538998],[-56.171385,-15.535682],[-56.172315,-15.534207],[-56.173938,-15.532779],[-56.176209,-15.531488],[-56.183844,-15.52932],[-56.188985,-15.526471],[-56.190652,-15.52585],[-56.191998,-15.524376],[-56.192511,-15.523258],[-56.192517,-15.521689],[-56.190817,-15.519084],[-56.182801,-15.512422],[-56.182343,-15.511255],[-56.182441,-15.509956],[-56.183146,-15.508818],[-56.182525,-15.508211],[-56.181365,-15.508113],[-56.179065,-15.508438],[-56.178271,-15.508258],[-56.177317,-15.507723],[-56.175659,-15.50614],[-56.173201,-15.505599],[-56.172041,-15.50284],[-56.170044,-15.50014],[-56.168587,-15.499164],[-56.167953,-15.498932],[-56.166611,-15.498927],[-56.16546,-15.499215],[-56.163954,-15.500127],[-56.162633,-15.50006],[-56.161106,-15.500367],[-56.16057,-15.500104],[-56.160551,-15.49952],[-56.16093,-15.498864],[-56.160868,-15.497977],[-56.160441,-15.497652],[-56.159213,-15.498356],[-56.158471,-15.498438],[-56.157786,-15.498069],[-56.156706,-15.496677],[-56.156669,-15.495237],[-56.156226,-15.49317],[-56.154974,-15.492058],[-56.153088,-15.4913],[-56.152682,-15.490746],[-56.151778,-15.488551],[-56.15104,-15.485209],[-56.149566,-15.483189],[-56.149459,-15.480517],[-56.149034,-15.479285],[-56.149191,-15.477511],[-56.148481,-15.475223],[-56.147915,-15.474501],[-56.146298,-15.473409],[-56.145246,-15.470484],[-56.144647,-15.46998],[-56.143199,-15.469672],[-56.142176,-15.470326],[-56.140887,-15.470456],[-56.140533,-15.470288],[-56.140108,-15.469123],[-56.119695,-15.496645],[-56.116507,-15.502458],[-56.100052,-15.503312],[-56.088654,-15.505411],[-56.080763,-15.501392],[-56.075381,-15.50229],[-56.063044,-15.501931],[-56.052617,-15.499127],[-56.041235,-15.497545],[-56.038374,-15.500598],[-56.039042,-15.506258],[-56.037093,-15.514531]]]}},{"type":"Feature","properties":{"id":"1510340300027","name":"Coohpamil / Jardim Beira Rio","city":"5103403","ivs":0.171,"idhm":0.836,"income":1207.65,"cnes":9},"geometry":{"type":"Polygon","coordinates":[[[-56.12494,-15.617756],[-56.127208,-15.620353],[-56.132247,-15.624248],[-56.135348,-15.618032],[-56.131269,-15.615787],[-56.130975,-15.615196],[-56.12691,-15.613258],[-56.125676,-15.614285],[-56.125895,-15.614252],[-56.125737,-15.61702],[-56.12494,-15.617756]]]}},{"type":"Feature","properties":{"id":"1510340300028","name":"Área Rural Leste Sul","city":"5103403","ivs":0.318,"idhm":0.692,"income":561.96,"cnes":2},"geometry":{"type":"Polygon","coordinates":[[[-55.463775,-15.579815],[-55.464144,-15.581536],[-55.468907,-15.586308],[-55.473203,-15.588734],[-55.475333,-15.589666],[-55.478671,-15.59234],[-55.482562,-15.594832],[-55.484969,-15.596777],[-55.48653,-15.598516],[-55.495061,-15.604785],[-55.497268,-15.608498],[-55.493513,-15.60792],[-55.491098,-15.606022],[-55.486884,-15.605919],[-55.484474,-15.60841],[-55.483582,-15.610874],[-55.481027,-15.612368],[-55.479561,-15.615277],[-55.482554,-15.624208],[-55.495009,-15.629804],[-55.511091,-15.639879],[-55.52365,-15.655234],[-55.530582,-15.671213],[-55.54921,-15.685454],[-55.565699,-15.699454],[-55.580482,-15.707113],[-55.605138,-15.717461],[-55.631503,-15.717173],[-55.660474,-15.710952],[-55.707297,-15.705558],[-55.708834,-15.704755],[-55.710334,-15.704507],[-55.712192,-15.704628],[-55.889388,-15.699864],[-55.891438,-15.698705],[-56.011394,-15.730709],[-56.145209,-15.767164],[-56.143832,-15.759053],[-56.143238,-15.757259],[-56.141994,-15.755999],[-56.140469,-15.755455],[-56.136999,-15.755442],[-56.133663,-15.75628],[-56.12797,-15.75675],[-56.126352,-15.756519],[-56.124966,-15.756021],[-56.123535,-15.755253],[-56.12169,-15.753678],[-56.111696,-15.743106],[-56.109906,-15.739559],[-56.10753,-15.732738],[-56.105893,-15.726279],[-56.103098,-15.720083],[-56.102597,-15.718244],[-56.102512,-15.71663],[-56.102748,-15.715377],[-56.103978,-15.712092],[-56.098518,-15.708747],[-56.096562,-15.708492],[-56.09445,-15.708684],[-56.090238,-15.710288],[-56.076592,-15.716746],[-56.074153,-15.717477],[-56.071998,-15.717785],[-56.067021,-15.717776],[-56.055212,-15.716305],[-56.030556,-15.711892],[-56.019404,-15.70776],[-56.017144,-15.706527],[-56.015062,-15.704586],[-56.012743,-15.701816],[-56.010592,-15.699118],[-55.999633,-15.673907],[-55.946624,-15.69516],[-55.946924,-15.69135],[-55.946242,-15.688656],[-55.94394,-15.684967],[-55.943351,-15.68222],[-55.943577,-15.68066],[-55.943209,-15.679271],[-55.943593,-15.677576],[-55.943483,-15.676754],[-55.941933,-15.674359],[-55.943265,-15.667742],[-55.944012,-15.665902],[-55.945086,-15.661861],[-55.945034,-15.659908],[-55.945346,-15.658419],[-55.94667,-15.656053],[-55.947204,-15.652267],[-55.947861,-15.650634],[-55.947201,-15.647936],[-55.938769,-15.651558],[-55.932988,-15.629024],[-55.938564,-15.628415],[-55.939884,-15.629099],[-55.940763,-15.62915],[-55.941981,-15.627517],[-55.942675,-15.627105],[-55.945089,-15.622621],[-55.947884,-15.621477],[-55.949614,-15.618016],[-55.951815,-15.616312],[-55.953384,-15.617165],[-55.954579,-15.620291],[-55.956073,-15.619382],[-55.958386,-15.618842],[-55.960668,-15.616861],[-55.962426,-15.61599],[-55.962266,-15.621891],[-55.979465,-15.606698],[-55.979542,-15.606163],[-55.981625,-15.603498],[-55.989639,-15.604503],[-55.991074,-15.603589],[-55.991749,-15.601437],[-55.993127,-15.600166],[-55.994203,-15.599701],[-55.99829,-15.599606],[-56.001016,-15.598808],[-56.001704,-15.599366],[-56.003512,-15.59924],[-56.004731,-15.599743],[-56.006665,-15.599215],[-56.007343,-15.599944],[-56.0088,-15.600396],[-56.010194,-15.60282],[-56.010458,-15.603975],[-56.012367,-15.605922],[-56.013811,-15.606701],[-56.012945,-15.607731],[-56.012781,-15.609037],[-56.013394,-15.611395],[-56.013916,-15.610492],[-56.016842,-15.608132],[-56.017323,-15.607034],[-56.018887,-15.6025],[-56.018603,-15.600749],[-56.01771,-15.598697],[-56.017583,-15.596708],[-56.018372,-15.594179],[-56.02048,-15.591486],[-56.021592,-15.589659],[-56.017877,-15.586868],[-56.017686,-15.585125],[-56.011184,-15.571548],[-56.009781,-15.562624],[-56.010057,-15.557536],[-56.02774,-15.525094],[-56.038563,-15.531606],[-56.043527,-15.535841],[-56.04364,-15.533595],[-56.04324,-15.532393],[-56.044825,-15.529832],[-56.044572,-15.527068],[-56.04274,-15.522431],[-56.040306,-15.520451],[-56.038497,-15.517219],[-55.907312,-15.411327],[-55.901693,-15.411973],[-55.889652,-15.410745],[-55.884336,-15.413521],[-55.881647,-15.42075],[-55.875857,-15.422123],[-55.864531,-15.422299],[-55.855433,-15.424577],[-55.851732,-15.427333],[-55.847804,-15.437878],[-55.84638,-15.44575],[-55.837009,-15.448954],[-55.831179,-15.457334],[-55.831135,-15.465043],[-55.823628,-15.471476],[-55.792027,-15.476212],[-55.783885,-15.475466],[-55.776199,-15.470985],[-55.766545,-15.473268],[-55.7624,-15.472137],[-55.758056,-15.480636],[-55.746472,-15.488045],[-55.733726,-15.488829],[-55.729465,-15.49114],[-55.71905,-15.490613],[-55.701383,-15.483814],[-55.695699,-15.482847],[-55.680988,-15.477698],[-55.670486,-15.47857],[-55.663689,-15.476427],[-55.650108,-15.470038],[-55.648108,-15.469637],[-55.637612,-15.46965],[-55.632648,-15.468997],[-55.628309,-15.470995],[-55.619799,-15.473511],[-55.608509,-15.472272],[-55.602894,-15.473171],[-55.590554,-15.473404],[-55.58758,-15.474709],[-55.579373,-15.479716],[-55.568215,-15.482604],[-55.562135,-15.49284],[-55.557308,-15.495689],[-55.557968,-15.504491],[-55.556167,-15.509929],[-55.548014,-15.51844],[-55.531675,-15.528219],[-55.517435,-15.535909],[-55.510593,-15.540066],[-55.496456,-15.54433],[-55.484221,-15.543409],[-55.476813,-15.544309],[-55.475948,-15.54644],[-55.47717,-15.551706],[-55.478558,-15.553819],[-55.48244,-15.562192],[-55.481945,-15.565102],[-55.478489,-15.56978],[-55.477083,-15.571106],[-55.475024,-15.572438],[-55.473114,-15.574222],[-55.467031,-15.576054],[-55.465696,-15.576758],[-55.463775,-15.579815]]]}},{"type":"Feature","properties":{"id":"1510340300029","name":"Morada do Ouro : Marinha do Brasil","city":"5103403","ivs":0.17,"idhm":0.836,"income":1207.65,"cnes":7},"geometry":{"type":"Polygon","coordinates":[[[-56.048355,-15.575353],[-56.054094,-15.581891],[-56.05899,-15.581121],[-56.059134,-15.574974],[-56.058983,-15.574226],[-56.058224,-15.573259],[-56.058058,-15.572471],[-56.058234,-15.570678],[-56.059237,-15.569245],[-56.059253,-15.567383],[-56.054974,-15.567366],[-56.054343,-15.568608],[-56.053214,-15.569331],[-56.052732,-15.570172],[-56.05264,-15.571234],[-56.052262,-15.571177],[-56.051974,-15.571475],[-56.0518,-15.572567],[-56.050919,-15.573801],[-56.049443,-15.574944],[-56.048355,-15.575353]]]}},{"type":"Feature","properties":{"id":"1510340300030","name":"Coopema / Jardim Gramado","city":"5103403","ivs":0.177,"idhm":0.858,"income":1443.19,"cnes":21},"geometry":{"type":"Polygon","coordinates":[[[-56.049085,-15.628338],[-56.050898,-15.631712],[-56.052026,-15.630976],[-56.053606,-15.633133],[-56.052184,-15.635807],[-56.058177,-15.638299],[-56.059056,-15.639729],[-56.066921,-15.641801],[-56.065483,-15.639145],[-56.069424,-15.637791],[-56.068659,-15.637027],[-56.069369,-15.635106],[-56.069163,-15.634376],[-56.068752,-15.633966],[-56.068265,-15.634013],[-56.067917,-15.634337],[-56.067175,-15.63436],[-56.065055,-15.632936],[-56.064879,-15.632227],[-56.063688,-15.630859],[-56.059888,-15.625386],[-56.065929,-15.620551],[-56.063631,-15.618497],[-56.062541,-15.619637],[-56.06033,-15.618315],[-56.057919,-15.618263],[-56.057273,-15.618472],[-56.056249,-15.617919],[-56.055403,-15.619072],[-56.055218,-15.618973],[-56.053905,-15.62105],[-56.054466,-15.624088],[-56.052436,-15.626468],[-56.052906,-15.627195],[-56.049085,-15.628338]]]}},{"type":"Feature","properties":{"id":"1510340300031","name":"Parque Massairo Okamura","city":"5103403","ivs":0.295,"idhm":0.794,"income":846.34,"cnes":10},"geometry":{"type":"Polygon","coordinates":[[[-56.054974,-15.567366],[-56.059253,-15.567383],[-56.059257,-15.564697],[-56.063328,-15.564609],[-56.063624,-15.56479],[-56.063672,-15.566034],[-56.063394,-15.566061],[-56.06344,-15.566554],[-56.063677,-15.56655],[-56.063724,-15.567442],[-56.064732,-15.56791],[-56.065296,-15.568537],[-56.065831,-15.568195],[-56.068155,-15.572609],[-56.064889,-15.574318],[-56.063388,-15.571902],[-56.0624,-15.572521],[-56.058062,-15.572586],[-56.058313,-15.57342],[-56.058983,-15.574226],[-56.059134,-15.574974],[-56.059071,-15.581219],[-56.064749,-15.580359],[-56.066316,-15.578865],[-56.066079,-15.577762],[-56.066214,-15.576881],[-56.067163,-15.575932],[-56.068552,-15.573865],[-56.068925,-15.572747],[-56.068892,-15.571323],[-56.06862,-15.570374],[-56.0669,-15.568513],[-56.067983,-15.568179],[-56.067982,-15.567821],[-56.059422,-15.556803],[-56.05856,-15.557544],[-56.058175,-15.558431],[-56.057631,-15.558678],[-56.056793,-15.560275],[-56.056931,-15.561126],[-56.056281,-15.562694],[-56.056327,-15.563831],[-56.056068,-15.564956],[-56.054974,-15.567366]]]}},{"type":"Feature","properties":{"id":"1510340300033","name":"Poção / Dom Aquino / Bandeirantes","city":"5103403","ivs":0.177,"idhm":0.858,"income":1443.19,"cnes":159},"geometry":{"type":"Polygon","coordinates":[[[-56.080656,-15.607852],[-56.085392,-15.612874],[-56.087017,-15.615394],[-56.088338,-15.614079],[-56.088424,-15.613408],[-56.087761,-15.610981],[-56.087399,-15.611151],[-56.086641,-15.609729],[-56.089287,-15.608502],[-56.090294,-15.609475],[-56.092218,-15.609231],[-56.094109,-15.607622],[-56.094806,-15.607399],[-56.094337,-15.608957],[-56.095881,-15.610506],[-56.097392,-15.609469],[-56.098527,-15.61077],[-56.099645,-15.612572],[-56.099966,-15.612388],[-56.100114,-15.613086],[-56.101606,-15.612432],[-56.098747,-15.607193],[-56.098837,-15.606681],[-56.09973,-15.605809],[-56.099817,-15.605216],[-56.096815,-15.60082],[-56.093232,-15.597363],[-56.092529,-15.59542],[-56.090834,-15.596002],[-56.089715,-15.597913],[-56.088453,-15.60133],[-56.080656,-15.607852]]]}},{"type":"Feature","properties":{"id":"1510340300034","name":"Alvorada ( Havan )","city":"5103403","ivs":0.181,"idhm":0.947,"income":4207.97,"cnes":4},"geometry":{"type":"Polygon","coordinates":[[[-56.073844,-15.575222],[-56.076227,-15.578713],[-56.077385,-15.577972],[-56.080225,-15.577732],[-56.080656,-15.577315],[-56.081315,-15.57561],[-56.082263,-15.574967],[-56.081752,-15.574713],[-56.081058,-15.573778],[-56.080594,-15.570444],[-56.079755,-15.569055],[-56.078497,-15.569946],[-56.077857,-15.570092],[-56.077887,-15.571802],[-56.0773,-15.572732],[-56.074275,-15.575216],[-56.073844,-15.575222]]]}},{"type":"Feature","properties":{"id":"1510340300035","name":"Jardim Florianópolis / Ouro Fino / Novo Paraíso","city":"5103403","ivs":0.349,"idhm":0.67,"income":446.83,"cnes":15},"geometry":{"type":"Polygon","coordinates":[[[-56.051417,-15.547024],[-56.056578,-15.553159],[-56.06139,-15.559439],[-56.065731,-15.556243],[-56.066811,-15.557284],[-56.067662,-15.557366],[-56.068098,-15.558424],[-56.068284,-15.558301],[-56.068444,-15.558578],[-56.070654,-15.557742],[-56.071738,-15.556857],[-56.072708,-15.557052],[-56.073204,-15.556744],[-56.075155,-15.559588],[-56.076298,-15.561924],[-56.076763,-15.562426],[-56.080311,-15.56448],[-56.08071,-15.561604],[-56.081564,-15.559004],[-56.082293,-15.55918],[-56.083067,-15.558579],[-56.082549,-15.557803],[-56.083275,-15.557249],[-56.083463,-15.557491],[-56.084397,-15.556938],[-56.084604,-15.557198],[-56.084944,-15.556853],[-56.084156,-15.556526],[-56.082683,-15.556831],[-56.08159,-15.55293],[-56.074894,-15.541879],[-56.073529,-15.540412],[-56.07231,-15.541295],[-56.071486,-15.542288],[-56.071115,-15.543206],[-56.069857,-15.550253],[-56.068046,-15.551366],[-56.065729,-15.552032],[-56.059313,-15.55186],[-56.056314,-15.547518],[-56.054166,-15.546332],[-56.053453,-15.545616],[-56.051417,-15.547024]]]}},{"type":"Feature","properties":{"id":"1510340300036","name":"Goiabeira","city":"5103403","ivs":0.172,"idhm":0.836,"income":1207.65,"cnes":35},"geometry":{"type":"Polygon","coordinates":[[[-56.103423,-15.607653],[-56.104914,-15.609487],[-56.111943,-15.602916],[-56.116906,-15.599642],[-56.115945,-15.598176],[-56.114931,-15.597702],[-56.111404,-15.598238],[-56.109857,-15.597644],[-56.107949,-15.599101],[-56.106401,-15.597434],[-56.103938,-15.599396],[-56.108213,-15.603593],[-56.103423,-15.607653]]]}},{"type":"Feature","properties":{"id":"1510340300037","name":"Área de Expansão Urbana Região Oeste ( Eco Ambiental )","city":"5103403","ivs":0.292,"idhm":0.794,"income":846.34,"cnes":0},"geometry":{"type":"Polygon","coordinates":[[[-56.062454,-15.538123],[-56.065336,-15.540865],[-56.075267,-15.533675],[-56.074028,-15.530226],[-56.072876,-15.530246],[-56.067859,-15.532226],[-56.062454,-15.538123]]]}},{"type":"Feature","properties":{"id":"1510340300038","name":"Industriário","city":"5103403","ivs":0.299,"idhm":0.745,"income":685.93,"cnes":10},"geometry":{"type":"Polygon","coordinates":[[[-55.964548,-15.661817],[-55.965567,-15.663994],[-55.97915,-15.658349],[-55.981254,-15.657736],[-55.98184,-15.657248],[-55.988461,-15.654467],[-55.985245,-15.651264],[-55.979047,-15.645738],[-55.978708,-15.642962],[-55.9731,-15.64464],[-55.970988,-15.645322],[-55.971735,-15.647912],[-55.971374,-15.658969],[-55.964548,-15.661817]]]}},{"type":"Feature","properties":{"id":"1510340300039","name":"Área de Expansão Urbana Região Norte","city":"5103403","ivs":0.173,"idhm":0.836,"income":1207.65,"cnes":3},"geometry":{"type":"Polygon","coordinates":[[[-56.04894,-15.544153],[-56.051417,-15.547024],[-56.053453,-15.545616],[-56.051604,-15.543509],[-56.051216,-15.540993],[-56.049254,-15.538867],[-56.049472,-15.539425],[-56.049417,-15.540552],[-56.049108,-15.541558],[-56.04894,-15.544153]]]}},{"type":"Feature","properties":{"id":"1510340300040","name":"Paiaguás","city":"5103403","ivs":0.171,"idhm":0.836,"income":1207.65,"cnes":1},"geometry":{"type":"Polygon","coordinates":[[[-56.080311,-15.56448],[-56.081222,-15.56459],[-56.083722,-15.566094],[-56.088632,-15.562614],[-56.086416,-15.557462],[-56.084944,-15.556853],[-56.084604,-15.557198],[-56.084397,-15.556938],[-56.083463,-15.557491],[-56.083275,-15.557249],[-56.082549,-15.557803],[-56.083067,-15.558579],[-56.082293,-15.55918],[-56.081564,-15.559004],[-56.08071,-15.561604],[-56.080311,-15.56448]]]}},{"type":"Feature","properties":{"id":"1510340300041","name":"Área de Expansão Urbana Região Oeste ( Condominio Florais )","city":"5103403","ivs":0.102,"idhm":0.907,"income":2801.35,"cnes":4},"geometry":{"type":"Polygon","coordinates":[[[-56.074028,-15.530226],[-56.075236,-15.533623],[-56.085985,-15.556519],[-56.088214,-15.554068],[-56.08936,-15.553211],[-56.090686,-15.554907],[-56.091693,-15.555656],[-56.092261,-15.557316],[-56.092674,-15.557383],[-56.092622,-15.557686],[-56.093448,-15.55883],[-56.094769,-15.557803],[-56.095015,-15.557357],[-56.099454,-15.544473],[-56.106247,-15.536124],[-56.098082,-15.533294],[-56.074028,-15.530226]]]}},{"type":"Feature","properties":{"id":"1510340300042","name":"Jardim Imperial","city":"5103403","ivs":0.293,"idhm":0.794,"income":846.34,"cnes":9},"geometry":{"type":"Polygon","coordinates":[[[-56.020985,-15.620563],[-56.021732,-15.620531],[-56.024785,-15.621835],[-56.028463,-15.614242],[-56.026763,-15.611206],[-56.026656,-15.608603],[-56.028065,-15.609129],[-56.028908,-15.607118],[-56.025534,-15.605745],[-56.024962,-15.607936],[-56.021209,-15.617847],[-56.021453,-15.618799],[-56.020985,-15.620563]]]}},{"type":"Feature","properties":{"id":"1510340300043","name":"Jardim Itália","city":"5103403","ivs":0.181,"idhm":0.947,"income":4207.97,"cnes":40},"geometry":{"type":"Polygon","coordinates":[[[-56.053214,-15.589545],[-56.053799,-15.590907],[-56.054732,-15.592088],[-56.054305,-15.59219],[-56.055594,-15.595911],[-56.055623,-15.596971],[-56.056338,-15.599762],[-56.056014,-15.600498],[-56.054494,-15.601099],[-56.053806,-15.602198],[-56.053959,-15.603509],[-56.0542,-15.603774],[-56.053882,-15.604541],[-56.057699,-15.608501],[-56.061442,-15.60624],[-56.059287,-15.599871],[-56.065733,-15.596881],[-56.066753,-15.596749],[-56.068857,-15.594504],[-56.069306,-15.593811],[-56.069599,-15.592533],[-56.059091,-15.588429],[-56.058614,-15.589536],[-56.056967,-15.589228],[-56.053214,-15.589545]]]}},{"type":"Feature","properties":{"id":"1510340300044","name":"Jardim Europa : UNIC / Jardim Paulista","city":"5103403","ivs":0.294,"idhm":0.794,"income":846.34,"cnes":13},"geometry":{"type":"Polygon","coordinates":[[[-56.079062,-15.620831],[-56.08222,-15.62078],[-56.0829,-15.622148],[-56.085708,-15.621144],[-56.086215,-15.622252],[-56.084544,-15.624223],[-56.08479,-15.624808],[-56.084383,-15.625296],[-56.08587,-15.629292],[-56.093255,-15.62494],[-56.091826,-15.623203],[-56.08583,-15.613419],[-56.084446,-15.611768],[-56.083052,-15.613531],[-56.079062,-15.620831]]]}},{"type":"Feature","properties":{"id":"1510340300045","name":"Despraiado","city":"5103403","ivs":0.319,"idhm":0.723,"income":575.9,"cnes":1},"geometry":{"type":"Polygon","coordinates":[[[-56.089807,-15.568142],[-56.090285,-15.568993],[-56.091091,-15.569502],[-56.093563,-15.5732],[-56.093972,-15.573152],[-56.094388,-15.572288],[-56.095329,-15.571369],[-56.09561,-15.571695],[-56.095473,-15.572293],[-56.097165,-15.573188],[-56.097309,-15.571691],[-56.096166,-15.56937],[-56.094915,-15.567824],[-56.094627,-15.56609],[-56.09301,-15.566233],[-56.09307,-15.567167],[-56.092247,-15.567221],[-56.09174,-15.566717],[-56.09148,-15.565686],[-56.091132,-15.565676],[-56.0914,-15.567074],[-56.089807,-15.568142]]]}},{"type":"Feature","properties":{"id":"1510340300047","name":"Jardim das Américas : Shopping Três Américas","city":"5103403","ivs":0.182,"idhm":0.947,"income":4207.97,"cnes":64},"geometry":{"type":"Polygon","coordinates":[[[-56.068339,-15.609608],[-56.068951,-15.610415],[-56.071992,-15.612731],[-56.073193,-15.613501],[-56.073726,-15.613454],[-56.074258,-15.613374],[-56.074786,-15.612958],[-56.080656,-15.607852],[-56.07639,-15.603362],[-56.073871,-15.60468],[-56.073519,-15.604499],[-56.069828,-15.607881],[-56.06979,-15.607235],[-56.069193,-15.606643],[-56.069095,-15.608466],[-56.068469,-15.609111],[-56.068339,-15.609608]]]}},{"type":"Feature","properties":{"id":"1510340300049","name":"Jardim Vitória","city":"5103403","ivs":0.364,"idhm":0.664,"income":438.59,"cnes":7},"geometry":{"type":"Polygon","coordinates":[[[-56.049003,-15.538444],[-56.051216,-15.540993],[-56.051604,-15.543509],[-56.051889,-15.543922],[-56.053993,-15.546214],[-56.056314,-15.547518],[-56.059313,-15.55186],[-56.061485,-15.552051],[-56.065729,-15.552032],[-56.068046,-15.551366],[-56.069857,-15.550253],[-56.071115,-15.543206],[-56.071486,-15.542288],[-56.07231,-15.541295],[-56.073529,-15.540412],[-56.074894,-15.541879],[-56.08159,-15.55293],[-56.082683,-15.556831],[-56.084156,-15.556526],[-56.086416,-15.557462],[-56.075267,-15.533675],[-56.065336,-15.540865],[-56.062454,-15.538123],[-56.06016,-15.539538],[-56.058623,-15.53963],[-56.057059,-15.539579],[-56.054636,-15.538836],[-56.049003,-15.538444]]]}},{"type":"Feature","properties":{"id":"1510340300050","name":"Ribeirão da Ponte","city":"5103403","ivs":0.321,"idhm":0.723,"income":575.9,"cnes":0},"geometry":{"type":"Polygon","coordinates":[[[-56.111591,-15.583064],[-56.113281,-15.585146],[-56.114792,-15.584324],[-56.115438,-15.581181],[-56.119471,-15.576205],[-56.115304,-15.579081],[-56.114896,-15.580137],[-56.113659,-15.581078],[-56.113458,-15.580802],[-56.113128,-15.581122],[-56.113257,-15.581932],[-56.111945,-15.583018],[-56.111591,-15.583064]]]}},{"type":"Feature","properties":{"id":"1510340300051","name":"Área de Expansão Urbana Região Oeste : Novo Colorado / Jardim Luciana","city":"5103403","ivs":0.309,"idhm":0.692,"income":561.96,"cnes":7},"geometry":{"type":"Polygon","coordinates":[[[-56.112764,-15.562926],[-56.113346,-15.564477],[-56.11348,-15.56681],[-56.114209,-15.568495],[-56.118927,-15.568222],[-56.125901,-15.57017],[-56.127399,-15.567608],[-56.128706,-15.564349],[-56.129239,-15.564016],[-56.131959,-15.563526],[-56.133952,-15.561908],[-56.131222,-15.55821],[-56.125314,-15.553601],[-56.123586,-15.553427],[-56.121949,-15.551998],[-56.121071,-15.550317],[-56.120688,-15.55021],[-56.119731,-15.550363],[-56.115459,-15.555012],[-56.112951,-15.560902],[-56.113791,-15.561414],[-56.112764,-15.562926]]]}},{"type":"Feature","properties":{"id":"1510340300052","name":"Área de Expansão Urbana Região Oeste : Parque Rondon","city":"5103403","ivs":0.273,"idhm":0.768,"income":827.57,"cnes":1},"geometry":{"type":"Polygon","coordinates":[[[-56.095906,-15.554814],[-56.096325,-15.554704],[-56.096964,-15.555924],[-56.098338,-15.55983],[-56.100645,-15.558823],[-56.103038,-15.556861],[-56.104253,-15.556458],[-56.104253,-15.55559],[-56.10368,-15.555028],[-56.103555,-15.553912],[-56.105463,-15.555063],[-56.107781,-15.557357],[-56.108764,-15.555005],[-56.108981,-15.553104],[-56.110926,-15.552678],[-56.112233,-15.55281],[-56.112997,-15.553229],[-56.112268,-15.555696],[-56.110618,-15.559327],[-56.112951,-15.560902],[-56.115459,-15.555012],[-56.119731,-15.550363],[-56.121071,-15.550317],[-56.117489,-15.543948],[-56.113596,-15.539965],[-56.106247,-15.536124],[-56.099454,-15.544473],[-56.095906,-15.554814]]]}},{"type":"Feature","properties":{"id":"1510340300053","name":"Praeirinho","city":"5103403","ivs":0.418,"idhm":0.622,"income":387.15,"cnes":0},"geometry":{"type":"Polygon","coordinates":[[[-56.077051,-15.630046],[-56.078176,-15.631217],[-56.078587,-15.630976],[-56.080424,-15.634927],[-56.080783,-15.634486],[-56.079899,-15.631904],[-56.079999,-15.630143],[-56.079208,-15.628892],[-56.078656,-15.628804],[-56.077051,-15.630046]]]}},{"type":"Feature","properties":{"id":"1510340300054","name":"Praeiro / Praeirinho ( Feira do Peixe )","city":"5103403","ivs":0.319,"idhm":0.723,"income":575.9,"cnes":5},"geometry":{"type":"Polygon","coordinates":[[[-56.071798,-15.63156],[-56.073341,-15.632169],[-56.075261,-15.634602],[-56.078755,-15.637292],[-56.080424,-15.634927],[-56.078587,-15.630976],[-56.078176,-15.631217],[-56.077051,-15.630046],[-56.078656,-15.628804],[-56.079221,-15.628686],[-56.079324,-15.628221],[-56.078797,-15.627922],[-56.076398,-15.625225],[-56.075828,-15.626211],[-56.073889,-15.631443],[-56.072269,-15.63111],[-56.071798,-15.63156]]]}},{"type":"Feature","properties":{"id":"1510340300055","name":"Morada da Serra ( Três Lagoas )","city":"5103403","ivs":0.201,"idhm":0.792,"income":864.68,"cnes":12},"geometry":{"type":"Polygon","coordinates":[[[-56.027176,-15.565993],[-56.028006,-15.566116],[-56.028437,-15.567083],[-56.029261,-15.568038],[-56.029079,-15.569079],[-56.029743,-15.570775],[-56.036246,-15.5777],[-56.038134,-15.576649],[-56.039257,-15.57638],[-56.041263,-15.576796],[-56.042204,-15.576626],[-56.044522,-15.576894],[-56.044478,-15.575829],[-56.044985,-15.574252],[-56.046146,-15.574577],[-56.046608,-15.574122],[-56.047898,-15.574512],[-56.048484,-15.574164],[-56.05011,-15.569775],[-56.040447,-15.566894],[-56.039802,-15.566973],[-56.039016,-15.567463],[-56.034664,-15.5619],[-56.033532,-15.562737],[-56.031242,-15.559765],[-56.029231,-15.561196],[-56.030496,-15.562824],[-56.029602,-15.563495],[-56.03018,-15.564223],[-56.029423,-15.564763],[-56.02824,-15.563438],[-56.027839,-15.56397],[-56.027623,-15.565618],[-56.027176,-15.565993]]]}},{"type":"Feature","properties":{"id":"1510340300056","name":"Morada do Ouro","city":"5103403","ivs":0.17,"idhm":0.901,"income":2533.47,"cnes":6},"geometry":{"type":"Polygon","coordinates":[[[-56.058234,-15.570678],[-56.058159,-15.572648],[-56.0624,-15.572521],[-56.063388,-15.571902],[-56.064889,-15.574318],[-56.068155,-15.572609],[-56.065831,-15.568195],[-56.065296,-15.568537],[-56.064732,-15.56791],[-56.063724,-15.567442],[-56.063677,-15.56655],[-56.06344,-15.566554],[-56.063394,-15.566061],[-56.063672,-15.566034],[-56.063624,-15.56479],[-56.063328,-15.564609],[-56.059257,-15.564697],[-56.059237,-15.569245],[-56.058234,-15.570678]]]}},{"type":"Feature","properties":{"id":"1510340300058","name":"São Gonçalo Beira Rio / Jardim Nossa Senhora Aparecida / Jardim Gramado","city":"5103403","ivs":0.212,"idhm":0.814,"income":1056.72,"cnes":0},"geometry":{"type":"Polygon","coordinates":[[[-56.037182,-15.643697],[-56.040649,-15.644496],[-56.043178,-15.644517],[-56.045092,-15.646043],[-56.046641,-15.645502],[-56.049147,-15.646506],[-56.051453,-15.646311],[-56.052664,-15.645922],[-56.053425,-15.646023],[-56.056704,-15.643838],[-56.058304,-15.644389],[-56.059993,-15.644276],[-56.062647,-15.645448],[-56.06459,-15.645378],[-56.065308,-15.644989],[-56.066155,-15.645238],[-56.066738,-15.645942],[-56.066604,-15.64869],[-56.066007,-15.648563],[-56.066419,-15.650064],[-56.066259,-15.655234],[-56.067524,-15.656022],[-56.068434,-15.656281],[-56.070183,-15.656295],[-56.069492,-15.652681],[-56.069564,-15.647125],[-56.069711,-15.645199],[-56.070087,-15.643991],[-56.070651,-15.643282],[-56.06972,-15.64213],[-56.069515,-15.641361],[-56.069941,-15.640933],[-56.071213,-15.641092],[-56.072037,-15.640942],[-56.072544,-15.640097],[-56.072441,-15.639456],[-56.071766,-15.638437],[-56.070699,-15.638349],[-56.069424,-15.637791],[-56.068613,-15.638028],[-56.065483,-15.639145],[-56.066921,-15.641801],[-56.059056,-15.639729],[-56.058177,-15.638299],[-56.052184,-15.635807],[-56.050827,-15.638257],[-56.049575,-15.639759],[-56.046424,-15.635369],[-56.045785,-15.63542],[-56.045452,-15.635165],[-56.040334,-15.638701],[-56.041376,-15.640152],[-56.041628,-15.640011],[-56.04239,-15.640942],[-56.037182,-15.643697]]]}},{"type":"Feature","properties":{"id":"1510340300059","name":"Área de Expansão Urbana Região Leste : Jardim dos Ipês","city":"5103403","ivs":0.21,"idhm":0.814,"income":1056.72,"cnes":1},"geometry":{"type":"Polygon","coordinates":[[[-55.991599,-15.602011],[-55.992881,-15.603013],[-55.994075,-15.603427],[-55.995054,-15.604134],[-55.99921,-15.606124],[-56.00122,-15.606631],[-56.002519,-15.607267],[-56.005684,-15.609497],[-56.006796,-15.610932],[-56.008644,-15.614872],[-56.00752,-15.621011],[-56.008,-15.621715],[-56.007887,-15.622689],[-56.008147,-15.623134],[-56.010162,-15.624708],[-56.011199,-15.625067],[-56.011468,-15.624796],[-56.011319,-15.624137],[-56.012414,-15.623413],[-56.012494,-15.623636],[-56.013089,-15.623684],[-56.013561,-15.623376],[-56.01429,-15.623332],[-56.01426,-15.623536],[-56.015002,-15.623902],[-56.015076,-15.623643],[-56.014711,-15.623473],[-56.015301,-15.623066],[-56.015294,-15.623504],[-56.015505,-15.62353],[-56.015704,-15.623108],[-56.013273,-15.618959],[-56.011804,-15.615254],[-56.011716,-15.613432],[-56.013246,-15.612177],[-56.013394,-15.611395],[-56.012781,-15.609037],[-56.012945,-15.607731],[-56.013811,-15.606701],[-56.012367,-15.605922],[-56.010458,-15.603975],[-56.010194,-15.60282],[-56.0088,-15.600396],[-56.007343,-15.599944],[-56.006665,-15.599215],[-56.004731,-15.599743],[-56.003512,-15.59924],[-56.001704,-15.599366],[-56.001016,-15.598808],[-55.99829,-15.599606],[-55.994203,-15.599701],[-55.993127,-15.600166],[-55.991749,-15.601437],[-55.991599,-15.602011]]]}},{"type":"Feature","properties":{"id":"1510340300060","name":"Osmar Cabral","city":"5103403","ivs":0.416,"idhm":0.622,"income":387.15,"cnes":12},"geometry":{"type":"Polygon","coordinates":[[[-55.980364,-15.613653],[-55.980611,-15.617621],[-55.981536,-15.618933],[-55.984715,-15.620792],[-55.987685,-15.618022],[-55.990622,-15.621136],[-55.992878,-15.624452],[-55.994291,-15.624191],[-55.996182,-15.62323],[-55.996,-15.622906],[-55.998053,-15.622037],[-55.997197,-15.620451],[-55.999509,-15.619213],[-56.001073,-15.618636],[-56.001938,-15.618918],[-56.002829,-15.618716],[-56.002926,-15.619279],[-56.003898,-15.61935],[-56.004116,-15.618683],[-56.004763,-15.618963],[-56.004791,-15.618701],[-56.005272,-15.618605],[-56.006059,-15.61757],[-56.008094,-15.618475],[-56.008694,-15.615271],[-56.006796,-15.610932],[-56.005357,-15.609233],[-56.002519,-15.607267],[-56.00122,-15.606631],[-55.99921,-15.606124],[-55.995054,-15.604134],[-55.994075,-15.603427],[-55.992881,-15.603013],[-55.991599,-15.602011],[-55.991074,-15.603589],[-55.989639,-15.604503],[-55.987977,-15.604428],[-55.987425,-15.606357],[-55.986029,-15.608019],[-55.985509,-15.609122],[-55.984497,-15.609783],[-55.984348,-15.610448],[-55.982924,-15.611107],[-55.980892,-15.612839],[-55.980364,-15.613653]]]}},{"type":"Feature","properties":{"id":"1510340300061","name":"Área de Expansão Urbana Região Norte ( Residencial Minha Casa Minha Vida )","city":"5103403","ivs":0.211,"idhm":0.814,"income":1056.72,"cnes":1},"geometry":{"type":"Polygon","coordinates":[[[-56.037005,-15.545509],[-56.038361,-15.546501],[-56.03741,-15.547479],[-56.043217,-15.552771],[-56.045237,-15.551657],[-56.046745,-15.551143],[-56.038773,-15.543671],[-56.037005,-15.545509]]]}},{"type":"Feature","properties":{"id":"1510340300062","name":"Morada da Serra ( Grande CPA )","city":"5103403","ivs":0.222,"idhm":0.819,"income":1006.41,"cnes":65},"geometry":{"type":"Polygon","coordinates":[[[-56.030408,-15.556647],[-56.031905,-15.558398],[-56.030822,-15.559186],[-56.033532,-15.562737],[-56.034664,-15.5619],[-56.039016,-15.567463],[-56.039802,-15.566973],[-56.040447,-15.566894],[-56.051191,-15.570101],[-56.051229,-15.569839],[-56.049974,-15.568463],[-56.052562,-15.56679],[-56.053859,-15.565471],[-56.053625,-15.565172],[-56.054033,-15.564866],[-56.053515,-15.564194],[-56.053912,-15.563897],[-56.052909,-15.562594],[-56.053764,-15.561936],[-56.053847,-15.561256],[-56.052324,-15.55929],[-56.053538,-15.558414],[-56.053845,-15.558796],[-56.055472,-15.557599],[-56.055902,-15.558149],[-56.057368,-15.557033],[-56.057743,-15.557424],[-56.059129,-15.55643],[-56.053683,-15.549812],[-56.050269,-15.551251],[-56.039378,-15.554654],[-56.034594,-15.554743],[-56.034226,-15.555019],[-56.033996,-15.554739],[-56.033225,-15.555264],[-56.032536,-15.554384],[-56.031304,-15.555039],[-56.030408,-15.556647]]]}},{"type":"Feature","properties":{"id":"1510340300063","name":"Jardim Ubirajara","city":"5103403","ivs":0.296,"idhm":0.794,"income":846.34,"cnes":0},"geometry":{"type":"Polygon","coordinates":[[[-56.085985,-15.556519],[-56.088559,-15.562069],[-56.088632,-15.562614],[-56.086474,-15.564446],[-56.088279,-15.566254],[-56.09048,-15.564616],[-56.091126,-15.56568],[-56.09148,-15.565686],[-56.09174,-15.566717],[-56.092247,-15.567221],[-56.09307,-15.567167],[-56.09301,-15.566233],[-56.094627,-15.56609],[-56.09481,-15.5675],[-56.096569,-15.56393],[-56.097399,-15.563509],[-56.097541,-15.562723],[-56.096834,-15.563073],[-56.096425,-15.562277],[-56.096479,-15.562114],[-56.096769,-15.562364],[-56.096741,-15.562032],[-56.096204,-15.561712],[-56.095978,-15.561235],[-56.095618,-15.56132],[-56.095576,-15.56096],[-56.095125,-15.56091],[-56.095276,-15.560373],[-56.094578,-15.560425],[-56.094469,-15.559995],[-56.094103,-15.55978],[-56.094361,-15.55956],[-56.094358,-15.558897],[-56.093907,-15.559039],[-56.093199,-15.558714],[-56.092942,-15.557873],[-56.092622,-15.557686],[-56.092674,-15.557383],[-56.092261,-15.557316],[-56.091693,-15.555656],[-56.090686,-15.554907],[-56.08936,-15.553211],[-56.088214,-15.554068],[-56.085985,-15.556519]]]}},{"type":"Feature","properties":{"id":"1510340300064","name":"Jardim Santa Izabel / Cidade Verde / Novo Terceiro","city":"5103403","ivs":0.237,"idhm":0.756,"income":725.37,"cnes":11},"geometry":{"type":"Polygon","coordinates":[[[-56.126226,-15.600517],[-56.127363,-15.601895],[-56.127549,-15.604248],[-56.128944,-15.609591],[-56.127924,-15.612354],[-56.12691,-15.613258],[-56.130975,-15.615196],[-56.131269,-15.615787],[-56.135348,-15.618031],[-56.13601,-15.616656],[-56.137136,-15.612717],[-56.137157,-15.607743],[-56.137579,-15.606356],[-56.13862,-15.604816],[-56.133873,-15.604177],[-56.136274,-15.598632],[-56.137354,-15.599112],[-56.13753,-15.598703],[-56.13416,-15.597248],[-56.134058,-15.597473],[-56.130395,-15.5961],[-56.128278,-15.598851],[-56.126226,-15.600517]]]}},{"type":"Feature","properties":{"id":"1510340300065","name":"Parque Atalaia / Parque Cuiabá / Parque Geórgia ( Colônia São Gonçalo ) / Jardim Mossoró","city":"5103403","ivs":0.268,"idhm":0.768,"income":827.57,"cnes":13},"geometry":{"type":"Polygon","coordinates":[[[-56.03412,-15.665772],[-56.041896,-15.672968],[-56.04509,-15.673642],[-56.042216,-15.685923],[-56.045029,-15.685094],[-56.058795,-15.679493],[-56.069379,-15.674892],[-56.071082,-15.669403],[-56.071471,-15.665237],[-56.070183,-15.656295],[-56.068434,-15.656281],[-56.067524,-15.656022],[-56.066259,-15.655234],[-56.066419,-15.650064],[-56.066007,-15.648563],[-56.057217,-15.647168],[-56.052031,-15.646896],[-56.051926,-15.646223],[-56.049147,-15.646506],[-56.047211,-15.645638],[-56.046219,-15.647014],[-56.046037,-15.648439],[-56.045404,-15.648362],[-56.045223,-15.65036],[-56.044888,-15.650898],[-56.042871,-15.651664],[-56.042381,-15.652193],[-56.04094,-15.652435],[-56.04039,-15.653258],[-56.037904,-15.652982],[-56.036627,-15.657787],[-56.037678,-15.657308],[-56.038812,-15.656016],[-56.0383,-15.657967],[-56.038754,-15.660464],[-56.03802,-15.662244],[-56.038009,-15.663503],[-56.037543,-15.664914],[-56.036934,-15.665842],[-56.035812,-15.666083],[-56.03412,-15.665772]]]}},{"type":"Feature","properties":{"id":"1510340300066","name":"Morada da Serra ( Tancredo Neves )","city":"5103403","ivs":0.317,"idhm":0.723,"income":575.9,"cnes":5},"geometry":{"type":"Polygon","coordinates":[[[-56.044453,-15.576037],[-56.044522,-15.576894],[-56.045029,-15.576988],[-56.046628,-15.57605],[-56.047601,-15.575942],[-56.04802,-15.575423],[-56.049209,-15.575078],[-56.050919,-15.573801],[-56.0518,-15.572567],[-56.051974,-15.571475],[-56.052262,-15.571177],[-56.05264,-15.571234],[-56.052732,-15.570172],[-56.053214,-15.569331],[-56.054343,-15.568608],[-56.05507,-15.567255],[-56.056266,-15.564174],[-56.056281,-15.562694],[-56.056944,-15.561039],[-56.056769,-15.560333],[-56.057631,-15.558678],[-56.058175,-15.558431],[-56.05856,-15.557544],[-56.059422,-15.556803],[-56.059129,-15.55643],[-56.057743,-15.557424],[-56.057368,-15.557033],[-56.055902,-15.558149],[-56.055472,-15.557599],[-56.053845,-15.558796],[-56.053538,-15.558414],[-56.052324,-15.55929],[-56.053847,-15.561256],[-56.053764,-15.561936],[-56.052909,-15.562594],[-56.053912,-15.563897],[-56.053515,-15.564194],[-56.054033,-15.564866],[-56.053625,-15.565172],[-56.053859,-15.565471],[-56.052562,-15.56679],[-56.049974,-15.568463],[-56.051266,-15.56996],[-56.051191,-15.570101],[-56.05011,-15.569775],[-56.048484,-15.574164],[-56.047898,-15.574512],[-56.046608,-15.574122],[-56.046146,-15.574577],[-56.044985,-15.574252],[-56.044453,-15.576037]]]}},{"type":"Feature","properties":{"id":"1510340300067","name":"Jardim Araçá","city":"5103403","ivs":0.348,"idhm":0.67,"income":446.83,"cnes":1},"geometry":{"type":"Polygon","coordinates":[[[-56.133873,-15.604177],[-56.13862,-15.604816],[-56.14133,-15.60095],[-56.137488,-15.598831],[-56.137354,-15.599112],[-56.136274,-15.598632],[-56.133873,-15.604177]]]}},{"type":"Feature","properties":{"id":"1510340300068","name":"Parque Mãe Bonifácia","city":"5103403","ivs":0.172,"idhm":0.901,"income":2533.47,"cnes":119},"geometry":{"type":"Polygon","coordinates":[[[-56.093448,-15.55883],[-56.093907,-15.559039],[-56.094358,-15.558897],[-56.094147,-15.559888],[-56.094469,-15.559995],[-56.094675,-15.560481],[-56.094986,-15.560262],[-56.095276,-15.560373],[-56.095125,-15.56091],[-56.095576,-15.56096],[-56.095618,-15.56132],[-56.095978,-15.561235],[-56.096204,-15.561712],[-56.096741,-15.562032],[-56.096769,-15.562364],[-56.096479,-15.562114],[-56.096425,-15.562277],[-56.096834,-15.563073],[-56.097541,-15.562723],[-56.097399,-15.563509],[-56.096569,-15.56393],[-56.09481,-15.5675],[-56.096729,-15.570307],[-56.09731,-15.571698],[-56.097096,-15.573673],[-56.096448,-15.574005],[-56.095857,-15.574941],[-56.095827,-15.577318],[-56.09693,-15.579071],[-56.097732,-15.579542],[-56.099204,-15.578441],[-56.099999,-15.579819],[-56.102954,-15.583474],[-56.104105,-15.584504],[-56.103418,-15.585275],[-56.105484,-15.588183],[-56.106574,-15.587463],[-56.105942,-15.586301],[-56.109048,-15.584361],[-56.109561,-15.585085],[-56.110095,-15.583305],[-56.111389,-15.582711],[-56.111591,-15.583064],[-56.111945,-15.583018],[-56.112742,-15.582415],[-56.113257,-15.581932],[-56.113128,-15.581122],[-56.113458,-15.580802],[-56.113659,-15.581078],[-56.114896,-15.580137],[-56.115304,-15.579081],[-56.119845,-15.575816],[-56.120021,-15.574767],[-56.119757,-15.574268],[-56.11884,-15.574359],[-56.118407,-15.574004],[-56.118828,-15.572899],[-56.118325,-15.572594],[-56.1182,-15.571234],[-56.118575,-15.570415],[-56.118567,-15.568258],[-56.114209,-15.568495],[-56.11348,-15.56681],[-56.113346,-15.564477],[-56.112764,-15.562926],[-56.113791,-15.561414],[-56.110618,-15.559327],[-56.112268,-15.555696],[-56.112997,-15.553229],[-56.112233,-15.55281],[-56.110926,-15.552678],[-56.108981,-15.553104],[-56.108764,-15.555005],[-56.107781,-15.557357],[-56.105463,-15.555063],[-56.103555,-15.553912],[-56.10368,-15.555028],[-56.104253,-15.55559],[-56.104253,-15.556458],[-56.103038,-15.556861],[-56.100645,-15.558823],[-56.098338,-15.55983],[-56.096964,-15.555924],[-56.096325,-15.554704],[-56.096131,-15.554728],[-56.095906,-15.554814],[-56.094769,-15.557803],[-56.093448,-15.55883]]]}},{"type":"Feature","properties":{"id":"1510340300069","name":"Parque Ohara / Chácara dos Pinheiros / Jardim das Palmeiras / Jardim Comodoro / São José","city":"5103403","ivs":0.213,"idhm":0.814,"income":1056.72,"cnes":9},"geometry":{"type":"Polygon","coordinates":[[[-56.023788,-15.640216],[-56.028016,-15.642846],[-56.031777,-15.644204],[-56.033064,-15.643806],[-56.037182,-15.643697],[-56.04239,-15.640942],[-56.041628,-15.640011],[-56.041376,-15.640152],[-56.040334,-15.638701],[-56.045452,-15.635165],[-56.045785,-15.63542],[-56.046424,-15.635369],[-56.049575,-15.639759],[-56.050827,-15.638257],[-56.053606,-15.633133],[-56.052026,-15.630976],[-56.050898,-15.631712],[-56.049085,-15.628338],[-56.052906,-15.627195],[-56.052436,-15.626468],[-56.054466,-15.624088],[-56.053905,-15.62105],[-56.055218,-15.618973],[-56.054673,-15.618697],[-56.053581,-15.619293],[-56.05302,-15.619217],[-56.052249,-15.61767],[-56.051622,-15.61725],[-56.048993,-15.61721],[-56.046616,-15.619947],[-56.046954,-15.620769],[-56.046912,-15.621429],[-56.046456,-15.621891],[-56.045152,-15.622472],[-56.044948,-15.622863],[-56.044819,-15.623546],[-56.045189,-15.625333],[-56.044049,-15.625891],[-56.042613,-15.625709],[-56.041895,-15.627126],[-56.038425,-15.630121],[-56.037788,-15.629906],[-56.037911,-15.62888],[-56.037241,-15.628542],[-56.036315,-15.625004],[-56.034192,-15.626351],[-56.032626,-15.627842],[-56.027003,-15.637079],[-56.026229,-15.638212],[-56.025562,-15.63861],[-56.025513,-15.639368],[-56.025732,-15.639654],[-56.023788,-15.640216]]]}},{"type":"Feature","properties":{"id":"1510340300070","name":"Terceiro","city":"5103403","ivs":0.306,"idhm":0.692,"income":561.96,"cnes":5},"geometry":{"type":"Polygon","coordinates":[[[-56.089155,-15.619016],[-56.091826,-15.623203],[-56.093255,-15.62494],[-56.097462,-15.621779],[-56.099651,-15.619781],[-56.100953,-15.618173],[-56.103038,-15.616459],[-56.101932,-15.615342],[-56.102187,-15.613773],[-56.101606,-15.612432],[-56.097995,-15.614042],[-56.089155,-15.619016]]]}},{"type":"Feature","properties":{"id":"1510340300071","name":"São Sebastião","city":"5103403","ivs":0.292,"idhm":0.794,"income":846.34,"cnes":3},"geometry":{"type":"Polygon","coordinates":[[[-55.978708,-15.642962],[-55.979047,-15.645738],[-55.985245,-15.651264],[-55.988461,-15.654467],[-55.989667,-15.654257],[-55.996381,-15.651344],[-55.99312,-15.63896],[-55.988419,-15.641952],[-55.987662,-15.641083],[-55.984351,-15.640281],[-55.981072,-15.638887],[-55.97932,-15.642739],[-55.978708,-15.642962]]]}},{"type":"Feature","properties":{"id":"1510340300072","name":"Dom Aquino (Escola Estadual Santos Dumont)","city":"5103403","ivs":0.203,"idhm":0.792,"income":864.68,"cnes":12},"geometry":{"type":"Polygon","coordinates":[[[-56.086641,-15.609729],[-56.087399,-15.611151],[-56.087761,-15.610981],[-56.088424,-15.613408],[-56.088338,-15.614079],[-56.087017,-15.615394],[-56.089155,-15.619016],[-56.097995,-15.614042],[-56.100114,-15.613086],[-56.099966,-15.612388],[-56.099645,-15.612572],[-56.098527,-15.61077],[-56.097392,-15.609469],[-56.095881,-15.610506],[-56.094609,-15.609319],[-56.094337,-15.608957],[-56.094806,-15.607399],[-56.094109,-15.607622],[-56.092218,-15.609231],[-56.090294,-15.609475],[-56.089287,-15.608502],[-56.086641,-15.609729]]]}},{"type":"Feature","properties":{"id":"1510340300073","name":"Passaredo","city":"5103403","ivs":0.43,"idhm":0.656,"income":453.8,"cnes":1},"geometry":{"type":"Polygon","coordinates":[[[-55.99312,-15.63896],[-55.996381,-15.651344],[-56.011136,-15.645417],[-56.01103,-15.645155],[-56.011673,-15.642902],[-56.009434,-15.637806],[-56.008491,-15.636171],[-56.004655,-15.635649],[-56.004356,-15.638046],[-56.000756,-15.638964],[-55.99312,-15.63896]]]}},{"type":"Feature","properties":{"id":"1510340300074","name":"Área de Expansão Urbana Região Leste","city":"5103403","ivs":0.17,"idhm":0.836,"income":1207.65,"cnes":4},"geometry":{"type":"Polygon","coordinates":[[[-56.011716,-15.613432],[-56.011804,-15.615254],[-56.013273,-15.618959],[-56.015704,-15.623108],[-56.016818,-15.624262],[-56.017676,-15.624537],[-56.018002,-15.624149],[-56.017525,-15.622721],[-56.019004,-15.621919],[-56.020407,-15.620616],[-56.020985,-15.620563],[-56.021453,-15.618799],[-56.021209,-15.617847],[-56.024962,-15.607936],[-56.025534,-15.605721],[-56.026331,-15.604317],[-56.027297,-15.604148],[-56.02919,-15.602803],[-56.030904,-15.604489],[-56.032113,-15.604981],[-56.032506,-15.604378],[-56.033883,-15.604],[-56.034773,-15.604046],[-56.035343,-15.602999],[-56.037423,-15.602617],[-56.037479,-15.601859],[-56.038103,-15.601619],[-56.037925,-15.601084],[-56.038266,-15.59964],[-56.039594,-15.598487],[-56.041281,-15.598557],[-56.044218,-15.59793],[-56.045669,-15.596899],[-56.047141,-15.596563],[-56.049695,-15.594922],[-56.052664,-15.592487],[-56.054732,-15.592088],[-56.053799,-15.590907],[-56.053214,-15.589545],[-56.048347,-15.589894],[-56.04607,-15.589424],[-56.044222,-15.588178],[-56.043584,-15.587489],[-56.042096,-15.587096],[-56.041609,-15.586519],[-56.041113,-15.586937],[-56.040276,-15.58706],[-56.036814,-15.590708],[-56.036761,-15.59203],[-56.035619,-15.59429],[-56.035055,-15.594015],[-56.035218,-15.593478],[-56.034579,-15.592494],[-56.035149,-15.591882],[-56.035144,-15.591599],[-56.034521,-15.590359],[-56.034477,-15.589617],[-56.034131,-15.589227],[-56.033709,-15.589173],[-56.033715,-15.587981],[-56.033536,-15.587754],[-56.033033,-15.587776],[-56.03266,-15.587301],[-56.029998,-15.586286],[-56.028586,-15.58672],[-56.024393,-15.584047],[-56.022786,-15.586448],[-56.021592,-15.589659],[-56.02048,-15.591486],[-56.018372,-15.594179],[-56.017583,-15.596708],[-56.01771,-15.598697],[-56.018603,-15.600749],[-56.018887,-15.6025],[-56.017323,-15.607034],[-56.016842,-15.608132],[-56.013916,-15.610492],[-56.013471,-15.610987],[-56.013246,-15.612177],[-56.011716,-15.613432]]]}},{"type":"Feature","properties":{"id":"1510340300075","name":"Nova Esperança","city":"5103403","ivs":0.431,"idhm":0.656,"income":453.8,"cnes":18},"geometry":{"type":"Polygon","coordinates":[[[-55.932988,-15.629024],[-55.938769,-15.651558],[-55.947201,-15.647936],[-55.947861,-15.650634],[-55.947204,-15.652267],[-55.94667,-15.656053],[-55.945346,-15.658419],[-55.945034,-15.659908],[-55.945086,-15.661861],[-55.944012,-15.665902],[-55.943265,-15.667742],[-55.942584,-15.670683],[-55.942056,-15.674556],[-55.946784,-15.671932],[-55.965567,-15.663994],[-55.964566,-15.661775],[-55.971374,-15.658969],[-55.971735,-15.647912],[-55.970988,-15.645322],[-55.978708,-15.642962],[-55.97847,-15.642253],[-55.975738,-15.636832],[-55.969755,-15.636797],[-55.967495,-15.635648],[-55.966382,-15.634748],[-55.959043,-15.626695],[-55.954828,-15.620779],[-55.953384,-15.617165],[-55.951815,-15.616312],[-55.949614,-15.618016],[-55.947884,-15.621477],[-55.945089,-15.622621],[-55.942675,-15.627105],[-55.941981,-15.627517],[-55.940763,-15.62915],[-55.939884,-15.629099],[-55.938564,-15.628415],[-55.932988,-15.629024]]]}},{"type":"Feature","properties":{"id":"1510340300076","name":"Pedregal / Areão / Lixeira","city":"5103403","ivs":0.301,"idhm":0.745,"income":685.93,"cnes":20},"geometry":{"type":"Polygon","coordinates":[[[-56.066202,-15.599583],[-56.066372,-15.600155],[-56.067012,-15.600807],[-56.067025,-15.60159],[-56.06765,-15.60252],[-56.075098,-15.598254],[-56.076802,-15.600282],[-56.076094,-15.602123],[-56.076976,-15.602519],[-56.079222,-15.600944],[-56.080281,-15.599672],[-56.081219,-15.60051],[-56.082331,-15.599696],[-56.083031,-15.597449],[-56.084102,-15.597842],[-56.084309,-15.597067],[-56.083405,-15.59531],[-56.084304,-15.594756],[-56.083364,-15.593486],[-56.083158,-15.592116],[-56.080029,-15.592368],[-56.080073,-15.592001],[-56.077554,-15.592486],[-56.073753,-15.591017],[-56.075033,-15.589888],[-56.072459,-15.589862],[-56.072053,-15.590349],[-56.070118,-15.589575],[-56.070013,-15.591053],[-56.069306,-15.593811],[-56.066753,-15.596749],[-56.066752,-15.596751],[-56.066451,-15.597525],[-56.066551,-15.599187],[-56.066202,-15.599583]],[[-56.066752,-15.596751],[-56.066753,-15.59675],[-56.067189,-15.596612],[-56.066752,-15.596751]]]}},{"type":"Feature","properties":{"id":"1510340300077","name":"Pardim Petrópolis ( Barbado )","city":"5103403","ivs":0.096,"idhm":0.907,"income":2801.35,"cnes":19},"geometry":{"type":"Polygon","coordinates":[[[-56.065879,-15.620629],[-56.066353,-15.621063],[-56.067195,-15.6211],[-56.069252,-15.620574],[-56.077372,-15.620707],[-56.077401,-15.619666],[-56.074786,-15.612958],[-56.073336,-15.613992],[-56.065879,-15.620629]]]}},{"type":"Feature","properties":{"id":"1510340300078","name":"Novo Horizonte / Planalto / Residencial Itamarati / Novo Mato Grosso / Sol Nascente / Jardim Eldorado","city":"5103403","ivs":0.308,"idhm":0.692,"income":561.96,"cnes":13},"geometry":{"type":"Polygon","coordinates":[[[-56.028995,-15.570499],[-56.029997,-15.57198],[-56.030172,-15.573361],[-56.029835,-15.573869],[-56.030313,-15.575183],[-56.030127,-15.575562],[-56.030526,-15.576153],[-56.030246,-15.577382],[-56.030741,-15.578019],[-56.030594,-15.578988],[-56.030956,-15.579157],[-56.030852,-15.579401],[-56.031747,-15.580324],[-56.031667,-15.581121],[-56.031389,-15.581521],[-56.031831,-15.58182],[-56.031925,-15.58245],[-56.031406,-15.583795],[-56.031371,-15.584362],[-56.03174,-15.584958],[-56.031491,-15.585936],[-56.032473,-15.586245],[-56.032841,-15.587626],[-56.033715,-15.587981],[-56.033709,-15.589173],[-56.034131,-15.589227],[-56.034477,-15.589617],[-56.034521,-15.590359],[-56.035144,-15.591599],[-56.035149,-15.591882],[-56.034579,-15.592494],[-56.035218,-15.593478],[-56.035063,-15.594028],[-56.035619,-15.59429],[-56.035819,-15.594121],[-56.036761,-15.59203],[-56.036763,-15.590858],[-56.037135,-15.590315],[-56.040276,-15.58706],[-56.041113,-15.586937],[-56.041609,-15.586519],[-56.042096,-15.587096],[-56.043584,-15.587489],[-56.045836,-15.589357],[-56.048347,-15.589894],[-56.051265,-15.589769],[-56.050041,-15.588318],[-56.050891,-15.586237],[-56.050091,-15.585962],[-56.050489,-15.58521],[-56.045619,-15.58336],[-56.054094,-15.581891],[-56.048355,-15.575353],[-56.047996,-15.575437],[-56.047601,-15.575942],[-56.046628,-15.57605],[-56.045013,-15.576992],[-56.042223,-15.576627],[-56.040665,-15.576735],[-56.039257,-15.57638],[-56.038134,-15.576649],[-56.036246,-15.5777],[-56.029743,-15.570775],[-56.029424,-15.57016],[-56.028995,-15.570499]]]}},{"type":"Feature","properties":{"id":"1510340300079","name":"Porto","city":"5103403","ivs":0.171,"idhm":0.836,"income":1207.65,"cnes":24},"geometry":{"type":"Polygon","coordinates":[[[-56.101606,-15.612432],[-56.102187,-15.613773],[-56.101932,-15.615342],[-56.103038,-15.616459],[-56.106141,-15.616178],[-56.10771,-15.616722],[-56.109602,-15.617761],[-56.111538,-15.619068],[-56.116565,-15.624203],[-56.119913,-15.620628],[-56.120709,-15.620156],[-56.120901,-15.619546],[-56.123933,-15.616171],[-56.122579,-15.615269],[-56.12198,-15.614426],[-56.12147,-15.612667],[-56.120572,-15.611295],[-56.118725,-15.609697],[-56.11611,-15.609165],[-56.112671,-15.605529],[-56.111361,-15.603441],[-56.104914,-15.609487],[-56.103224,-15.611436],[-56.101606,-15.612432]]]}},{"type":"Feature","properties":{"id":"1510340300080","name":"Grande Terceiro","city":"5103403","ivs":0.212,"idhm":0.814,"income":1056.72,"cnes":8},"geometry":{"type":"Polygon","coordinates":[[[-56.075726,-15.623558],[-56.076083,-15.624865],[-56.078797,-15.627922],[-56.079324,-15.628221],[-56.079221,-15.628686],[-56.078818,-15.628782],[-56.079208,-15.628892],[-56.079999,-15.630143],[-56.079899,-15.631904],[-56.080783,-15.634486],[-56.083833,-15.630963],[-56.08587,-15.629292],[-56.084383,-15.625296],[-56.08222,-15.62078],[-56.077372,-15.620707],[-56.075726,-15.623558]]]}},{"type":"Feature","properties":{"id":"1510340300081","name":"Área de Expansão Urbana Região Leste : Central de Transmissão Rede Cemat","city":"5103403","ivs":0.414,"idhm":0.622,"income":387.15,"cnes":1},"geometry":{"type":"Polygon","coordinates":[[[-55.994574,-15.624049],[-55.994811,-15.624121],[-55.996515,-15.627956],[-56.001115,-15.63375],[-56.002194,-15.632422],[-56.002533,-15.632627],[-56.003651,-15.632285],[-56.004139,-15.632608],[-56.005484,-15.631885],[-56.005721,-15.630675],[-56.005977,-15.630428],[-56.00553,-15.629635],[-56.005677,-15.629143],[-56.00695,-15.628364],[-56.007753,-15.627282],[-56.007702,-15.626518],[-56.007995,-15.625808],[-56.007799,-15.624764],[-56.008631,-15.624153],[-56.008992,-15.624698],[-56.010162,-15.624708],[-56.008147,-15.623134],[-56.007887,-15.622689],[-56.008,-15.621715],[-56.00752,-15.621011],[-56.008094,-15.618475],[-56.006073,-15.61757],[-56.005272,-15.618605],[-56.004791,-15.618701],[-56.004763,-15.618963],[-56.004116,-15.618683],[-56.003898,-15.61935],[-56.002926,-15.619279],[-56.002829,-15.618716],[-56.001938,-15.618918],[-56.001073,-15.618636],[-55.998124,-15.619895],[-55.998033,-15.620133],[-55.997197,-15.620451],[-55.998053,-15.622037],[-55.996,-15.622906],[-55.996182,-15.62323],[-55.994574,-15.624049]]]}},{"type":"Feature","properties":{"id":"1510340300082","name":"Ribeirão da Ponte/ Sucuri","city":"5103403","ivs":0.272,"idhm":0.768,"income":827.57,"cnes":10},"geometry":{"type":"Polygon","coordinates":[[[-56.114792,-15.584324],[-56.121521,-15.580582],[-56.122174,-15.580019],[-56.122496,-15.579025],[-56.123856,-15.579064],[-56.124702,-15.580226],[-56.125059,-15.580025],[-56.125997,-15.580168],[-56.125859,-15.580651],[-56.126181,-15.581162],[-56.126478,-15.580868],[-56.126723,-15.581317],[-56.12707,-15.581427],[-56.1267,-15.581913],[-56.126983,-15.582163],[-56.128128,-15.581468],[-56.128192,-15.580952],[-56.128476,-15.580973],[-56.128601,-15.581455],[-56.128225,-15.581864],[-56.128389,-15.582401],[-56.129498,-15.581601],[-56.129728,-15.581162],[-56.12935,-15.580921],[-56.129697,-15.578867],[-56.130913,-15.579424],[-56.133216,-15.579513],[-56.133163,-15.578868],[-56.134011,-15.575108],[-56.134945,-15.572781],[-56.136667,-15.570144],[-56.140209,-15.566389],[-56.139107,-15.564588],[-56.137824,-15.563741],[-56.135265,-15.56289],[-56.133952,-15.561908],[-56.131959,-15.563526],[-56.129239,-15.564016],[-56.128706,-15.564349],[-56.127399,-15.567608],[-56.125901,-15.57017],[-56.118927,-15.568222],[-56.118513,-15.568299],[-56.118575,-15.570415],[-56.1182,-15.571234],[-56.118325,-15.572594],[-56.118828,-15.572899],[-56.118407,-15.574004],[-56.11884,-15.574359],[-56.119757,-15.574268],[-56.120021,-15.574767],[-56.119845,-15.575816],[-56.115438,-15.581181],[-56.114792,-15.584324]]]}},{"type":"Feature","properties":{"id":"1510340300083","name":"Despraiado ( Clube Monte Líbano ) / Quilombo","city":"5103403","ivs":0.171,"idhm":0.901,"income":2533.47,"cnes":73},"geometry":{"type":"Polygon","coordinates":[[[-56.083212,-15.566453],[-56.083833,-15.567204],[-56.084367,-15.570164],[-56.083692,-15.570275],[-56.084771,-15.571873],[-56.083692,-15.572954],[-56.083632,-15.57386],[-56.084097,-15.573814],[-56.084075,-15.574866],[-56.084422,-15.575026],[-56.085249,-15.574941],[-56.085531,-15.5746],[-56.085887,-15.575206],[-56.085495,-15.575638],[-56.085951,-15.576294],[-56.086489,-15.575947],[-56.086875,-15.576209],[-56.087671,-15.579988],[-56.088636,-15.581047],[-56.09341,-15.583849],[-56.096807,-15.58721],[-56.097726,-15.587279],[-56.099372,-15.590372],[-56.101484,-15.593526],[-56.105999,-15.59081],[-56.106848,-15.590836],[-56.107197,-15.590622],[-56.103418,-15.585275],[-56.104105,-15.584504],[-56.102954,-15.583474],[-56.099999,-15.579819],[-56.099204,-15.578441],[-56.097732,-15.579542],[-56.09693,-15.579071],[-56.096101,-15.577834],[-56.095742,-15.57677],[-56.095857,-15.574941],[-56.096448,-15.574005],[-56.097096,-15.573673],[-56.097165,-15.573188],[-56.095473,-15.572293],[-56.09561,-15.571695],[-56.095329,-15.571369],[-56.094388,-15.572288],[-56.093972,-15.573152],[-56.093563,-15.5732],[-56.091091,-15.569502],[-56.090116,-15.568745],[-56.089807,-15.568142],[-56.0914,-15.567074],[-56.090719,-15.564854],[-56.09048,-15.564616],[-56.088279,-15.566254],[-56.086474,-15.564446],[-56.086734,-15.564133],[-56.08628,-15.564133],[-56.083212,-15.566453]]]}},{"type":"Feature","properties":{"id":"1510340300084","name":"Residencial Coxipó / Jardim Presidente / Jardim Mossoró / São Francisco / Cohab São Gonçalo","city":"5103403","ivs":0.317,"idhm":0.723,"income":575.9,"cnes":8},"geometry":{"type":"Polygon","coordinates":[[[-56.014231,-15.647564],[-56.03412,-15.665772],[-56.035812,-15.666083],[-56.036934,-15.665842],[-56.037543,-15.664914],[-56.038009,-15.663503],[-56.03802,-15.662244],[-56.038754,-15.660464],[-56.0383,-15.657967],[-56.038812,-15.656016],[-56.037678,-15.657308],[-56.036627,-15.657787],[-56.037904,-15.652982],[-56.04039,-15.653258],[-56.04094,-15.652435],[-56.042381,-15.652193],[-56.042871,-15.651664],[-56.044888,-15.650898],[-56.045223,-15.65036],[-56.045404,-15.648362],[-56.046037,-15.648439],[-56.046219,-15.647014],[-56.047211,-15.645638],[-56.046641,-15.645502],[-56.045092,-15.646043],[-56.043178,-15.644517],[-56.040649,-15.644496],[-56.037408,-15.643683],[-56.033064,-15.643806],[-56.031777,-15.644204],[-56.028016,-15.642846],[-56.023788,-15.640216],[-56.014489,-15.64397],[-56.014828,-15.644968],[-56.014511,-15.647063],[-56.014231,-15.647564]]]}},{"type":"Feature","properties":{"id":"1510340300085","name":"Altos da Serra I / COHAB Nova / Dr Fabio Leite / Jardim Santa Amália / Residencial Lagoa Azul","city":"5103403","ivs":0.365,"idhm":0.664,"income":438.59,"cnes":7},"geometry":{"type":"Polygon","coordinates":[[[-56.009781,-15.562624],[-56.011184,-15.571547],[-56.017686,-15.585125],[-56.017877,-15.586868],[-56.021592,-15.589659],[-56.022786,-15.586448],[-56.024393,-15.584047],[-56.028586,-15.58672],[-56.029998,-15.586286],[-56.03266,-15.587301],[-56.032473,-15.586245],[-56.031491,-15.585936],[-56.03174,-15.584958],[-56.031371,-15.584362],[-56.031406,-15.583795],[-56.031925,-15.58245],[-56.031831,-15.58182],[-56.031389,-15.581521],[-56.031667,-15.581121],[-56.031747,-15.580324],[-56.030852,-15.579401],[-56.030956,-15.579157],[-56.030616,-15.579042],[-56.030741,-15.578019],[-56.030247,-15.577409],[-56.030526,-15.576153],[-56.030127,-15.575562],[-56.030313,-15.575183],[-56.029835,-15.573869],[-56.030172,-15.573361],[-56.029955,-15.571847],[-56.028963,-15.570359],[-56.028694,-15.570522],[-56.028512,-15.570263],[-56.024857,-15.563665],[-56.020444,-15.562172],[-56.013747,-15.55849],[-56.010788,-15.558178],[-56.010068,-15.557571],[-56.009781,-15.562624]]]}},{"type":"Feature","properties":{"id":"1510340300086","name":"Jardim das Américas III Etapa","city":"5103403","ivs":0.181,"idhm":0.947,"income":4207.97,"cnes":14},"geometry":{"type":"Polygon","coordinates":[[[-56.063435,-15.605051],[-56.068377,-15.60925],[-56.069095,-15.608466],[-56.06923,-15.606806],[-56.069061,-15.60606],[-56.069366,-15.605281],[-56.069129,-15.604501],[-56.06765,-15.60252],[-56.066705,-15.603316],[-56.063435,-15.605051]]]}},{"type":"Feature","properties":{"id":"1510340300088","name":"Pedregal","city":"5103403","ivs":0.204,"idhm":0.792,"income":864.68,"cnes":1},"geometry":{"type":"Polygon","coordinates":[[[-56.059287,-15.599871],[-56.061442,-15.60624],[-56.066705,-15.603316],[-56.06765,-15.60252],[-56.067025,-15.60159],[-56.067012,-15.600807],[-56.066214,-15.599723],[-56.066551,-15.599187],[-56.066451,-15.597525],[-56.066753,-15.596749],[-56.065733,-15.596881],[-56.059287,-15.599871]]]}},{"type":"Feature","properties":{"id":"1510340300089","name":"Pico do Amor / Jardim Kennedy / Jardim Tropical / São Benedito","city":"5103403","ivs":0.096,"idhm":0.907,"income":2801.35,"cnes":23},"geometry":{"type":"Polygon","coordinates":[[[-56.074786,-15.612958],[-56.077401,-15.619666],[-56.077372,-15.620707],[-56.079029,-15.620858],[-56.083052,-15.613531],[-56.084446,-15.611768],[-56.080656,-15.607852],[-56.074786,-15.612958]]]}},{"type":"Feature","properties":{"id":"1510340300090","name":"Morada dos Nobres / Santa Cruz","city":"5103403","ivs":0.171,"idhm":0.901,"income":2533.47,"cnes":10},"geometry":{"type":"Polygon","coordinates":[[[-56.036968,-15.603223],[-56.037934,-15.603595],[-56.037786,-15.605867],[-56.038068,-15.606287],[-56.037714,-15.606625],[-56.038033,-15.607024],[-56.03872,-15.607198],[-56.039,-15.607669],[-56.039509,-15.610387],[-56.040571,-15.611784],[-56.041188,-15.611947],[-56.04206,-15.612919],[-56.042302,-15.613631],[-56.04348,-15.614115],[-56.043674,-15.615069],[-56.044921,-15.615563],[-56.045325,-15.61699],[-56.045178,-15.617799],[-56.046105,-15.617699],[-56.045967,-15.618212],[-56.046161,-15.618225],[-56.046527,-15.618151],[-56.047119,-15.617467],[-56.047978,-15.618325],[-56.048993,-15.61721],[-56.051292,-15.617116],[-56.051098,-15.61656],[-56.050546,-15.616458],[-56.050602,-15.616302],[-56.051041,-15.616158],[-56.051335,-15.615118],[-56.051861,-15.615038],[-56.05215,-15.614047],[-56.053264,-15.613932],[-56.053585,-15.613274],[-56.053753,-15.610247],[-56.053075,-15.608338],[-56.053366,-15.607379],[-56.053899,-15.606927],[-56.054131,-15.606019],[-56.053788,-15.604626],[-56.054077,-15.604434],[-56.0542,-15.603774],[-56.053959,-15.603509],[-56.053806,-15.602198],[-56.054494,-15.601099],[-56.056014,-15.600498],[-56.056006,-15.600184],[-56.05633,-15.599894],[-56.055623,-15.596971],[-56.055594,-15.595911],[-56.054305,-15.59219],[-56.052664,-15.592487],[-56.049695,-15.594922],[-56.047141,-15.596563],[-56.045669,-15.596899],[-56.044218,-15.59793],[-56.041281,-15.598557],[-56.039594,-15.598487],[-56.038266,-15.59964],[-56.037925,-15.601084],[-56.038103,-15.601619],[-56.037479,-15.601859],[-56.037423,-15.602617],[-56.037009,-15.602878],[-56.036968,-15.603223]]]}},{"type":"Feature","properties":{"id":"1510340300091","name":"Araés / Consil","city":"5103403","ivs":0.182,"idhm":0.947,"income":4207.97,"cnes":109},"geometry":{"type":"Polygon","coordinates":[[[-56.076227,-15.578713],[-56.076645,-15.579424],[-56.076918,-15.581133],[-56.07732,-15.581849],[-56.083627,-15.588409],[-56.086278,-15.586582],[-56.087907,-15.58513],[-56.093568,-15.589501],[-56.094739,-15.590994],[-56.096211,-15.589803],[-56.097822,-15.587433],[-56.096807,-15.58721],[-56.09341,-15.583849],[-56.08838,-15.580766],[-56.082291,-15.582161],[-56.081451,-15.581853],[-56.081818,-15.581325],[-56.081267,-15.580931],[-56.08162,-15.580654],[-56.081,-15.579837],[-56.081513,-15.578134],[-56.081079,-15.577936],[-56.081106,-15.577513],[-56.080603,-15.577292],[-56.080225,-15.577732],[-56.077385,-15.577972],[-56.076227,-15.578713]]]}},{"type":"Feature","properties":{"id":"1510340300092","name":"Santa Rosa / Barra do Pari","city":"5103403","ivs":0.095,"idhm":0.907,"income":2801.35,"cnes":54},"geometry":{"type":"Polygon","coordinates":[[[-56.113482,-15.585142],[-56.114358,-15.585667],[-56.114454,-15.585897],[-56.114114,-15.586081],[-56.114561,-15.586211],[-56.116599,-15.58796],[-56.120545,-15.592264],[-56.120906,-15.592953],[-56.121622,-15.595914],[-56.126226,-15.600517],[-56.128278,-15.598851],[-56.130395,-15.5961],[-56.130632,-15.59618],[-56.131281,-15.594966],[-56.13162,-15.594792],[-56.130021,-15.591704],[-56.13218,-15.590371],[-56.133102,-15.586079],[-56.133585,-15.585319],[-56.13422,-15.585241],[-56.135101,-15.585699],[-56.135979,-15.586744],[-56.136943,-15.587401],[-56.137398,-15.587416],[-56.138097,-15.586527],[-56.136372,-15.5852],[-56.134624,-15.583176],[-56.133295,-15.580482],[-56.133216,-15.579513],[-56.130913,-15.579424],[-56.12986,-15.578801],[-56.12959,-15.579066],[-56.12935,-15.580921],[-56.129728,-15.581162],[-56.128514,-15.582398],[-56.128301,-15.582356],[-56.128225,-15.581864],[-56.128601,-15.581455],[-56.128476,-15.580973],[-56.128192,-15.580952],[-56.128128,-15.581468],[-56.126983,-15.582163],[-56.1267,-15.581913],[-56.12707,-15.581427],[-56.126723,-15.581317],[-56.126478,-15.580868],[-56.126181,-15.581162],[-56.125859,-15.580651],[-56.125997,-15.580168],[-56.125059,-15.580025],[-56.124702,-15.580226],[-56.123856,-15.579064],[-56.122496,-15.579025],[-56.122174,-15.580019],[-56.121521,-15.580582],[-56.113482,-15.585142]]]}},{"type":"Feature","properties":{"id":"1510340300093","name":"Santa Laura","city":"5103403","ivs":0.307,"idhm":0.692,"income":561.96,"cnes":10},"geometry":{"type":"Polygon","coordinates":[[[-55.954579,-15.620291],[-55.959043,-15.626695],[-55.966382,-15.634748],[-55.967495,-15.635648],[-55.969755,-15.636797],[-55.975738,-15.636832],[-55.978708,-15.642962],[-55.97932,-15.642739],[-55.981072,-15.638887],[-55.984351,-15.640281],[-55.987662,-15.641083],[-55.988419,-15.641952],[-55.99312,-15.63896],[-56.000756,-15.638964],[-56.004264,-15.638115],[-56.004471,-15.637742],[-56.004788,-15.633241],[-56.005248,-15.632075],[-56.004125,-15.63261],[-56.003651,-15.632285],[-56.002533,-15.632627],[-56.002194,-15.632422],[-56.001115,-15.63375],[-55.996515,-15.627956],[-55.994811,-15.624121],[-55.992878,-15.624452],[-55.990622,-15.621136],[-55.987685,-15.618022],[-55.984715,-15.620792],[-55.981536,-15.618933],[-55.980611,-15.617621],[-55.980364,-15.613653],[-55.980892,-15.612839],[-55.982924,-15.611107],[-55.984348,-15.610448],[-55.984497,-15.609783],[-55.985509,-15.609122],[-55.986029,-15.608019],[-55.987425,-15.606357],[-55.987977,-15.604428],[-55.981625,-15.603498],[-55.979542,-15.606163],[-55.979465,-15.606698],[-55.962266,-15.621891],[-55.962426,-15.61599],[-55.960668,-15.616861],[-55.958386,-15.618842],[-55.956073,-15.619382],[-55.954579,-15.620291]]]}},{"type":"Feature","properties":{"id":"1510340300095","name":"Parque Geórgia","city":"5103403","ivs":0.319,"idhm":0.723,"income":575.9,"cnes":0},"geometry":{"type":"Polygon","coordinates":[[[-56.051924,-15.646207],[-56.052031,-15.646896],[-56.057217,-15.647168],[-56.066604,-15.64869],[-56.066721,-15.645868],[-56.066214,-15.645269],[-56.065335,-15.64499],[-56.06459,-15.645378],[-56.062647,-15.645448],[-56.059993,-15.644276],[-56.058304,-15.644389],[-56.056704,-15.643838],[-56.053425,-15.646023],[-56.052664,-15.645922],[-56.051924,-15.646207]]]}},{"type":"Feature","properties":{"id":"1510340300096","name":"Tijucal","city":"5103403","ivs":0.236,"idhm":0.756,"income":725.37,"cnes":32},"geometry":{"type":"Polygon","coordinates":[[[-56.004655,-15.635649],[-56.008491,-15.636171],[-56.009434,-15.637806],[-56.011673,-15.642902],[-56.01103,-15.645155],[-56.011136,-15.645417],[-56.006791,-15.64707],[-56.009218,-15.652717],[-56.017575,-15.650591],[-56.014231,-15.647564],[-56.014511,-15.647063],[-56.014828,-15.644968],[-56.014489,-15.64397],[-56.024436,-15.639952],[-56.025732,-15.639654],[-56.025513,-15.639368],[-56.025454,-15.638171],[-56.023383,-15.6358],[-56.022014,-15.634657],[-56.021108,-15.633449],[-56.02031,-15.632795],[-56.019227,-15.632327],[-56.016985,-15.630501],[-56.017861,-15.629094],[-56.018004,-15.627157],[-56.019144,-15.626101],[-56.019004,-15.621919],[-56.017525,-15.622721],[-56.018002,-15.624149],[-56.017676,-15.624537],[-56.016818,-15.624262],[-56.015704,-15.623108],[-56.01534,-15.623583],[-56.015301,-15.623066],[-56.014711,-15.623473],[-56.015076,-15.623643],[-56.015002,-15.623902],[-56.01426,-15.623536],[-56.01429,-15.623332],[-56.013561,-15.623376],[-56.013089,-15.623684],[-56.012494,-15.623636],[-56.012414,-15.623413],[-56.011319,-15.624137],[-56.011468,-15.624796],[-56.011224,-15.625065],[-56.010373,-15.624676],[-56.008992,-15.624698],[-56.008639,-15.624154],[-56.008145,-15.624376],[-56.007795,-15.624784],[-56.007995,-15.625808],[-56.007702,-15.626518],[-56.007747,-15.6273],[-56.00695,-15.628364],[-56.005843,-15.628955],[-56.005621,-15.629309],[-56.00553,-15.629635],[-56.005977,-15.630428],[-56.005717,-15.630689],[-56.00563,-15.631648],[-56.004788,-15.633241],[-56.004655,-15.635649]]]}},{"type":"Feature","properties":{"id":"1510340300097","name":"Coophamil","city":"5103403","ivs":0.306,"idhm":0.692,"income":561.96,"cnes":5},"geometry":{"type":"Polygon","coordinates":[[[-56.116565,-15.624203],[-56.118583,-15.626132],[-56.120519,-15.627484],[-56.122412,-15.628253],[-56.125138,-15.628891],[-56.127819,-15.629037],[-56.129441,-15.628192],[-56.130929,-15.626405],[-56.132247,-15.624248],[-56.127208,-15.620353],[-56.12494,-15.617756],[-56.125737,-15.61702],[-56.125866,-15.614225],[-56.120901,-15.619546],[-56.120709,-15.620156],[-56.119913,-15.620628],[-56.116565,-15.624203]]]}},{"type":"Feature","properties":{"id":"1510340300098","name":"Três Barras / Vilagem Flamboyant / Primeiro de Março / Jardim Umuarama","city":"5103403","ivs":0.346,"idhm":0.67,"income":446.83,"cnes":5},"geometry":{"type":"Polygon","coordinates":[[[-56.01683,-15.556312],[-56.019601,-15.559748],[-56.021523,-15.560746],[-56.020725,-15.562261],[-56.024857,-15.563665],[-56.027015,-15.567854],[-56.028051,-15.569174],[-56.028694,-15.570522],[-56.028995,-15.570499],[-56.029424,-15.57016],[-56.029079,-15.569079],[-56.029261,-15.568038],[-56.028437,-15.567083],[-56.028006,-15.566116],[-56.027176,-15.565993],[-56.027623,-15.565618],[-56.027839,-15.56397],[-56.02824,-15.563438],[-56.029423,-15.564763],[-56.03018,-15.564223],[-56.029602,-15.563495],[-56.030496,-15.562824],[-56.029231,-15.561196],[-56.031242,-15.559765],[-56.030822,-15.559186],[-56.031905,-15.558399],[-56.030408,-15.556647],[-56.031304,-15.555039],[-56.032536,-15.554384],[-56.033225,-15.555264],[-56.033996,-15.554739],[-56.034226,-15.555019],[-56.034594,-15.554743],[-56.039378,-15.554654],[-56.043037,-15.55363],[-56.042593,-15.552892],[-56.030044,-15.541345],[-56.02571,-15.546023],[-56.020892,-15.54356],[-56.020321,-15.544662],[-56.019644,-15.544831],[-56.019434,-15.545327],[-56.019987,-15.54589],[-56.018092,-15.549602],[-56.020092,-15.550825],[-56.01683,-15.556312]]]}},{"type":"Feature","properties":{"id":"1510340300099","name":"Jardim Leblon","city":"5103403","ivs":0.175,"idhm":0.836,"income":1207.65,"cnes":4},"geometry":{"type":"Polygon","coordinates":[[[-56.06765,-15.60252],[-56.069129,-15.604501],[-56.069366,-15.605281],[-56.069061,-15.60606],[-56.069193,-15.606643],[-56.06979,-15.607235],[-56.069828,-15.607881],[-56.073519,-15.604499],[-56.073871,-15.60468],[-56.076455,-15.603325],[-56.076094,-15.602123],[-56.076802,-15.600282],[-56.074877,-15.59823],[-56.06765,-15.60252]]]}},{"type":"Feature","properties":{"id":"1510340300100","name":"Jardim Europa","city":"5103403","ivs":0.17,"idhm":0.901,"income":2533.47,"cnes":7},"geometry":{"type":"Polygon","coordinates":[[[-56.0829,-15.622148],[-56.083163,-15.622693],[-56.084383,-15.625296],[-56.08479,-15.624808],[-56.084544,-15.624223],[-56.086215,-15.622252],[-56.085708,-15.621144],[-56.0829,-15.622148]]]}},{"type":"Feature","properties":{"id":"1510340300101","name":"Jardim Universitário / Recanto dos Pássaros","city":"5103403","ivs":0.17,"idhm":0.901,"income":2533.47,"cnes":11},"geometry":{"type":"Polygon","coordinates":[[[-56.024785,-15.621835],[-56.026484,-15.622106],[-56.028977,-15.621141],[-56.029741,-15.621091],[-56.030543,-15.621216],[-56.030706,-15.621755],[-56.031345,-15.622356],[-56.033311,-15.621391],[-56.034276,-15.622281],[-56.035591,-15.624573],[-56.036315,-15.625004],[-56.037241,-15.628542],[-56.037911,-15.62888],[-56.037788,-15.629906],[-56.038425,-15.630121],[-56.041895,-15.627126],[-56.042613,-15.625709],[-56.044049,-15.625891],[-56.045189,-15.625333],[-56.044819,-15.623546],[-56.044948,-15.622863],[-56.045152,-15.622472],[-56.046456,-15.621891],[-56.046912,-15.621429],[-56.046954,-15.620769],[-56.046616,-15.619947],[-56.047978,-15.618325],[-56.047119,-15.617467],[-56.046527,-15.618151],[-56.046161,-15.618225],[-56.045967,-15.618212],[-56.046105,-15.617699],[-56.045178,-15.617799],[-56.045325,-15.61699],[-56.044921,-15.615563],[-56.043887,-15.615268],[-56.043621,-15.615012],[-56.04348,-15.614115],[-56.042302,-15.613631],[-56.04206,-15.612919],[-56.041298,-15.612035],[-56.040842,-15.611998],[-56.039848,-15.610969],[-56.039424,-15.610141],[-56.039,-15.607669],[-56.03872,-15.607198],[-56.038033,-15.607024],[-56.037714,-15.606625],[-56.038068,-15.606287],[-56.037786,-15.605867],[-56.037835,-15.60341],[-56.037005,-15.603394],[-56.037074,-15.602831],[-56.035343,-15.602999],[-56.034773,-15.604046],[-56.033883,-15.604],[-56.032506,-15.604378],[-56.032113,-15.604981],[-56.030904,-15.604489],[-56.02919,-15.602803],[-56.027297,-15.604148],[-56.026331,-15.604317],[-56.025534,-15.605721],[-56.028908,-15.607118],[-56.028065,-15.609129],[-56.026656,-15.608603],[-56.026763,-15.611206],[-56.028463,-15.614242],[-56.024785,-15.621835]]]}},{"type":"Feature","properties":{"id":"1510340300103","name":"Cidade Alta","city":"5103403","ivs":0.299,"idhm":0.745,"income":685.93,"cnes":3},"geometry":{"type":"Polygon","coordinates":[[[-56.120316,-15.611045],[-56.12147,-15.612667],[-56.12198,-15.614426],[-56.122579,-15.615269],[-56.123933,-15.616171],[-56.124855,-15.615143],[-56.123963,-15.612618],[-56.12332,-15.612828],[-56.122756,-15.611277],[-56.122144,-15.61045],[-56.120316,-15.611045]]]}}]}