city,week,notifications,burden,threshold,target,split,reporter_coverage,lag_1,lag_2,lag_4,lag_8,lag_13,lag_52,rolling_4_mean,rolling_4_sum,rolling_4_std,rolling_4_max,rolling_8_mean,rolling_8_sum,rolling_8_std,rolling_8_max,change_1,growth_1,acceleration,change_4,seasonal_difference,rain,rain_lag4,rain_mean4,temperature,temperature_lag4,temperature_mean4,humidity,humidity_lag4,humidity_mean4,wind,wind_lag4,wind_mean4,reporters,reporter_hhi,reporter_top_share,avs_ivs_mean,avs_ivs_iqr,avs_idhm_mean,avs_idhm_iqr,avs_renda_per_capita_mean,avs_renda_per_capita_iqr,avs_proporcao_sem_agua_esgoto_mean,avs_proporcao_sem_agua_esgoto_iqr,calendar_sin,calendar_cos
3304557,2021-01-03,5,50,2436.2,0,development,1,,,,,,,,,,,,,,,,,,,,23.8,,,26.88,,,76.67,,,2.02,,,4,0.28,0.4,0.28502289,0.126,0.76614789,0.147,1125.142,678.73,0.39301937,0.3625,0.051585425,0.99866859
3304557,2021-01-10,3,61,2436.2,0,development,1,5,,,,,,,,,,,,,,-2,-0.33333333,,,,13.4,,,27.74,,,74.58,,,1.98,,,3,0.33333333,0.33333333,0.28502289,0.126,0.76614789,0.147,1125.142,678.73,0.39301937,0.3625,0.17118054,0.98523968
3304557,2021-01-17,8,67,2436.2,0,development,1,3,5,,,,,,,,,,,,,5,1.25,7,,,0,,,27.11,,,69.19,,,2.28,,,6,0.21875,0.375,0.28502289,0.126,0.76614789,0.147,1125.142,678.73,0.39301937,0.3625,0.28829639,0.95754122
3304557,2021-01-24,18,67,2436.2,0,development,1,8,3,,,,,8.5,34,6.6583281,18,,,,,10,1.1111111,5,,,0,,9.3,28.95,,27.67,61.23,,70.4175,2.25,,2.1325,15,0.074074074,0.11111111,0.28502289,0.126,0.76614789,0.147,1125.142,678.73,0.39301937,0.3625,0.40123675,0.91597438
3304557,2021-01-31,21,66,2436.2,0,development,1,18,8,5,,,,12.5,50,8.4261498,21,,,,,3,0.15789474,-7,4,,77.3,23.8,22.675,28.32,26.88,28.03,69.19,76.67,68.5475,2.17,2.02,2.17,11,0.18820862,0.38095238,0.28502289,0.126,0.76614789,0.147,1125.142,678.73,0.39301937,0.3625,0.50836587,0.86114119
3304557,2021-02-07,14,79,2436.2,0,development,1,21,18,3,,,,15.25,61,5.6199051,21,,,,,-7,-0.31818182,-10,2.75,,29.4,13.4,26.675,24.68,27.74,27.265,81.5,74.58,70.2775,0.54,1.98,1.81,5,0.53061224,0.71428571,0.28502289,0.126,0.76614789,0.147,1125.142,678.73,0.39301937,0.3625,0.60813216,0.7938358
3304557,2021-02-14,14,91,2436.2,0,development,1,14,21,8,,,,16.75,67,3.4034296,21,,,,,0,0,7,1.5,,8.9,0,28.9,26.7,27.11,27.1625,77.16,69.19,72.27,0.92,2.28,1.47,9,0.2244898,0.42857143,0.28502289,0.126,0.76614789,0.147,1125.142,678.73,0.39301937,0.3625,0.69909067,0.71503303
3304557,2021-02-21,18,112,2436.2,0,development,1,14,14,18,,,,16.75,67,3.4034296,21,12.625,101,6.5886808,21,4,0.26666667,4,0,,17,0,33.15,25.84,28.95,26.385,81.68,61.23,77.3825,0.69,2.25,1.08,7,0.40123457,0.61111111,0.28502289,0.126,0.76614789,0.147,1125.142,678.73,0.39301937,0.3625,0.77992402,0.62587421
3304557,2021-02-28,20,130,2436.2,0,development,1,18,14,21,5,,,16.5,66,3,20,14.5,116,6.2335498,21,2,0.10526316,-2,-0.25,,0.9,77.3,14.05,27.56,28.32,26.195,71.72,69.19,78.015,0.78,2.17,0.7325,12,0.115,0.2,0.28502289,0.126,0.76614789,0.147,1125.142,678.73,0.39301937,0.3625,0.84946148,0.52765064
3304557,2021-03-07,27,153,2436.2,0,development,1,20,18,14,3,,,19.75,79,5.4390563,27,17.5,140,5.6568542,27,7,0.33333333,5,3.25,,27.7,29.4,13.625,25.23,24.68,26.3325,81.61,81.5,78.0425,0.74,0.54,0.7825,16,0.11111111,0.25925926,0.28502289,0.126,0.76614789,0.147,1125.142,678.73,0.39301937,0.3625,0.90669591,0.42178494
3304557,2021-03-14,26,184,2436.2,0,development,1,27,20,14,8,,,22.75,91,4.425306,27,19.75,158,4.8623921,27,-1,-0.035714286,-8,3,,0,8.9,11.4,26.97,26.7,26.4,76.67,77.16,77.92,0.77,0.92,0.745,11,0.21893491,0.42307692,0.28502289,0.126,0.76614789,0.147,1125.142,678.73,0.39301937,0.3625,0.95079836,0.30981039
3304557,2021-03-21,39,187,2436.2,0,development,1,26,27,18,18,,,28,112,7.9582243,39,22.375,179,8.2624365,39,13,0.48148148,14,5.25,,0.1,17,7.175,27.19,25.84,26.7375,76.08,81.68,76.52,0.77,0.69,0.765,15,0.26232742,0.48717949,0.28502289,0.126,0.76614789,0.147,1125.142,678.73,0.39301937,0.3625,0.98113009,0.19334875
3304557,2021-03-28,38,190,2436.2,0,development,1,39,26,20,21,,,32.5,130,6.9522179,39,24.5,196,9.8850537,39,-1,-0.025,-14,4.5,,31.2,0.9,14.75,25.82,27.56,26.3025,76.46,71.72,77.705,0.85,0.78,0.7825,17,0.15096953,0.28947368,0.28502289,0.126,0.76614789,0.147,1125.142,678.73,0.39301937,0.3625,0.9972518,0.074086778
3304557,2021-04-04,50,172,2436.2,0,development,1,38,39,27,14,5,,38.25,153,9.8107084,50,29,232,12.317235,50,12,0.30769231,13,5.75,,9.5,27.7,10.2,23.99,25.23,25.9925,76.13,81.61,76.335,0.76,0.74,0.7875,24,0.1016,0.26,0.28502289,0.126,0.76614789,0.147,1125.142,678.73,0.39301937,0.3625,0.99892998,-0.046248216
3304557,2021-04-11,57,153,2436.2,0,development,1,50,38,26,14,3,,46,184,9.1287093,57,34.375,275,14.090904,57,7,0.1372549,-5,7.75,,21.3,0,15.525,24.23,26.97,25.3075,72.5,76.67,75.2925,0.74,0.77,0.78,25,0.11542013,0.24561404,0.28502289,0.126,0.76614789,0.147,1125.142,678.73,0.39301937,0.3625,0.98614033,-0.16591338
3304557,2021-04-18,42,155,2436.2,0,development,1,57,50,39,18,8,,46.75,187,8.4606934,57,37.375,299,12.580455,57,-15,-0.25862069,-22,0.75,,37.9,0.1,24.975,22.8,27.19,24.21,81.59,76.08,76.67,1,0.77,0.8375,20,0.14058957,0.33333333,0.28502289,0.126,0.76614789,0.147,1125.142,678.73,0.39301937,0.3625,0.95906809,-0.28317557
3304557,2021-04-25,41,174,2436.2,0,development,1,42,57,38,20,18,,47.5,190,7.5055535,57,40,320,10.447146,57,-1,-0.023255814,14,0.75,,44.6,31.2,28.325,22.64,25.82,23.415,84.02,76.46,78.56,0.6,0.85,0.775,16,0.18857823,0.3902439,0.28502289,0.126,0.76614789,0.147,1125.142,678.73,0.39301937,0.3625,0.91810535,-0.39633643
3304557,2021-05-02,32,170,2436.2,0,development,1,41,42,50,27,21,,43,172,10.36018,57,40.625,325,9.6796916,57,-9,-0.21428571,-8,-4.5,,37.8,9.5,35.4,23.16,23.99,23.2075,83.77,76.13,80.47,0.53,0.76,0.7175,14,0.1171875,0.25,0.28502289,0.126,0.76614789,0.147,1125.142,678.73,0.39301937,0.3625,0.86384539,-0.50375703
3304557,2021-05-09,38,182,2436.2,0,development,1,32,41,57,26,14,,38.25,153,4.5,42,42.125,337,7.8456084,57,6,0.18181818,15,-4.75,,28.1,21.3,37.1,21.18,24.23,22.445,83.52,72.5,83.225,0.62,0.74,0.6875,24,0.078947368,0.21052632,0.28502289,0.126,0.76614789,0.147,1125.142,678.73,0.39301937,0.3625,0.79707408,-0.60388154
3304557,2021-05-16,44,167,2436.2,0,development,1,38,32,42,39,14,,38.75,155,5.1234754,44,42.75,342,7.7597864,57,6,0.15384615,0,0.5,,2.5,37.9,28.25,22.36,22.8,22.335,83.57,81.59,83.72,0.57,1,0.58,19,0.19628099,0.40909091,0.28502289,0.126,0.76614789,0.147,1125.142,678.73,0.39301937,0.3625,0.71875848,-0.69525984
3304557,2021-05-23,60,133,2436.2,0,development,1,44,38,41,38,18,,43.5,174,12.041595,60,45.5,364,9.5319013,60,16,0.35555556,10,4.75,,0.1,44.6,17.125,23.05,22.64,22.4375,74.14,84.02,81.25,0.69,0.6,0.6025,23,0.19722222,0.41666667,0.28502289,0.126,0.76614789,0.147,1125.142,678.73,0.39301937,0.3625,0.63003286,-0.77656847
3304557,2021-05-30,28,127,2436.2,0,development,1,60,44,32,50,20,,42.5,170,13.40398,60,42.75,342,11.093756,60,-32,-0.52459016,-48,-1,,31,37.8,15.425,23.04,23.16,22.4075,85.38,83.77,81.6525,0.51,0.53,0.5975,10,0.28571429,0.5,0.28502289,0.126,0.76614789,0.147,1125.142,678.73,0.39301937,0.3625,0.53218228,-0.8466298
3304557,2021-06-06,50,103,2436.2,0,development,1,28,60,38,57,27,,45.5,182,13.40398,60,41.875,335,10.034761,60,22,0.75862069,54,3,,10.9,28.1,11.125,22.56,21.18,22.7525,82.73,83.52,81.455,0.52,0.62,0.5725,17,0.3496,0.58,0.28502289,0.126,0.76614789,0.147,1125.142,678.73,0.39301937,0.3625,0.42662393,-0.90442912
3304557,2021-06-13,29,101,2436.2,0,development,1,50,28,44,42,26,,41.75,167,15.840349,60,40.25,322,11.016222,60,-21,-0.41176471,-43,-3.75,,9.4,2.5,12.85,19.43,22.36,22.02,81.75,83.57,81,0.5,0.57,0.555,12,0.16527943,0.31034483,0.28502289,0.126,0.76614789,0.147,1125.142,678.73,0.39301937,0.3625,0.31488664,-0.94912929
3304557,2021-06-20,26,93,2436.2,0,development,1,29,50,60,41,39,,33.25,133,11.236103,50,38.375,307,12.094125,60,-3,-0.1,18,-8.5,,6.4,0.1,14.425,21.26,23.05,21.5725,77.93,74.14,81.9475,0.78,0.69,0.5775,13,0.30769231,0.53846154,0.28502289,0.126,0.76614789,0.147,1125.142,678.73,0.39301937,0.3625,0.19858874,-0.98008291
3304557,2021-06-27,22,83,2436.2,0,development,1,26,29,28,32,38,,31.75,127,12.5,50,37.125,297,13.303464,60,-4,-0.14814815,-1,-1.5,,1.2,31,6.975,19.62,23.04,20.7175,75.25,85.38,79.415,0.68,0.51,0.62,16,0.095041322,0.22727273,0.28502289,0.126,0.76614789,0.147,1125.142,678.73,0.39301937,0.3625,0.079414622,-0.99684167
3304557,2021-07-04,26,70,2436.2,0,development,1,22,26,50,38,50,,25.75,103,2.8722813,29,35.625,285,13.855762,60,4,0.17391304,8,-6,,9.7,10.9,6.675,19.2,22.56,19.8775,84.87,82.73,79.95,0.37,0.52,0.5825,12,0.24260355,0.46153846,0.28502289,0.126,0.76614789,0.147,1125.142,678.73,0.39301937,0.3625,-0.040909686,-0.99916285
3304557,2021-07-11,27,55,2436.2,0,development,1,26,22,29,44,57,,25.25,101,2.2173558,27,33.5,268,13.690455,60,1,0.037037037,-3,-0.5,,0.7,9.4,4.5,21.44,19.43,20.38,79.55,81.75,79.4,2.06,0.5,0.9725,10,0.33333333,0.55555556,0.28502289,0.126,0.76614789,0.147,1125.142,678.73,0.39301937,0.3625,-0.16064149,-0.98701282
3304557,2021-07-18,18,40,2436.2,0,development,1,27,26,26,60,42,,23.25,93,4.1129876,27,28.25,226,9.4830676,50,-9,-0.32142857,-10,-2,,0.2,6.4,2.95,18.34,21.26,19.65,75.88,77.93,78.8875,2.27,0.78,1.345,9,0.24691358,0.44444444,0.28502289,0.126,0.76614789,0.147,1125.142,678.73,0.39301937,0.3625,-0.27804666,-0.96056757
3304557,2021-07-25,12,45,2436.2,0,development,1,18,27,22,28,41,,20.75,83,7.0887234,27,26.25,210,11.093756,50,-6,-0.31578947,3,-2.5,,15.6,1.2,6.55,19.57,19.62,19.6375,67.83,75.25,77.0325,3.25,0.68,1.9875,8,0.18055556,0.33333333,0.28502289,0.126,0.76614789,0.147,1125.142,678.73,0.39301937,0.3625,-0.3914248,-0.9202101
3304557,2021-08-01,13,46,2436.2,0,development,1,12,18,26,50,32,,17.5,70,6.8556546,27,21.625,173,6.5669628,29,1,0.076923077,7,-3.25,,0.3,9.7,4.2,18.34,19.2,19.4225,78.25,84.87,75.3775,1.98,0.37,2.39,12,0.088757396,0.15384615,0.28502289,0.126,0.76614789,0.147,1125.142,678.73,0.39301937,0.3625,-0.4991338,-0.86652493
3304557,2021-08-08,12,47,2436.2,0,development,1,13,12,27,29,38,,13.75,55,2.8722813,18,19.5,156,6.5900358,27,-1,-0.071428571,-2,-3.75,,28.5,0.7,11.15,20.93,21.44,19.295,78.41,79.55,75.0925,2.46,2.06,2.49,7,0.19444444,0.33333333,0.28502289,0.126,0.76614789,0.147,1125.142,678.73,0.39301937,0.3625,-0.59961369,-0.80028959
3304557,2021-08-15,3,57,2436.2,0,development,1,12,13,18,26,44,,10,40,4.6904158,13,16.625,133,8.1755297,27,-9,-0.69230769,-8,-3.75,,2.8,0.2,11.8,23.22,18.34,20.515,75.9,75.88,75.0975,2.02,2.27,2.4275,3,0.33333333,0.33333333,0.28502289,0.126,0.76614789,0.147,1125.142,678.73,0.39301937,0.3625,-0.69140917,-0.7224634
3304557,2021-08-22,17,47,2436.2,0,development,1,3,12,12,22,60,,11.25,45,5.9090326,17,16,128,7.8921299,27,14,3.5,23,1.25,,3.1,15.6,8.675,24.88,19.57,21.8425,64.92,67.83,74.37,2.24,3.25,2.175,9,0.30795848,0.52941176,0.28502289,0.126,0.76614789,0.147,1125.142,678.73,0.39301937,0.3625,-0.77319075,-0.63417353
3304557,2021-08-29,14,42,2436.2,0,development,1,17,3,13,26,28,,11.5,46,6.0277138,17,14.5,116,6.78233,27,-3,-0.16666667,-17,0.25,,44.2,0.3,19.65,22.08,18.34,22.7775,80.27,78.25,74.875,2.22,1.98,2.235,9,0.18367347,0.35714286,0.28502289,0.126,0.76614789,0.147,1125.142,678.73,0.39301937,0.3625,-0.84377395,-0.53669872
3304557,2021-09-05,13,41,2436.2,0,development,1,14,17,12,27,50,,11.75,47,6.0759087,17,12.75,102,4.5276926,18,-1,-0.066666667,2,0.25,,3.9,28.5,13.5,23.29,20.93,23.3675,80,78.41,75.2725,1.86,2.46,2.085,7,0.32544379,0.53846154,0.28502289,0.126,0.76614789,0.147,1125.142,678.73,0.39301937,0.3625,-0.9021365,-0.43145073
3304557,2021-09-12,13,32,2436.2,0,development,1,13,14,3,18,29,,14.25,57,1.8929694,17,12.125,97,4.0155946,17,0,0,1,2.5,,16.7,2.8,16.975,24.56,23.22,23.7025,78.56,75.9,75.9375,2.14,2.02,2.115,10,0.12426036,0.23076923,0.28502289,0.126,0.76614789,0.147,1125.142,678.73,0.39301937,0.3625,-0.94743311,-0.3199539
3304557,2021-09-19,7,35,2436.2,0,development,1,13,13,17,12,26,,11.75,47,3.2015621,14,11.5,92,4.4077853,17,-6,-0.42857143,-6,-2.5,,4,3.1,17.2,22.21,24.88,23.035,74.66,64.92,78.3725,2.54,2.24,2.19,7,0.14285714,0.14285714,0.28502289,0.126,0.76614789,0.147,1125.142,678.73,0.39301937,0.3625,-0.97900774,-0.20382307
3304557,2021-09-26,9,30,2436.2,0,development,1,7,13,14,13,22,,10.5,42,3,13,11,88,4.4400772,17,2,0.25,8,-1.25,,1,44.2,6.4,23.25,22.08,23.3275,78.44,80.27,77.915,2.19,2.22,2.1825,7,0.18518519,0.33333333,0.28502289,0.126,0.76614789,0.147,1125.142,678.73,0.39301937,0.3625,-0.99640308,-0.084740199
3304557,2021-10-03,12,23,2436.2,0,development,1,9,7,13,12,26,,10.25,41,2.7537853,13,11,88,4.4400772,17,3,0.3,1,-0.25,,35.8,3.9,14.375,23.35,23.29,23.3425,81.76,80,78.355,2.48,1.86,2.3375,6,0.30555556,0.5,0.28502289,0.126,0.76614789,0.147,1125.142,678.73,0.39301937,0.3625,-0.99936719,0.035569988
3304557,2021-10-10,4,25,2436.2,0,development,1,12,9,13,3,27,,8,32,3.3665016,12,11.125,89,4.1896983,17,-8,-0.61538462,-11,-2.25,,28.6,16.7,17.35,23,24.56,22.9525,81.45,78.56,79.0775,2.1,2.14,2.3275,4,0.25,0.25,0.28502289,0.126,0.76614789,0.147,1125.142,678.73,0.39301937,0.3625,-0.98785713,0.155365
3304557,2021-10-17,10,24,2436.2,0,development,1,4,12,7,17,18,,8.75,35,3.4034296,12,10.25,82,3.4537764,14,6,1.2,14,0.75,,54.5,4,29.975,20.52,22.21,22.53,84.13,74.66,81.445,1.95,2.54,2.18,8,0.16,0.3,0.28502289,0.126,0.76614789,0.147,1125.142,678.73,0.39301937,0.3625,-0.96203962,0.27290982
3304557,2021-10-24,4,41,2436.2,0,development,1,10,4,9,14,12,,7.5,30,4.1231056,12,9,72,3.7032804,13,-6,-0.54545455,-12,-1.25,,24.3,1,35.8,22.34,23.25,22.3025,86.33,78.44,83.4175,1.85,2.19,2.095,3,0.375,0.5,0.28502289,0.126,0.76614789,0.147,1125.142,678.73,0.39301937,0.3625,-0.92228857,0.38650199
3304557,2021-10-31,5,74,2436.2,0,development,1,4,10,12,13,13,,5.75,23,2.8722813,10,8,64,3.545621,13,1,0.2,7,-1.75,,51.3,35.8,39.675,21.5,23.35,21.84,88.84,81.76,85.1875,2.24,2.48,2.035,5,0.2,0.2,0.28502289,0.126,0.76614789,0.147,1125.142,678.73,0.39301937,0.3625,-0.86917972,0.49449632
3304557,2021-11-07,6,82,2436.2,0,development,1,5,4,4,13,12,,6.25,25,2.6299556,10,7.125,57,2.9489708,12,1,0.16666667,0,0.5,,19.4,28.6,37.375,20.56,23,21.23,84.04,81.45,85.835,1.57,2.1,1.9025,6,0.16666667,0.16666667,0.28502289,0.126,0.76614789,0.147,1125.142,678.73,0.39301937,0.3625,-0.80348225,0.59532871
3304557,2021-11-14,9,86,2436.2,0,development,1,6,5,10,7,3,,6,24,2.1602469,9,7.375,59,3.0207615,12,3,0.42857143,2,-0.25,,32.1,54.5,31.775,22.98,20.52,21.845,76.94,84.13,84.0375,2.33,1.95,1.9975,7,0.18518519,0.33333333,0.28502289,0.126,0.76614789,0.147,1125.142,678.73,0.39301937,0.3625,-0.72614769,0.68753875
3304557,2021-11-21,21,70,2436.2,0,development,1,9,6,4,9,17,,10.25,41,7.3654599,21,8.875,71,5.7180791,21,12,1.2,9,4.25,,1.9,24.3,26.175,23.57,22.34,22.1525,76.11,86.33,81.4825,2.09,1.85,2.0575,16,0.074829932,0.14285714,0.28502289,0.126,0.76614789,0.147,1125.142,678.73,0.39301937,0.3625,-0.63829609,0.76979095
3304557,2021-11-28,38,38,2436.2,0,development,1,21,9,5,12,14,,18.5,74,14.525839,38,12.125,97,11.849503,38,17,0.77272727,5,8.25,,12.6,51.3,16.5,24.76,21.5,22.9675,79.79,88.84,79.22,2,2.24,1.9975,20,0.10249307,0.23684211,0.28502289,0.126,0.76614789,0.147,1125.142,678.73,0.39301937,0.3625,-0.54119984,0.84089401
3304557,2021-12-05,14,29,2436.2,0,development,1,38,21,6,4,13,,20.5,82,12.66228,38,13.375,107,11.388434,38,-24,-0.61538462,-41,2,,49.6,19.4,24.05,23.09,20.56,23.6,82.95,84.04,78.9475,2.19,1.57,2.1525,12,0.091836735,0.14285714,0.28502289,0.126,0.76614789,0.147,1125.142,678.73,0.39301937,0.3625,-0.43626522,0.89981813
3304557,2021-12-12,13,22,2436.2,0,development,1,14,38,9,10,13,,21.5,86,11.56143,38,13.75,110,11.310551,38,-1,-0.066666667,23,1,,73.3,32.1,34.35,27.22,22.98,24.66,84.39,76.94,80.81,2.14,2.33,2.105,11,0.10059172,0.15384615,0.28502289,0.126,0.76614789,0.147,1125.142,678.73,0.39301937,0.3625,-0.32501202,0.94570989
3304557,2021-12-19,5,24,2436.2,0,development,1,13,14,21,4,7,,17.5,70,14.247807,38,13.875,111,11.192312,38,-8,-0.57142857,-7,-4,,43.1,1.9,44.65,23.96,23.57,24.7575,77.62,76.11,81.1875,2.46,2.09,2.1975,5,0.2,0.2,0.28502289,0.126,0.76614789,0.147,1125.142,678.73,0.39301937,0.3625,-0.20905157,0.97790462
3304557,2021-12-26,6,25,2436.2,0,development,1,5,13,38,5,9,,9.5,38,4.6547467,14,14,112,11.084094,38,1,0.16666667,9,-8,,46,12.6,53,24.72,24.76,24.7475,84.63,79.79,82.3975,1.74,2,2.1325,6,0.16666667,0.16666667,0.28502289,0.126,0.76614789,0.147,1125.142,678.73,0.39301937,0.3625,-0.090063355,0.99593604
3304557,2022-01-02,5,29,2436.2,0,development,1,6,5,14,6,12,5,7.25,29,3.8622101,13,13.875,111,11.192312,38,-1,-0.14285714,-2,-2.25,0,59.1,49.6,55.375,27.21,23.09,25.7775,81.06,82.95,81.925,2.4,2.19,2.185,5,0.2,0.2,0.28502289,0.126,0.76614789,0.147,1125.142,678.73,0.39301937,0.3625,0.034398767,0.99940819
3304557,2022-01-09,6,40,2436.2,0,development,1,5,6,13,9,4,3,5.5,22,0.57735027,6,13.5,108,11.426786,38,1,0.16666667,2,-1.75,3,18.9,73.3,41.775,24.96,27.22,25.2125,88.19,84.39,82.875,1.54,2.14,2.035,3,0.5,0.66666667,0.28502289,0.126,0.76614789,0.147,1125.142,678.73,0.39301937,0.3625,0.15420719,0.98803853
3304557,2022-01-16,7,57,2436.2,0,development,1,6,5,5,21,10,8,6,24,0.81649658,7,11.75,94,11.183534,38,1,0.14285714,0,0.5,-1,2.5,43.1,31.625,27.55,23.96,26.11,78.75,77.62,83.1575,2.05,2.46,1.9325,6,0.18367347,0.28571429,0.28502289,0.126,0.76614789,0.147,1125.142,678.73,0.39301937,0.3625,0.27178218,0.96235879
3304557,2022-01-23,7,82,2436.2,0,development,1,7,6,6,38,4,18,6.25,25,0.95742711,7,7.875,63,3.5632048,14,0,0,-1,0.25,-11,4.4,46,21.225,27.67,24.72,26.8475,73.64,84.63,80.41,2.08,1.74,2.0175,6,0.18367347,0.28571429,0.28502289,0.126,0.76614789,0.147,1125.142,678.73,0.39301937,0.3625,0.38542086,0.9227409
3304557,2022-01-30,9,92,2436.2,0,development,1,7,7,5,14,5,21,7.25,29,1.2583057,9,7.25,58,2.6592158,13,2,0.25,2,1,-12,24.1,59.1,12.475,26.61,27.21,26.6975,84.94,81.06,81.38,1.75,2.4,1.855,8,0.13580247,0.22222222,0.28502289,0.126,0.76614789,0.147,1125.142,678.73,0.39301937,0.3625,0.49347736,0.86975864
3304557,2022-02-06,17,128,2436.2,0,development,1,9,7,6,13,6,14,10,40,4.7609523,17,7.75,62,3.9551052,17,8,0.8,6,2.75,3,49.4,18.9,20.1,25.05,24.96,26.72,83.41,88.19,80.185,1.81,1.54,1.9225,14,0.08650519,0.17647059,0.28502289,0.126,0.76614789,0.147,1125.142,678.73,0.39301937,0.3625,0.59438667,0.80417939
3304557,2022-02-13,24,181,2436.2,0,development,1,17,9,7,5,9,14,14.25,57,7.804913,24,10.125,81,6.7704716,24,7,0.38888889,-1,4.25,10,68.6,2.5,36.625,25.38,27.55,26.1775,84.34,78.75,81.5825,1.89,2.05,1.8825,19,0.0625,0.125,0.28502289,0.126,0.76614789,0.147,1125.142,678.73,0.39301937,0.3625,0.68668728,0.72695294
3304557,2022-02-20,32,235,2436.2,0,development,1,24,17,7,6,21,18,20.5,82,9.8149546,32,13.375,107,9.9848099,32,8,0.32,1,6.25,14,4.4,4.4,36.625,26.6,27.67,25.91,82.02,73.64,83.6775,1.95,2.08,1.85,21,0.072265625,0.15625,0.28502289,0.126,0.76614789,0.147,1125.142,678.73,0.39301937,0.3625,0.76904237,0.6391978
3304557,2022-02-27,19,318,2436.2,0,development,1,32,24,9,5,38,20,23,92,6.6833126,32,15.125,121,9.5234673,32,-13,-0.39393939,-21,2.5,-1,0,24.1,30.6,28.13,26.61,26.29,72.87,84.94,80.66,2.02,1.75,1.9175,15,0.08033241,0.15789474,0.28502289,0.126,0.76614789,0.147,1125.142,678.73,0.39301937,0.3625,0.84025918,0.54218494
3304557,2022-03-06,53,401,2436.2,0,development,1,19,32,17,6,14,27,32,128,14.988885,53,21,168,15.629642,53,34,1.7,47,9,26,0.1,49.4,18.275,28.23,25.05,27.085,69.56,83.41,77.1975,2.13,1.81,1.9975,40,0.034531862,0.094339623,0.28502289,0.126,0.76614789,0.147,1125.142,678.73,0.39301937,0.3625,0.89930623,0.43731945
3304557,2022-03-13,77,458,2436.2,0,development,1,53,19,24,7,13,26,45.25,181,25.38208,77,29.75,238,24.016363,77,24,0.44444444,-10,13.25,51,0.1,68.6,1.15,28.31,25.38,27.8175,75.25,84.34,74.925,1.94,1.89,2.01,36,0.049755439,0.12987013,0.28502289,0.126,0.76614789,0.147,1125.142,678.73,0.39301937,0.3625,0.94532834,0.32612011
3304557,2022-03-20,86,503,2436.2,0,development,1,77,53,32,7,5,39,58.75,235,29.937435,86,39.625,317,29.041534,86,9,0.11538462,-15,13.5,47,40.7,4.4,10.225,26.41,26.6,27.77,72.44,82.02,72.53,2.59,1.95,2.17,49,0.033531639,0.10465116,0.28502289,0.126,0.76614789,0.147,1125.142,678.73,0.39301937,0.3625,0.97765895,0.21019747
3304557,2022-03-27,102,637,2436.2,0,development,1,86,77,19,9,6,38,79.5,318,20.469489,102,51.25,410,33.328452,102,16,0.18390805,7,20.75,64,272.4,0,78.325,25.49,28.13,27.11,84.89,72.87,75.535,2.28,2.02,2.235,51,0.041138024,0.10784314,0.28502289,0.126,0.76614789,0.147,1125.142,678.73,0.39301937,0.3625,0.99582981,0.09123047
3304557,2022-04-03,136,774,2436.2,0,development,1,102,86,53,17,5,50,100.25,401,25.979158,136,66.125,529,41.429587,136,34,0.33009709,18,20.75,86,16.2,0.1,82.35,25.86,28.23,26.5175,81.94,69.56,78.63,2.08,2.13,2.2225,57,0.048118512,0.14705882,0.28502289,0.126,0.76614789,0.147,1125.142,678.73,0.39301937,0.3625,0.99957773,-0.029057851
3304557,2022-04-10,134,971,2436.2,0,development,1,136,102,77,24,6,57,114.5,458,24.569629,136,79.875,639,43.646101,136,-2,-0.01459854,-36,14.25,77,60.7,0.1,97.5,24.61,28.31,25.5925,79.94,75.25,79.8025,2.46,1.94,2.3525,61,0.036867899,0.12686567,0.28502289,0.126,0.76614789,0.147,1125.142,678.73,0.39301937,0.3625,0.98884845,-0.14892532
3304557,2022-04-17,131,1123,2436.2,0,development,1,134,136,86,32,7,42,125.75,503,15.96611,136,92.25,738,42.141768,136,-3,-0.022222222,-1,11.25,89,0.7,40.7,87.5,22.99,26.41,24.7375,79.79,72.44,81.64,1.71,2.59,2.1325,50,0.052619311,0.14503817,0.28502289,0.126,0.76614789,0.147,1125.142,678.73,0.39301937,0.3625,0.96379735,-0.26663585
3304557,2022-04-24,236,1162,2436.2,0,development,1,131,134,102,19,7,41,159.25,637,51.20791,236,119.375,955,55.861915,236,105,0.79545455,108,33.5,195,26.2,272.4,25.95,25.28,25.49,24.685,72.49,84.89,78.54,2.32,2.28,2.1425,84,0.032641482,0.097457627,0.28502289,0.126,0.76614789,0.147,1125.142,678.73,0.39301937,0.3625,0.92478725,-0.38048461
3304557,2022-05-01,273,1172,2436.2,0,development,1,236,131,136,53,9,32,193.5,774,72.048595,273,146.875,1175,70.699439,273,37,0.15611814,-68,34.25,241,9.3,16.2,24.225,24.94,25.86,24.455,78.96,81.94,77.795,2.25,2.08,2.185,85,0.032403494,0.098901099,0.28502289,0.126,0.76614789,0.147,1125.142,678.73,0.39301937,0.3625,0.87238316,-0.48882268
3304557,2022-05-08,331,1039,2436.2,0,development,1,273,236,134,77,17,38,242.75,971,84.136298,331,178.625,1429,89.397887,331,58,0.21167883,21,49.25,293,10.1,60.7,11.575,22.34,24.61,23.8875,81.24,79.94,78.12,1.85,2.46,2.0325,112,0.026733966,0.10271903,0.28502289,0.126,0.76614789,0.147,1125.142,678.73,0.39301937,0.3625,0.80734406,-0.59008098
3304557,2022-05-15,283,897,2436.2,0,development,1,331,273,131,86,24,44,280.75,1123,39.12693,331,203.25,1626,87.347827,331,-48,-0.14457831,-106,38,239,21.2,0.7,16.7,19.68,22.99,23.06,73.4,79.79,76.5225,2.82,1.71,2.31,113,0.022787149,0.077738516,0.28502289,0.126,0.76614789,0.147,1125.142,678.73,0.39301937,0.3625,0.73061194,-0.68279294
3304557,2022-05-22,275,782,2436.2,0,development,1,283,331,236,102,32,60,290.5,1162,27.343494,331,224.875,1799,79.788,331,-8,-0.028169014,40,9.75,215,0.5,26.2,10.275,21.54,25.28,22.125,75.3,72.49,77.225,1.86,2.32,2.195,110,0.01987438,0.069090909,0.28502289,0.126,0.76614789,0.147,1125.142,678.73,0.39301937,0.3625,0.64329812,-0.76561579
3304557,2022-05-29,283,597,2436.2,0,development,1,275,283,273,136,19,28,293,1172,25.612497,331,243.25,1946,73.037662,331,8,0.028985507,16,2.5,255,16.2,9.3,12,22.24,24.94,21.45,82.93,78.96,78.2175,2.02,2.25,2.1375,103,0.017068511,0.038869258,0.28502289,0.126,0.76614789,0.147,1125.142,678.73,0.39301937,0.3625,0.5466672,-0.83734997
3304557,2022-06-05,198,489,2436.2,0,development,1,283,275,331,134,53,50,259.75,1039,41.339045,283,251.25,2010,62.038582,331,-85,-0.29929577,-93,-33.25,148,18.3,10.1,14.05,21.3,22.34,21.19,83.71,81.24,78.835,2.12,1.85,2.205,84,0.021324355,0.060606061,0.28502289,0.126,0.76614789,0.147,1125.142,678.73,0.39301937,0.3625,0.44211873,-0.89695654
3304557,2022-06-12,141,445,2436.2,0,development,1,198,283,283,131,77,29,224.25,897,67.445657,283,252.5,2020,59.310322,331,-57,-0.28643216,28,-35.5,112,12.4,21.2,11.85,19.45,19.68,21.1325,81.27,73.4,80.8025,2.53,2.82,2.1325,65,0.029626276,0.092198582,0.28502289,0.126,0.76614789,0.147,1125.142,678.73,0.39301937,0.3625,0.3311669,-0.94357219
3304557,2022-06-19,160,385,2436.2,0,development,1,141,198,275,236,86,26,195.5,782,62.962952,283,243,1944,67.808554,331,19,0.13380282,76,-28.75,134,9.6,0.5,14.125,21.81,21.54,21.2,80.7,75.3,82.1525,1.86,1.86,2.1325,80,0.023046875,0.06875,0.28502289,0.126,0.76614789,0.147,1125.142,678.73,0.39301937,0.3625,0.21541867,-0.97652178
3304557,2022-06-26,98,396,2436.2,0,development,1,160,141,283,273,102,22,149.25,597,41.580244,198,221.125,1769,83.223344,331,-62,-0.38509317,-81,-46.25,76,19.6,16.2,14.975,20.38,22.24,20.735,79.93,82.93,81.4025,2.1,2.02,2.1525,59,0.024156601,0.051020408,0.28502289,0.126,0.76614789,0.147,1125.142,678.73,0.39301937,0.3625,0.096550471,-0.99532809
3304557,2022-07-03,90,397,2436.2,0,development,1,98,160,198,331,136,26,122.25,489,33.688524,160,191,1528,81.366894,283,-8,-0.080808081,54,-27,64,0.3,18.3,10.475,22.56,21.3,21.05,75.86,83.71,79.44,1.98,2.12,2.1175,51,0.031851852,0.088888889,0.28502289,0.126,0.76614789,0.147,1125.142,678.73,0.39301937,0.3625,-0.023716105,-0.99971873
3304557,2022-07-10,97,360,2436.2,0,development,1,90,98,141,283,134,27,111.25,445,32.694291,160,167.75,1342,77.819847,283,7,0.076923077,15,-11,70,30.9,12.4,15.1,23.58,19.45,22.0825,71.14,81.27,76.9075,2.41,2.53,2.0875,46,0.04176852,0.10309278,0.28502289,0.126,0.76614789,0.147,1125.142,678.73,0.39301937,0.3625,-0.14363919,-0.98963012
3304557,2022-07-17,100,314,2436.2,0,development,1,97,90,160,275,131,18,96.25,385,4.3493295,100,145.875,1167,67.242498,283,3,0.030612245,-4,-15,82,1.3,9.6,13.025,23.3,21.81,22.455,79.9,80.7,76.7075,2.01,1.86,2.125,54,0.047,0.14,0.28502289,0.126,0.76614789,0.147,1125.142,678.73,0.39301937,0.3625,-0.26148191,-0.96520838
3304557,2022-07-24,109,261,2436.2,0,development,1,100,97,98,283,236,12,99,396,7.8740079,109,124.125,993,38.587331,198,9,0.089108911,6,2.75,97,10.4,19.6,10.725,22,20.38,22.86,77.8,79.93,76.175,2.28,2.1,2.17,54,0.037959768,0.091743119,0.28502289,0.126,0.76614789,0.147,1125.142,678.73,0.39301937,0.3625,-0.37553749,-0.9268072
3304557,2022-07-31,91,216,2436.2,0,development,1,109,100,90,198,273,13,99.25,397,7.5,109,110.75,886,25.722419,160,-18,-0.16363636,-27,0.25,78,1.9,0.3,11.125,21.99,22.56,22.7175,77.25,75.86,76.5225,1.96,1.98,2.165,51,0.03320855,0.087912088,0.28502289,0.126,0.76614789,0.147,1125.142,678.73,0.39301937,0.3625,-0.48415405,-0.87498278
3304557,2022-08-07,60,201,2436.2,0,development,1,91,109,97,141,331,12,90,360,21.307276,109,100.625,805,27.958835,160,-31,-0.33695652,-13,-9.25,48,44.3,30.9,14.475,20.3,23.58,21.8975,81.31,71.14,79.065,2.53,2.41,2.195,34,0.053333333,0.15,0.28502289,0.126,0.76614789,0.147,1125.142,678.73,0.39301937,0.3625,-0.58575844,-0.81048569
3304557,2022-08-14,54,195,2436.2,0,development,1,60,91,100,160,283,3,78.5,314,26.006409,109,87.375,699,19.697262,109,-6,-0.098360656,25,-11.5,51,30.5,1.3,21.775,22.01,23.3,21.575,71.41,79.9,76.9425,2.89,2.01,2.415,35,0.03909465,0.092592593,0.28502289,0.126,0.76614789,0.147,1125.142,678.73,0.39301937,0.3625,-0.6788791,-0.73425007
3304557,2022-08-21,56,180,2436.2,0,development,1,54,60,109,98,275,17,65.25,261,17.34695,91,82.125,657,21.931305,109,2,0.036363636,8,-13.25,39,2.3,10.4,19.75,20.7,22,21.25,78.65,77.8,77.155,1.73,2.28,2.2775,34,0.040816327,0.071428571,0.28502289,0.126,0.76614789,0.147,1125.142,678.73,0.39301937,0.3625,-0.76216734,-0.64738007
3304557,2022-08-28,46,180,2436.2,0,development,1,56,54,91,90,283,14,54,216,5.8878406,60,76.625,613,24.979635,109,-10,-0.1754386,-12,-11.25,32,22.4,1.9,24.875,20.2,21.99,20.8025,73.61,77.25,76.245,2.92,1.96,2.5175,29,0.050094518,0.10869565,0.28502289,0.126,0.76614789,0.147,1125.142,678.73,0.39301937,0.3625,-0.83441685,-0.55113385
3304557,2022-09-04,45,178,2436.2,0,development,1,46,56,60,97,198,13,50.25,201,5.5602758,56,70.125,561,25.676212,109,-1,-0.021276596,9,-3.75,32,19.5,44.3,18.675,23.05,20.3,21.49,70.01,81.31,73.42,2.68,2.53,2.555,31,0.043950617,0.088888889,0.28502289,0.126,0.76614789,0.147,1125.142,678.73,0.39301937,0.3625,-0.89458123,-0.44690538
3304557,2022-09-11,48,184,2436.2,0,development,1,45,46,54,100,141,13,48.75,195,4.9916597,56,63.625,509,23.524683,109,3,0.065217391,4,-1.5,35,58.5,30.5,25.675,19.95,22.01,20.975,83.36,71.41,76.4075,2.19,2.89,2.38,32,0.040798611,0.083333333,0.28502289,0.126,0.76614789,0.147,1125.142,678.73,0.39301937,0.3625,-0.9417891,-0.33620423
3304557,2022-09-18,41,198,2436.2,0,development,1,48,45,56,109,160,7,45,180,2.9439203,48,55.125,441,15.806305,91,-7,-0.14285714,-10,-3.75,34,5.1,2.3,26.375,20.34,20.7,20.885,78.77,78.65,76.4375,2.25,1.73,2.51,30,0.045806068,0.097560976,0.28502289,0.126,0.76614789,0.147,1125.142,678.73,0.39301937,0.3625,-0.97535673,-0.22063373
3304557,2022-09-25,46,203,2436.2,0,development,1,41,48,46,91,98,9,45,180,2.9439203,48,49.5,396,6.4586597,60,5,0.11904762,12,0,37,66.7,22.4,37.45,20.68,20.2,21.005,82.35,73.61,78.6225,2.23,2.92,2.3375,26,0.055765595,0.13043478,0.28502289,0.126,0.76614789,0.147,1125.142,678.73,0.39301937,0.3625,-0.99479795,-0.10186771
3304557,2022-10-02,43,201,2436.2,0,development,1,46,41,45,60,90,12,44.5,178,3.1091264,48,47.375,379,5.1806646,56,-3,-0.063829787,-8,-0.5,31,12.3,19.5,35.65,22.59,23.05,20.89,81.78,70.01,81.565,1.76,2.68,2.1075,32,0.048134127,0.11627907,0.28502289,0.126,0.76614789,0.147,1125.142,678.73,0.39301937,0.3625,-0.99983119,0.018373682
3304557,2022-10-09,54,206,2436.2,0,development,1,43,46,48,54,97,4,46,184,5.7154761,54,47.375,379,5.1806646,56,11,0.25,14,1.5,50,8.8,58.5,23.225,23.96,19.95,21.8925,81.53,83.36,81.1075,2,2.19,2.06,34,0.040466392,0.074074074,0.28502289,0.126,0.76614789,0.147,1125.142,678.73,0.39301937,0.3625,-0.99038354,0.13834897
3304557,2022-10-16,55,190,2436.2,0,development,1,54,43,41,56,100,10,49.5,198,5.9160798,55,47.25,378,4.9497475,55,1,0.018181818,-10,3.5,45,3.2,5.1,22.75,24.34,20.34,22.8925,78.4,78.77,81.015,2.17,2.25,2.04,31,0.049917355,0.12727273,0.28502289,0.126,0.76614789,0.147,1125.142,678.73,0.39301937,0.3625,-0.96659185,0.2563205
3304557,2022-10-23,51,176,2436.2,0,development,1,55,54,46,46,109,4,50.75,203,5.4390563,55,47.875,383,5.0832358,55,-4,-0.071428571,-5,1.25,47,8.7,66.7,8.25,24.68,20.68,23.8925,74.27,82.35,78.995,2.36,2.23,2.0725,38,0.038062284,0.11764706,0.28502289,0.126,0.76614789,0.147,1125.142,678.73,0.39301937,0.3625,-0.92880069,0.37057966
3304557,2022-10-30,41,167,2436.2,0,development,1,51,55,43,45,91,5,50.25,201,6.3966137,55,47.375,379,5.5789784,55,-10,-0.19230769,-6,-0.5,36,136.4,12.3,39.275,22.23,22.59,23.8025,77.5,81.78,77.925,3,1.76,2.3825,28,0.045806068,0.097560976,0.28502289,0.126,0.76614789,0.147,1125.142,678.73,0.39301937,0.3625,-0.8775574,0.47947159
3304557,2022-11-06,59,129,2436.2,0,development,1,41,51,54,48,60,6,51.5,206,7.7244202,59,48.75,390,6.9436507,59,18,0.42857143,28,1.25,53,40.4,8.8,47.175,21.91,23.96,23.29,82.32,81.53,78.1225,1.79,2,2.33,38,0.039931054,0.10169492,0.28502289,0.126,0.76614789,0.147,1125.142,678.73,0.39301937,0.3625,-0.81360417,0.58141918
3304557,2022-11-13,39,136,2436.2,0,development,1,59,41,55,41,54,9,47.5,190,9.2915732,59,48.5,388,7.2899148,59,-20,-0.33333333,-38,-4,30,13.7,3.2,49.8,23.76,24.34,23.145,61.77,78.4,73.965,2.34,2.17,2.3725,23,0.075608153,0.17948718,0.28502289,0.126,0.76614789,0.147,1125.142,678.73,0.39301937,0.3625,-0.73786724,0.67494588
3304557,2022-11-20,37,127,2436.2,0,development,1,39,59,51,46,56,21,44,176,10.132456,59,47.375,379,8.3484387,59,-2,-0.05,18,-3.5,16,29.9,8.7,55.1,24.09,24.68,22.9975,72.3,74.27,73.4725,2.19,2.36,2.33,24,0.051862673,0.081081081,0.28502289,0.126,0.76614789,0.147,1125.142,678.73,0.39301937,0.3625,-0.65144353,0.75869712
3304557,2022-11-27,32,160,2436.2,0,development,1,37,39,41,43,46,38,41.75,167,11.870833,59,46,368,9.9283145,59,-5,-0.13157895,-3,-2.25,-6,25.2,136.4,27.3,25.88,22.23,23.91,80.8,77.5,74.2975,1.89,3,2.0525,21,0.06640625,0.15625,0.28502289,0.126,0.76614789,0.147,1125.142,678.73,0.39301937,0.3625,-0.55558476,0.83145991
3304557,2022-12-04,21,184,2436.2,0,development,1,32,37,59,54,45,14,32.25,129,8.057088,39,41.875,335,12.620137,59,-11,-0.33333333,-6,-9.5,7,19.6,40.4,22.1,25.01,21.91,24.685,76.27,82.32,72.785,1.97,1.79,2.0975,16,0.079365079,0.14285714,0.28502289,0.126,0.76614789,0.147,1125.142,678.73,0.39301937,0.3625,-0.45167927,0.89218038
3304557,2022-12-11,46,228,2436.2,0,development,1,21,32,39,55,48,13,34,136,10.424331,46,40.75,326,11.646581,59,25,1.1363636,36,1.75,33,28.1,13.7,25.7,25.12,23.76,25.025,76.69,61.77,76.515,2.4,2.34,2.1125,28,0.057655955,0.15217391,0.28502289,0.126,0.76614789,0.147,1125.142,678.73,0.39301937,0.3625,-0.34123196,0.93997912
3304557,2022-12-18,28,271,2436.2,0,development,1,46,21,37,51,41,5,31.75,127,10.531698,46,37.875,303,11.593563,59,-18,-0.38297872,-43,-2.25,23,121.9,29.9,48.7,22.58,24.09,24.6475,53.92,72.3,71.92,2.19,2.19,2.1125,25,0.043367347,0.071428571,0.28502289,0.126,0.76614789,0.147,1125.142,678.73,0.39301937,0.3625,-0.22584248,0.97416383
3304557,2022-12-25,65,352,2436.2,0,development,1,28,46,32,41,46,6,40,160,19.714631,65,40.875,327,15.094346,65,37,1.2758621,55,8.25,59,58.4,25.2,57,25.28,25.88,24.4975,55.92,80.8,65.7,1.8,1.89,2.09,41,0.04852071,0.13846154,0.28502289,0.126,0.76614789,0.147,1125.142,678.73,0.39301937,0.3625,-0.10718205,0.99423941
3304557,2023-01-01,45,461,2436.2,0,development,1,65,28,21,59,43,5,46,184,15.121728,65,39.125,313,13.410417,65,-20,-0.3030303,-57,6,40,99.3,19.6,76.925,24.62,25.01,24.4,78.45,76.27,66.245,2.58,1.97,2.2425,33,0.050864198,0.15555556,0.28502289,0.126,0.76614789,0.147,1125.142,678.73,0.39301937,0.3625,0.017201929,0.99985204
3304557,2023-01-08,90,602,2436.2,0,development,1,45,65,46,39,54,6,57,228,26.695817,90,45.5,364,22.430846,90,45,0.97826087,65,11,84,47.9,28.1,81.875,25.66,25.12,24.535,82.57,76.69,67.715,1.56,2.4,2.0325,51,0.031604938,0.1,0.28502289,0.126,0.76614789,0.147,1125.142,678.73,0.39301937,0.3625,0.1371882,0.990545
3304557,2023-01-15,71,761,2436.2,0,development,1,90,45,28,37,55,7,67.75,271,18.536001,90,49.75,398,23.771231,90,-19,-0.20879121,-64,10.75,64,6.1,121.9,52.925,26.95,22.58,25.6275,78.11,53.92,73.7625,1.9,2.19,1.96,39,0.036699068,0.084507042,0.28502289,0.126,0.76614789,0.147,1125.142,678.73,0.39301937,0.3625,0.25518754,0.96689158
3304557,2023-01-22,146,757,2436.2,0,development,1,71,90,65,32,51,7,88,352,42.840791,146,64,512,40.142603,146,75,1.0416667,94,20.25,139,50.1,58.4,50.85,26.07,25.28,25.825,79.51,55.92,79.66,2.01,1.8,2.0125,76,0.020641771,0.061643836,0.28502289,0.126,0.76614789,0.147,1125.142,678.73,0.39301937,0.3625,0.3694909,0.92923435
3304557,2023-01-29,154,918,2436.2,0,development,1,146,71,45,21,41,9,115.25,461,40.998984,154,80.625,645,46.781979,154,8,0.054421769,-67,27.25,145,36.4,99.3,35.125,28.73,24.62,26.8525,75.88,78.45,79.0175,2.06,2.58,1.8825,77,0.024034407,0.071428571,0.28502289,0.126,0.76614789,0.147,1125.142,678.73,0.39301937,0.3625,0.47844282,0.87811871
3304557,2023-02-05,231,1105,2436.2,0,development,1,154,146,90,46,59,17,150.5,602,65.403873,231,103.75,830,68.09185,231,77,0.49677419,69,35.25,214,170.4,47.9,65.75,26.38,25.66,27.0325,80.37,82.57,78.4675,1.88,1.56,1.9625,90,0.023106763,0.082251082,0.28502289,0.126,0.76614789,0.147,1125.142,678.73,0.39301937,0.3625,0.58046528,0.814285
3304557,2023-02-12,230,1329,2436.2,0,development,1,231,154,71,28,39,24,190.25,761,46.593097,231,129,1032,73.247135,231,-1,-0.0043103448,-78,39.75,206,22.7,6.1,69.9,28.01,26.95,27.2975,74.94,78.11,77.675,2.23,1.9,2.045,103,0.022344045,0.091304348,0.28502289,0.126,0.76614789,0.147,1125.142,678.73,0.39301937,0.3625,0.67408068,0.73865773
3304557,2023-02-19,142,1776,2436.2,0,development,1,230,231,146,65,37,32,189.25,757,47.884409,231,138.625,1109,68.543912,231,-88,-0.38095238,-87,-1,110,12.7,50.1,60.55,27.41,26.07,27.6325,77.62,79.51,77.2025,2,2.01,2.0425,65,0.026879587,0.077464789,0.28502289,0.126,0.76614789,0.147,1125.142,678.73,0.39301937,0.3625,0.75793315,0.65233223
3304557,2023-02-26,315,2227,2436.2,0,development,1,142,230,154,45,32,19,229.5,918,70.637573,315,172.375,1379,81.168146,315,173,1.2097902,261,40.25,296,3,36.4,52.2,27.82,28.73,27.405,75.16,75.88,77.0225,1.94,2.06,2.0125,119,0.01994457,0.066666667,0.28502289,0.126,0.76614789,0.147,1125.142,678.73,0.39301937,0.3625,0.83080822,0.5565588
3304557,2023-03-05,418,2561,2436.2,1,development,1,315,142,231,90,21,53,276.25,1105,117.97846,418,213.375,1707,110.97997,418,103,0.32594937,-70,46.75,365,39.4,170.4,19.45,27.84,26.38,27.77,77.98,80.37,76.425,1.87,1.88,2.01,128,0.01793686,0.052631579,0.28502289,0.126,0.76614789,0.147,1125.142,678.73,0.39301937,0.3625,0.89165043,0.45272454
3304557,2023-03-12,454,3076,2436.2,1,development,1,418,315,230,71,46,77,332.25,1329,139.84366,454,261.25,2090,122.77127,454,36,0.085918854,-67,56,377,17.5,22.7,18.15,25.43,28.01,27.125,78.79,74.94,77.3875,1.98,2.23,1.9475,145,0.016146248,0.055066079,0.28502289,0.126,0.76614789,0.147,1125.142,678.73,0.39301937,0.3625,0.93957857,0.34233333
3304557,2023-03-19,589,3243,2436.2,1,development,1,454,418,142,146,28,86,444,1776,113.19894,589,316.625,2533,158.16622,589,135,0.2967033,99,111.75,503,0.1,12.7,15,26.4,27.41,26.8725,78.34,77.62,77.5675,1.79,2,1.895,169,0.015251311,0.056027165,0.28502289,0.126,0.76614789,0.147,1125.142,678.73,0.39301937,0.3625,0.97389849,0.22698399
3304557,2023-03-26,766,3406,2436.2,1,development,1,589,454,315,154,65,102,556.75,2227,157.72841,766,393.125,3145,208.32285,766,177,0.3,42,112.75,664,15.3,3,18.075,26.55,27.82,26.555,79.04,75.16,78.5375,1.99,1.94,1.9075,183,0.014278508,0.061357702,0.28502289,0.126,0.76614789,0.147,1125.142,678.73,0.39301937,0.3625,0.99411312,0.10834716
3304557,2023-04-02,752,3494,2436.2,1,development,1,766,589,418,231,45,136,640.25,2561,147.8927,766,458.25,3666,230.64057,766,-14,-0.018252934,-191,83.5,616,59.7,39.4,23.15,24.2,27.84,25.645,81.07,77.98,79.31,1.91,1.87,1.9175,167,0.021177569,0.078457447,0.28502289,0.126,0.76614789,0.147,1125.142,678.73,0.39301937,0.3625,0.99992968,-0.011858886
3304557,2023-04-09,969,3509,2436.2,1,development,1,752,766,454,230,90,134,769,3076,155.66845,969,550.625,4405,270.67848,969,217,0.28818061,231,128.75,835,20.6,17.5,23.925,24.52,25.43,25.4175,47.8,78.79,71.5625,1.95,1.98,1.91,202,0.013388202,0.044375645,0.28502289,0.126,0.76614789,0.147,1125.142,678.73,0.39301937,0.3625,0.99126393,-0.13189318
3304557,2023-04-16,756,3771,2436.2,1,development,1,969,752,589,142,71,131,810.75,3243,105.66417,969,627.375,5019,220.69626,969,-213,-0.21958763,-430,41.75,625,17.1,0.1,28.175,23.89,26.4,24.79,80.52,78.34,72.1075,2.15,1.79,2,190,0.011526833,0.03968254,0.28502289,0.126,0.76614789,0.147,1125.142,678.73,0.39301937,0.3625,0.96824139,-0.25001722
3304557,2023-04-23,929,3727,2436.2,1,development,1,756,969,766,315,146,236,851.5,3406,113.77317,969,704.125,5633,202.56317,969,173,0.22853369,386,40.75,693,21.2,15.3,29.65,23.11,26.55,23.93,81.35,79.04,72.685,1.61,1.99,1.905,210,0.011122299,0.043057051,0.28502289,0.126,0.76614789,0.147,1125.142,678.73,0.39301937,0.3625,0.93119549,-0.36452018
3304557,2023-04-30,840,3657,2436.2,1,development,1,929,756,752,418,154,273,873.5,3494,95.09469,969,756.875,6055,169.68748,969,-89,-0.095698925,-262,22,567,0.3,59.7,14.8,23.77,24.2,23.8225,82.48,81.07,73.0375,1.68,1.91,1.8475,184,0.016388889,0.054761905,0.28502289,0.126,0.76614789,0.147,1125.142,678.73,0.39301937,0.3625,0.88066278,-0.47374368
3304557,2023-05-07,984,3264,2436.2,1,development,1,840,929,969,454,231,331,877.25,3509,100.27088,984,823.125,6585,134.32204,984,144,0.17122473,233,3.75,653,17,20.6,13.9,24.09,24.52,23.715,83.78,47.8,82.0325,1.68,1.95,1.78,217,0.012273614,0.036585366,0.28502289,0.126,0.76614789,0.147,1125.142,678.73,0.39301937,0.3625,0.81737514,-0.57610579
3304557,2023-05-14,1018,3054,2436.2,1,development,1,984,840,756,589,230,283,942.75,3771,77.697598,1018,876.75,7014,111.1328,1018,34,0.034517766,-110,65.5,735,6.4,17.1,11.225,20.86,23.89,22.9575,73.6,80.52,80.3025,2.79,2.15,1.94,223,0.011907473,0.033398821,0.28502289,0.126,0.76614789,0.147,1125.142,678.73,0.39301937,0.3625,0.74224919,-0.67012398
3304557,2023-05-21,885,2880,2436.2,1,development,1,1018,984,929,766,142,275,931.75,3727,83.212078,1018,891.625,7133,101.76013,1018,-133,-0.13052012,-167,-11,610,0.3,21.2,6,22.58,23.11,22.825,77.13,81.35,79.2475,1.74,1.61,1.9725,206,0.010488685,0.033898305,0.28502289,0.126,0.76614789,0.147,1125.142,678.73,0.39301937,0.3625,0.656373,-0.75443653
3304557,2023-05-28,770,2604,2436.2,1,development,1,885,1018,840,752,315,283,914.25,3657,111.49402,1018,893.875,7151,98.374558,1018,-115,-0.12979684,18,-17.5,487,57.2,0.3,20.225,21.06,23.77,22.1475,85.9,82.48,80.1025,1.99,1.68,2.05,200,0.011081127,0.033766234,0.28502289,0.126,0.76614789,0.147,1125.142,678.73,0.39301937,0.3625,0.56099035,-0.82782234
3304557,2023-06-04,591,2415,2436.2,0,development,1,770,885,984,969,418,198,816,3264,181.02118,1018,846.625,6773,139.372,1018,-179,-0.23216602,-64,-98.25,393,0.8,17,16.175,21.3,24.09,21.45,78.06,83.78,78.6725,1.67,1.68,2.0475,156,0.014953576,0.043993232,0.28502289,0.126,0.76614789,0.147,1125.142,678.73,0.39301937,0.3625,0.45748269,-0.88921853
3304557,2023-06-11,808,2039,2436.2,0,development,1,591,770,1018,756,454,141,763.5,3054,124.55387,885,853.125,6825,135.70602,1018,217,0.36655405,396,-52.5,667,3.5,6.4,15.45,22.66,20.86,21.9,79.99,73.6,80.27,1.95,2.79,1.8375,205,0.012498775,0.040841584,0.28502289,0.126,0.76614789,0.147,1125.142,678.73,0.39301937,0.3625,0.34734916,-0.93773587
3304557,2023-06-18,711,1638,2436.2,0,development,1,808,591,885,929,589,160,720,2880,94.808579,808,825.875,6607,140.10959,1018,-97,-0.11990111,-314,-43.5,551,0.3,0.3,15.45,20.66,22.58,21.42,81.83,77.13,81.445,2.04,1.74,1.9125,199,0.01734646,0.067510549,0.28502289,0.126,0.76614789,0.147,1125.142,678.73,0.39301937,0.3625,0.23218486,-0.97267168
3304557,2023-06-25,494,1417,2436.2,0,development,1,711,808,770,840,766,98,651,2604,137.23216,808,782.625,6261,182.20549,1018,-217,-0.30477528,-120,-69,396,3.7,57.2,2.075,22.43,21.06,21.7625,79.08,85.9,79.74,1.84,1.99,1.875,172,0.013391467,0.044534413,0.28502289,0.126,0.76614789,0.147,1125.142,678.73,0.39301937,0.3625,0.11365775,-0.99351996
3304557,2023-07-02,402,1292,2436.2,0,development,1,494,711,591,984,752,90,603.75,2415,187.94392,808,709.875,5679,205.06963,1018,-92,-0.18585859,125,-47.25,312,9.4,0.8,4.225,19.94,21.3,21.4225,76.31,78.06,79.3025,2.39,1.67,2.055,156,0.014640727,0.052238806,0.28502289,0.126,0.76614789,0.147,1125.142,678.73,0.39301937,0.3625,-0.0065155057,-0.99997877
3304557,2023-07-09,432,1081,2436.2,0,development,1,402,494,808,1018,969,97,509.75,2039,139.52867,711,636.625,5093,182.72691,885,30,0.074441687,122,-94,335,4.1,3.5,4.375,22.76,22.66,21.4475,75.23,79.99,78.1125,2.21,1.95,2.12,155,0.013310185,0.048611111,0.28502289,0.126,0.76614789,0.147,1125.142,678.73,0.39301937,0.3625,-0.12659439,-0.99195457
3304557,2023-07-16,310,1021,2436.2,0,development,1,432,402,711,885,756,100,409.5,1638,76.600696,494,564.75,4518,184.15424,808,-122,-0.2817552,-152,-100.25,210,15.1,0.3,8.075,20.14,20.66,21.3175,83.56,81.83,78.545,1.98,2.04,2.105,130,0.014859521,0.05483871,0.28502289,0.126,0.76614789,0.147,1125.142,678.73,0.39301937,0.3625,-0.24483977,-0.96956355
3304557,2023-07-23,273,954,2436.2,0,development,1,310,432,494,770,929,109,354.25,1417,75.021664,432,502.625,4021,188.79463,808,-37,-0.11897106,85,-55.25,164,19.8,3.7,12.1,22.72,22.43,21.39,87.44,79.08,80.635,2.14,1.84,2.18,124,0.016195038,0.058608059,0.28502289,0.126,0.76614789,0.147,1125.142,678.73,0.39301937,0.3625,-0.35953906,-0.93313004
3304557,2023-07-30,277,852,2436.2,0,development,1,273,310,402,591,840,91,323,1292,74.534109,432,463.375,3707,200.0985,808,4,0.01459854,41,-31.25,186,2.6,9.4,10.4,21.09,19.94,21.6775,52.02,76.31,74.5625,1.7,2.39,2.0075,133,0.012420337,0.036101083,0.28502289,0.126,0.76614789,0.147,1125.142,678.73,0.39301937,0.3625,-0.46903102,-0.88318169
3304557,2023-08-06,221,755,2436.2,0,development,1,277,273,432,808,984,60,270.25,1081,36.782016,310,390,3120,159.09745,711,-56,-0.20143885,-60,-52.75,161,8.9,4.1,11.6,24.14,22.76,22.0225,74.2,75.23,74.305,2.62,2.21,2.11,108,0.016441105,0.049773756,0.28502289,0.126,0.76614789,0.147,1125.142,678.73,0.39301937,0.3625,-0.57172985,-0.82044194
3304557,2023-08-13,250,675,2436.2,0,development,1,221,277,310,711,1018,54,255.25,1021,25.747168,277,332.375,2659,97.963459,494,29,0.13063063,85,-15,196,24.8,15.1,14.025,22.91,20.14,22.715,67.2,83.56,70.215,2.2,1.98,2.165,130,0.01312,0.036,0.28502289,0.126,0.76614789,0.147,1125.142,678.73,0.39301937,0.3625,-0.66614813,-0.74581946
3304557,2023-08-20,206,692,2436.2,0,development,1,250,221,273,494,885,56,238.5,954,31.501323,277,296.375,2371,81.641967,432,-44,-0.1752988,-73,-16.75,150,34.1,19.8,17.6,24.75,22.72,23.2225,71.08,87.44,66.125,2.33,2.14,2.2125,113,0.014374588,0.04368932,0.28502289,0.126,0.76614789,0.147,1125.142,678.73,0.39301937,0.3625,-0.75091838,-0.66039503
3304557,2023-08-27,175,721,2436.2,0,development,1,206,250,277,402,770,46,213,852,31.230327,250,268,2144,79.09488,432,-31,-0.14975845,13,-25.5,129,57.8,2.6,31.4,20.38,21.09,23.045,87.73,52.02,75.0525,1.84,1.7,2.2475,95,0.018514286,0.051428571,0.28502289,0.126,0.76614789,0.147,1125.142,678.73,0.39301937,0.3625,-0.82481282,-0.56540588
3304557,2023-09-03,124,790,2436.2,0,development,1,175,206,221,432,591,45,188.75,755,53.011791,250,229.5,1836,60.679486,310,-51,-0.28977273,-20,-24.25,79,3.2,8.9,29.975,25.41,24.14,23.3625,54.44,74.2,70.1125,2.48,2.62,2.2125,76,0.022112383,0.080645161,0.28502289,0.126,0.76614789,0.147,1125.142,678.73,0.39301937,0.3625,-0.88676123,-0.46222778
3304557,2023-09-10,170,753,2436.2,0,development,1,124,175,250,310,808,48,168.75,675,33.816909,206,212,1696,53.96295,277,46,0.368,97,-20,122,28,24.8,30.775,24,22.91,23.635,77.01,67.2,72.565,2.27,2.2,2.23,96,0.015432526,0.041176471,0.28502289,0.126,0.76614789,0.147,1125.142,678.73,0.39301937,0.3625,-0.93586639,-0.35235507
3304557,2023-09-17,223,743,2436.2,0,development,1,170,124,206,273,711,41,173,692,40.472213,223,205.75,1646,48.508468,277,53,0.30994152,7,4.25,182,0,34.1,22.25,25.82,24.75,23.9025,80.49,71.08,74.9175,1.99,2.33,2.145,103,0.016268174,0.044843049,0.28502289,0.126,0.76614789,0.147,1125.142,678.73,0.39301937,0.3625,-0.97141709,-0.2373791
3304557,2023-09-24,204,737,2436.2,0,development,1,223,170,175,277,494,46,180.25,721,43.438654,223,196.625,1573,39.15514,250,-19,-0.084821429,-72,7.25,158,14.6,57.8,11.45,25.52,20.38,25.1875,56.97,87.73,67.2275,2.53,1.84,2.3175,114,0.012831603,0.029411765,0.28502289,0.126,0.76614789,0.147,1125.142,678.73,0.39301937,0.3625,-0.99289844,-0.11896509
3304557,2023-10-01,193,721,2436.2,0,development,1,204,223,124,221,402,43,197.5,790,22.128413,223,193.125,1545,37.89624,250,-11,-0.053658537,8,17.25,150,66.4,3.2,27.25,24.73,25.41,25.0175,86.53,54.44,75.25,1.9,2.48,2.1725,100,0.017476979,0.046632124,0.28502289,0.126,0.76614789,0.147,1125.142,678.73,0.39301937,0.3625,-0.99999931,0.0011719389
3304557,2023-10-08,133,888,2436.2,0,development,1,193,204,170,250,432,54,188.25,753,38.861935,223,178.5,1428,35.298725,223,-60,-0.30927835,-49,-9.25,79,120.4,28,50.35,24.61,24,25.17,87.26,77.01,77.8125,2.76,2.27,2.295,76,0.020521228,0.052631579,0.28502289,0.126,0.76614789,0.147,1125.142,678.73,0.39301937,0.3625,-0.99261687,0.12129199
3304557,2023-10-15,213,956,2436.2,0,development,1,133,193,223,206,310,55,185.75,743,36.10517,213,179.375,1435,36.154184,223,80,0.59701493,140,-2.5,158,20.2,0,55.4,23.67,25.82,24.6325,85.91,80.49,79.1675,2.25,1.99,2.36,102,0.017787476,0.075117371,0.28502289,0.126,0.76614789,0.147,1125.142,678.73,0.39301937,0.3625,-0.97085803,0.23965533
3304557,2023-10-22,198,1150,2436.2,0,development,1,213,133,204,175,273,51,184.25,737,35.207717,213,182.25,1458,36.667424,223,-15,-0.070093458,-95,-1.5,147,23.8,14.6,57.7,24.16,25.52,24.2925,85.01,56.97,86.1775,2.04,2.53,2.2375,110,0.013876135,0.035353535,0.28502289,0.126,0.76614789,0.147,1125.142,678.73,0.39301937,0.3625,-0.93503794,0.35454766
3304557,2023-10-29,177,1504,2436.2,0,development,1,198,213,193,124,277,41,180.25,721,34.788648,213,188.875,1511,28.522861,223,-21,-0.10552764,-6,-4,136,24.5,66.4,47.225,26.45,24.73,24.7225,82.4,86.53,85.145,2.51,1.9,2.39,98,0.015544703,0.04519774,0.28502289,0.126,0.76614789,0.147,1125.142,678.73,0.39301937,0.3625,-0.88567539,0.46430496
3304557,2023-11-05,300,1721,2436.2,0,development,1,177,198,133,170,221,59,222,888,54.055527,300,205.125,1641,47.169716,300,123,0.69101124,144,41.75,241,0,120.4,17.125,24.14,24.61,24.605,74.97,87.26,82.0725,2.36,2.76,2.29,130,0.013111111,0.04,0.28502289,0.126,0.76614789,0.147,1125.142,678.73,0.39301937,0.3625,-0.82348531,0.56733759
3304557,2023-11-12,281,2197,2436.2,0,development,1,300,177,213,223,250,39,239,956,60.580525,300,212.375,1699,54.237408,300,-19,-0.063122924,-142,17,242,18.1,20.2,16.6,30.2,23.67,26.2375,79.65,85.91,80.5075,2.1,2.25,2.2525,130,0.012829118,0.042704626,0.28502289,0.126,0.76614789,0.147,1125.142,678.73,0.39301937,0.3625,-0.74936843,0.66215327
3304557,2023-11-19,392,2521,2436.2,1,development,1,281,300,198,204,206,37,287.5,1150,88.183521,392,235.875,1887,83.125443,392,111,0.39361702,130,48.5,355,77.5,23.8,30.025,25.8,24.16,26.6475,85.11,85.01,80.5325,2.39,2.04,2.34,153,0.012442732,0.035714286,0.28502289,0.126,0.76614789,0.147,1125.142,678.73,0.39301937,0.3625,-0.6643982,0.74737878
3304557,2023-11-26,531,2773,2436.2,1,development,1,392,281,177,193,175,32,376,1504,114.13734,531,278.125,2225,130.57503,531,139,0.35368957,28,88.5,499,18.8,24.5,28.6,25.75,26.45,26.4725,86.56,82.4,81.5725,1.88,2.51,2.1825,185,0.0099056252,0.032015066,0.28502289,0.126,0.76614789,0.147,1125.142,678.73,0.39301937,0.3625,-0.56980527,0.82177975
3304557,2023-12-03,517,2883,2436.2,1,development,1,531,392,300,133,124,21,430.25,1721,117.49433,531,326.125,2609,139.85547,531,-14,-0.026315789,-153,54.25,496,19.4,0,33.45,27.42,24.14,27.2925,85.68,74.97,84.25,2.1,2.36,2.1175,178,0.010636427,0.02901354,0.28502289,0.126,0.76614789,0.147,1125.142,678.73,0.39301937,0.3625,-0.46695966,0.88427862
3304557,2023-12-10,757,3433,2436.2,1,development,1,517,531,281,213,170,46,549.25,2197,151.94379,757,394.125,3153,197.4049,757,240,0.46332046,254,119,711,11.4,18.1,31.775,25.38,30.2,26.0875,81.66,79.65,84.7525,1.96,2.1,2.0825,206,0.0093726714,0.030383091,0.28502289,0.126,0.76614789,0.147,1125.142,678.73,0.39301937,0.3625,-0.35735093,0.93397019
3304557,2023-12-17,716,4565,2436.2,1,development,1,757,517,392,198,223,28,630.25,2521,123.9553,757,458.875,3671,208.52505,757,-41,-0.05408971,-281,81,688,0,77.5,12.4,25.71,25.8,26.065,84.99,85.11,84.7225,2.22,2.39,2.04,200,0.011009332,0.033519553,0.28502289,0.126,0.76614789,0.147,1125.142,678.73,0.39301937,0.3625,-0.24256656,0.97013477
3304557,2023-12-24,783,6209,2436.2,1,development,1,716,757,531,177,204,65,693.25,2773,120.69348,783,534.625,4277,201.45112,783,67,0.093444909,108,63,718,3.9,18.8,8.675,27.34,25.75,26.4625,77.19,86.56,82.38,2.2,1.88,2.12,210,0.011024501,0.034482759,0.28502289,0.126,0.76614789,0.147,1125.142,678.73,0.39301937,0.3625,-0.12426903,0.99224856
3304557,2023-12-31,627,9335,2436.2,1,development,1,783,716,517,300,193,45,720.75,2883,68.314835,783,575.5,4604,178.96368,783,-156,-0.19897959,-223,27.5,582,46.4,19.4,15.425,24.98,27.42,25.8525,90.06,85.68,83.475,1.71,2.1,2.0225,182,0.010446953,0.039872408,0.28502289,0.126,0.76614789,0.147,1125.142,678.73,0.39301937,0.3625,-0.0041716613,0.9999913
3304557,2024-01-07,1307,15280,2436.2,1,development,1,627,783,757,281,133,90,858.25,3433,305.91434,1307,703.75,5630,277.99627,1307,680,1.0828025,836,137.5,1217,57.9,11.4,27.05,28.26,25.38,26.5725,80.4,81.66,83.16,2.11,1.96,2.06,271,0.0085344701,0.03289977,0.28502289,0.126,0.76614789,0.147,1125.142,678.73,0.39301937,0.3625,0.12012862,0.99275834
3304557,2024-01-14,1848,21461,2436.2,1,development,1,1307,627,716,392,213,71,1141.25,4565,553.70412,1848,885.75,7086,461.07042,1848,541,0.41360856,-139,283,1777,42.4,0,37.65,29.49,25.71,27.5175,71.63,84.99,79.82,2.1,2.22,2.03,296,0.0081203969,0.030844156,0.28502289,0.126,0.76614789,0.147,1125.142,678.73,0.39301937,0.3625,0.23851738,0.97113823
3304557,2024-01-21,2427,33825,2436.2,1,development,1,1848,1307,783,531,198,146,1552.25,6209,767.87385,2427,1122.75,8982,685.39389,2427,579,0.31314224,38,411,2281,125.1,3.9,67.95,24.04,27.34,26.6925,90.12,77.19,83.0525,2.62,2.2,2.135,308,0.0082441915,0.044911413,0.28502289,0.126,0.76614789,0.147,1125.142,678.73,0.39301937,0.3625,0.35345161,0.93545281
3304557,2024-01-28,3753,43072,2436.2,1,development,1,2427,1848,627,517,177,154,2333.75,9335,1050.894,3753,1527.25,12218,1103.9328,3753,1326,0.5461285,747,781.5,3599,33.5,46.4,64.725,25.88,24.98,26.9175,85.77,90.06,81.98,2.01,1.71,2.21,354,0.0070853345,0.037037037,0.28502289,0.126,0.76614789,0.147,1125.142,678.73,0.39301937,0.3625,0.46326669,0.88621892
3304557,2024-02-04,7252,47064,2436.2,1,development,1,3753,2427,1307,757,300,231,3820,15280,2422.9697,7252,2339.125,18713,2249.9849,7252,3499,0.93207246,2173,1486.25,7021,11.8,57.9,53.2,26.87,28.26,26.57,83.14,80.4,82.665,2.05,2.11,2.195,365,0.0094377982,0.041643685,0.28502289,0.126,0.76614789,0.147,1125.142,678.73,0.39301937,0.3625,0.56637212,0.82414963
3304557,2024-02-11,8029,48550,2436.2,1,development,1,7252,3753,1848,716,281,230,5365.25,21461,2701.1141,8029,3253.25,26026,2890.6789,8029,777,0.10712808,-2722,1545.25,7799,48.2,42.4,54.65,27.56,29.49,26.0875,79.32,71.63,84.5875,2.17,2.1,2.2125,348,0.01748533,0.06613526,0.28502289,0.126,0.76614789,0.147,1125.142,678.73,0.39301937,0.3625,0.6612746,0.75014392
3304557,2024-02-18,14791,41492,2436.2,1,development,1,8029,7252,2427,783,392,142,8456.25,33825,4614.5559,14791,5004.25,40034,4795.559,14791,6762,0.84209215,5985,3091,14649,28.2,125.1,30.425,27.43,24.04,26.935,86.51,90.12,83.685,1.58,2.62,1.9525,382,0.013486563,0.05584477,0.28502289,0.126,0.76614789,0.147,1125.142,678.73,0.39301937,0.3625,0.74659963,0.66527362
3304557,2024-02-25,13000,32868,2436.2,1,development,1,14791,8029,3753,627,531,315,10768,43072,3698.2307,14791,6550.875,52407,5163.2909,14791,-1791,-0.12107896,-8553,2311.75,12685,4.5,33.5,23.175,27.36,25.88,27.305,84.64,85.77,83.4025,1.84,2.01,1.91,383,0.012024556,0.047846154,0.28502289,0.126,0.76614789,0.147,1125.142,678.73,0.39301937,0.3625,0.82111141,0.57076795
3304557,2024-03-03,11244,25669,2436.2,1,development,1,13000,14791,7252,1307,517,418,11766,47064,2881.6103,14791,7793,62344,4910.6475,14791,-1756,-0.13506653,35,998,10826,12.6,11.8,23.375,26.76,26.87,27.2775,83.97,83.14,83.61,1.92,2.05,1.8775,371,0.011808899,0.048381359,0.28502289,0.126,0.76614789,0.147,1125.142,678.73,0.39301937,0.3625,0.88373076,0.46799566
3304557,2024-03-10,9515,19398,2436.2,1,development,1,11244,13000,8029,1848,757,454,12137.5,48550,2270.1554,14791,8751.375,70011,4294.1091,14791,-1729,-0.15375723,27,371.5,9061,7.6,48.2,13.225,26.96,27.56,27.1275,83.39,79.32,84.6275,1.76,2.17,1.775,378,0.011819919,0.052338413,0.28502289,0.126,0.76614789,0.147,1125.142,678.73,0.39301937,0.3625,0.93355075,0.35844524
3304557,2024-03-17,7733,14270,2436.2,1,development,1,9515,11244,14791,2427,716,589,10373,41492,2263.1493,13000,9414.625,75317,3517.2183,14791,-1782,-0.18726356,-53,-1764.5,7144,66.2,28.2,22.725,28.15,27.43,27.3075,84.1,86.51,84.025,2.33,1.58,1.9625,361,0.011141086,0.046812363,0.28502289,0.126,0.76614789,0.147,1125.142,678.73,0.39301937,0.3625,0.96984983,0.24370333
3304557,2024-03-24,4376,11712,2436.2,1,development,1,7733,9515,13000,3753,783,766,8217,32868,2934.5681,11244,9492.5,75940,3378.1018,14791,-3357,-0.43405741,-1575,-2156,3610,16.9,4.5,25.825,24.34,27.36,26.5525,92.13,84.64,85.8975,1.53,1.84,1.885,346,0.013876066,0.053244973,0.28502289,0.126,0.76614789,0.147,1125.142,678.73,0.39301937,0.3625,0.99210225,0.1254318
3304557,2024-03-31,4045,9363,2436.2,1,development,1,4376,7733,11244,7252,627,752,6417.25,25669,2653.3956,9515,9091.625,72733,3840.588,14791,-331,-0.075622573,3026,-1799.75,3293,0.1,12.6,22.7,24.89,26.76,26.085,85.54,83.97,86.29,1.69,1.92,1.8275,341,0.006259433,0.027441286,0.28502289,0.126,0.76614789,0.147,1125.142,678.73,0.39301937,0.3625,0.99998572,0.0053435872
3304557,2024-04-07,3244,7835,2436.2,1,development,1,4045,4376,9515,8029,1307,969,4849.5,19398,1980.2041,7733,8493.5,67948,4366.3376,14791,-801,-0.19797331,-470,-1567.75,2275,2.2,7.6,21.35,25.39,26.96,25.6925,86.22,83.39,86.9975,1.67,1.76,1.805,334,0.0060612707,0.018495684,0.28502289,0.126,0.76614789,0.147,1125.142,678.73,0.39301937,0.3625,0.99338608,-0.11482201
3304557,2024-04-14,2605,6731,2436.2,1,development,1,3244,4045,7733,14791,1848,756,3567.5,14270,798.48544,4376,6970.25,55762,3962.4655,13000,-639,-0.19691834,162,-1282,1849,5.8,66.2,6.25,24.01,28.15,24.6575,82.54,84.1,86.6075,1.89,2.33,1.695,319,0.0076791642,0.040690979,0.28502289,0.126,0.76614789,0.147,1125.142,678.73,0.39301937,0.3625,0.9723989,-0.23332461
3304557,2024-04-21,1818,6407,2436.2,1,development,1,2605,3244,4376,13000,2427,929,2928,11712,945.86363,4045,5572.5,44580,3473.6989,11244,-787,-0.3019954,-148,-639.5,889,0,16.9,2.025,25.01,24.34,24.825,81.95,92.13,84.0625,1.7,1.53,1.7375,299,0.009555466,0.042354235,0.28502289,0.126,0.76614789,0.147,1125.142,678.73,0.39301937,0.3625,0.93732815,-0.34844789
3304557,2024-04-28,1696,5447,2436.2,1,development,1,1818,2605,4045,11244,3753,840,2340.75,9363,724.49034,3244,4379,35032,2826.7065,9515,-122,-0.067069819,665,-587.25,856,0,0.1,2,27.63,24.89,25.51,79.43,85.54,82.535,1.77,1.69,1.7575,287,0.0077290628,0.025353774,0.28502289,0.126,0.76614789,0.147,1125.142,678.73,0.39301937,0.3625,0.88868177,-0.45852449
3304557,2024-05-05,1716,4590,2436.2,1,development,1,1696,1818,3244,9515,7252,984,1958.75,7835,434.13314,2605,3404.125,27233,2036.8712,7733,20,0.011785504,142,-382,732,0.1,2.2,1.475,27.16,25.39,25.9525,78.09,86.22,80.5025,1.89,1.67,1.8125,282,0.0085687428,0.024475524,0.28502289,0.126,0.76614789,0.147,1125.142,678.73,0.39301937,0.3625,0.82716433,-0.56196012
3304557,2024-05-12,1501,3795,2436.2,1,development,1,1716,1696,2605,7733,8029,1018,1682.75,6731,132.42199,1818,2625.125,21001,1138.2887,4376,-215,-0.1252184,-235,-276,483,9.4,5.8,2.375,25.78,24.01,26.395,82.39,82.54,80.465,1.9,1.89,1.815,268,0.0092529919,0.027981346,0.28502289,0.126,0.76614789,0.147,1125.142,678.73,0.39301937,0.3625,0.75366679,-0.6572567
3304557,2024-05-19,1494,2949,2436.2,1,development,1,1501,1716,1818,4376,14791,885,1601.75,6407,120.68796,1716,2264.875,18119,944.57465,4045,-7,-0.0046604527,208,-81,609,5.3,0,3.7,24.62,25.01,26.2975,83.86,81.95,80.9425,2.05,1.7,1.9025,246,0.01636712,0.08768407,0.28502289,0.126,0.76614789,0.147,1125.142,678.73,0.39301937,0.3625,0.66925364,-0.74303402
3304557,2024-05-26,736,2786,2436.2,1,development,1,1494,1501,1696,4045,13000,770,1361.75,5447,429.70406,1716,1851.25,14810,760.21402,3244,-758,-0.50702341,-751,-240,-34,32.7,0,11.875,21.16,27.63,24.68,85.83,79.43,82.5425,2.54,1.77,2.095,185,0.012627009,0.036684783,0.28502289,0.126,0.76614789,0.147,1125.142,678.73,0.39301937,0.3625,0.57514748,-0.81804974
3304557,2024-06-02,859,2363,2436.2,0,development,1,736,1494,1716,3244,11244,591,1147.5,4590,407.26281,1501,1553.125,12425,583.00415,2605,123,0.16689281,881,-214.25,268,7.3,0.1,13.675,22.33,27.16,23.4725,86.42,78.09,84.625,1.82,1.89,2.0775,219,0.012285179,0.048894063,0.28502289,0.126,0.76614789,0.147,1125.142,678.73,0.39301937,0.3625,0.47271127,-0.88121737
3304557,2024-06-09,706,1979,2436.2,0,development,1,859,736,1501,2605,9515,808,948.75,3795,369.47835,1494,1315.75,10526,468.99002,1818,-153,-0.17790698,-276,-198.75,-102,0.2,9.4,11.375,23.72,25.78,22.9575,80.7,82.39,84.2025,1.91,1.9,2.08,192,0.0136828,0.050991501,0.28502289,0.126,0.76614789,0.147,1125.142,678.73,0.39301937,0.3625,0.36342863,-0.93162204
3304557,2024-06-16,648,1632,2436.2,0,development,1,706,859,1494,1818,7733,711,737.25,2949,89.007022,859,1169.5,9356,472.40781,1716,-58,-0.082036775,95,-211.5,-63,0,5.3,10.05,24.01,24.62,22.805,75.92,83.86,82.2175,1.91,2.05,2.045,191,0.012741007,0.052469136,0.28502289,0.126,0.76614789,0.147,1125.142,678.73,0.39301937,0.3625,0.24888233,-0.96853373
3304557,2024-06-23,573,1303,2436.2,0,development,1,648,706,736,1696,4376,494,696.5,2786,121.24493,859,1029.125,8233,460.30314,1716,-75,-0.1155624,-17,-40.75,79,0.2,32.7,1.925,25.36,21.16,23.855,76.86,85.83,79.975,2.23,2.54,1.9675,182,0.012240771,0.040139616,0.28502289,0.126,0.76614789,0.147,1125.142,678.73,0.39301937,0.3625,0.13073139,-0.99141783
3304557,2024-06-30,436,1078,2436.2,0,development,1,573,648,859,1716,4045,402,590.75,2363,116.65155,706,869.125,6953,406.79108,1501,-137,-0.23867596,-62,-105.75,34,9.8,7.3,2.55,21.66,22.33,23.6875,86.92,86.42,80.1,1.88,1.82,1.9825,139,0.016297029,0.050458716,0.28502289,0.126,0.76614789,0.147,1125.142,678.73,0.39301937,0.3625,0.010687022,-0.99994289
3304557,2024-07-07,322,976,2436.2,0,development,1,436,573,706,1501,3244,432,494.75,1979,144.80188,648,721.75,5774,355.50316,1494,-114,-0.26086957,23,-96,-110,4.9,0.2,3.725,21.67,23.72,23.175,90.09,80.7,82.4475,2.21,1.91,2.0575,122,0.020658925,0.074534161,0.28502289,0.126,0.76614789,0.147,1125.142,678.73,0.39301937,0.3625,-0.10951213,-0.99398546
3304557,2024-07-14,301,831,2436.2,0,development,1,322,436,648,1494,2605,310,408,1632,124.972,573,572.625,4581,202.63686,859,-21,-0.06501548,93,-86.75,-9,0,0,3.725,20.61,24.01,22.325,87.19,75.92,85.265,2.04,1.91,2.09,125,0.018575954,0.066445183,0.28502289,0.126,0.76614789,0.147,1125.142,678.73,0.39301937,0.3625,-0.22812518,-0.97363181
3304557,2024-07-21,244,764,2436.2,0,development,1,301,322,573,736,1818,273,325.75,1303,80.549674,436,511.125,4089,219.89506,859,-57,-0.18874172,-36,-82.25,-29,0.2,0.2,3.725,21.11,25.36,21.2625,73.36,76.86,84.39,1.74,2.23,1.9675,105,0.016628594,0.049180328,0.28502289,0.126,0.76614789,0.147,1125.142,678.73,0.39301937,0.3625,-0.34343422,-0.93917673
3304557,2024-07-28,211,707,2436.2,0,development,1,244,301,436,859,1696,277,269.5,1078,51.05879,322,430.125,3441,190.88024,706,-33,-0.13469388,24,-56.25,-66,19.1,9.8,6.05,21.6,21.66,21.2475,81.34,86.92,82.995,2.24,1.88,2.0575,98,0.024370522,0.08056872,0.28502289,0.126,0.76614789,0.147,1125.142,678.73,0.39301937,0.3625,-0.45376919,-0.89111925
3304557,2024-08-04,220,642,2436.2,0,development,1,211,244,322,706,1716,221,244,976,40.472213,301,369.375,2955,166.29057,648,9,0.04245283,42,-25.5,-1,43.2,4.9,15.625,24.21,21.67,21.8825,72.71,90.09,78.65,2.65,2.21,2.1675,107,0.025785124,0.090909091,0.28502289,0.126,0.76614789,0.147,1125.142,678.73,0.39301937,0.3625,-0.55753207,-0.8301554
3304557,2024-08-11,156,631,2436.2,0,development,1,220,211,301,648,1501,250,207.75,831,37.20551,244,307.875,2463,136.90814,573,-64,-0.28959276,-73,-36.25,-94,0.4,0,15.725,19.58,20.61,21.625,75.53,87.19,75.735,2.27,2.04,2.225,84,0.022682446,0.08974359,0.28502289,0.126,0.76614789,0.147,1125.142,678.73,0.39301937,0.3625,-0.65322004,-0.75716814
3304557,2024-08-18,177,602,2436.2,0,development,1,156,220,244,573,1494,206,191,764,29.788141,220,258.375,2067,91.371983,436,21,0.13375796,85,-16.75,-29,0.2,0.2,15.725,24.59,21.11,22.495,73.01,73.36,75.6475,2.29,1.74,2.3625,79,0.026461106,0.09039548,0.28502289,0.126,0.76614789,0.147,1125.142,678.73,0.39301937,0.3625,-0.7394472,-0.67321456
3304557,2024-08-25,154,626,2436.2,0,development,1,177,156,211,436,736,175,176.75,707,30.652624,220,223.125,1785,63.070114,322,-23,-0.12921348,-44,-14.25,-21,22,19.1,16.45,18.98,21.6,21.84,79.86,81.34,75.2775,2.63,2.24,2.46,79,0.034913139,0.12987013,0.28502289,0.126,0.76614789,0.147,1125.142,678.73,0.39301937,0.3625,-0.81496471,-0.57951059
3304557,2024-09-01,155,638,2436.2,0,development,1,154,177,220,322,859,124,160.5,642,11.030261,177,202.25,1618,52.404335,301,1,0.0064516129,24,-16.25,31,0.4,43.2,5.75,23.63,24.21,21.695,81.4,72.71,77.45,2.26,2.65,2.3625,82,0.020853278,0.064516129,0.28502289,0.126,0.76614789,0.147,1125.142,678.73,0.39301937,0.3625,-0.87867881,-0.47741339
3304557,2024-09-08,145,643,2436.2,0,development,1,155,154,156,301,706,170,157.75,631,13.598407,177,182.75,1462,37.239572,244,-10,-0.064102564,-11,-2.75,-25,0.2,0.4,5.7,26.61,19.58,23.4525,68.25,75.53,75.63,2.06,2.27,2.31,75,0.029631391,0.096551724,0.28502289,0.126,0.76614789,0.147,1125.142,678.73,0.39301937,0.3625,-0.92966673,-0.36840165
3304557,2024-09-15,148,638,2436.2,0,development,1,145,155,177,244,648,223,150.5,602,4.7958315,155,170.75,1366,29.305046,220,3,0.020547945,13,-7.25,-75,6.2,0.2,7.2,23.07,24.59,23.0725,80.48,73.01,77.4975,2.47,2.29,2.355,72,0.024379109,0.067567568,0.28502289,0.126,0.76614789,0.147,1125.142,678.73,0.39301937,0.3625,-0.96718998,-0.25405422
3304557,2024-09-22,178,642,2436.2,0,development,1,148,145,154,211,573,204,156.5,626,14.933185,178,166.625,1333,24.807473,220,30,0.20134228,27,6,-26,1.3,22,2.025,25.67,18.98,24.745,78.7,79.86,77.2075,2.38,2.63,2.2925,79,0.028216134,0.073033708,0.28502289,0.126,0.76614789,0.147,1125.142,678.73,0.39301937,0.3625,-0.9907051,-0.13602725
3304557,2024-09-29,167,639,2436.2,0,development,1,178,148,155,220,436,193,159.5,638,15.716234,178,160,1280,12.581165,178,-11,-0.061452514,-41,3,-26,28.7,0.4,9.1,24.92,23.63,25.0675,74.25,81.4,75.42,2.76,2.26,2.4175,70,0.030657248,0.077844311,0.28502289,0.126,0.76614789,0.147,1125.142,678.73,0.39301937,0.3625,-0.99987151,-0.016030151
3304557,2024-10-06,150,694,2436.2,0,development,1,167,178,145,156,322,133,160.75,643,14.314911,178,159.25,1274,13.024702,178,-17,-0.10119048,-6,1.25,17,4.2,0.2,10.1,23.48,26.61,24.285,75.75,68.25,77.295,2.44,2.06,2.5125,83,0.024533333,0.073333333,0.28502289,0.126,0.76614789,0.147,1125.142,678.73,0.39301937,0.3625,-0.99455646,0.10419912
3304557,2024-10-13,143,698,2436.2,0,development,1,150,167,148,177,301,213,159.5,638,15.926916,178,155,1240,11.904381,178,-7,-0.046357616,10,-1.25,-70,23.5,6.2,14.425,23.2,23.07,24.3175,79.42,80.48,77.03,2.36,2.47,2.485,76,0.023130715,0.062937063,0.28502289,0.126,0.76614789,0.147,1125.142,678.73,0.39301937,0.3625,-0.97483692,0.22291924
3304557,2024-10-20,182,641,2436.2,0,development,1,143,150,178,154,244,198,160.5,642,17.521415,182,158.5,1268,15.222164,182,39,0.27083333,46,1,-16,60.6,1.3,29.25,26.2,25.67,24.45,81.7,78.7,77.78,2.07,2.38,2.4075,90,0.018898684,0.06043956,0.28502289,0.126,0.76614789,0.147,1125.142,678.73,0.39301937,0.3625,-0.9409985,0.33841075
3304557,2024-10-27,164,717,2436.2,0,development,1,182,143,167,155,211,177,159.75,639,17.211914,182,159.625,1277,15.259072,182,-18,-0.098360656,-57,-0.75,-13,10,28.7,24.575,22.82,24.92,23.925,83.25,74.25,80.03,2.13,2.76,2.25,76,0.029595479,0.091463415,0.28502289,0.126,0.76614789,0.147,1125.142,678.73,0.39301937,0.3625,-0.89353128,0.44900094
3304557,2024-11-03,205,683,2436.2,0,development,1,164,182,150,145,220,300,173.5,694,26.362853,205,167.125,1337,20.787617,205,41,0.24848485,59,13.75,-95,33.3,4.2,31.85,25.07,23.48,24.3225,79.31,75.75,80.92,1.8,2.44,2.09,100,0.018917311,0.058536585,0.28502289,0.126,0.76614789,0.147,1125.142,678.73,0.39301937,0.3625,-0.83312277,0.55308811
3304557,2024-11-10,147,747,2436.2,0,development,1,205,164,143,148,156,281,174.5,698,24.852901,205,167,1336,20.921622,205,-58,-0.2815534,-99,1,-134,85.3,23.5,47.3,22.94,23.2,24.2575,85.42,79.42,82.42,1.88,2.36,1.97,73,0.022814568,0.06122449,0.28502289,0.126,0.76614789,0.147,1125.142,678.73,0.39301937,0.3625,-0.76064786,0.64916472
3304557,2024-11-17,125,802,2436.2,0,development,1,147,205,182,178,177,392,160.25,641,33.836617,205,160.375,1283,24.945297,205,-22,-0.14864865,36,-14.25,-267,5.7,60.6,33.575,23.59,26.2,23.605,86.65,81.7,83.6575,1.99,2.07,1.95,67,0.022976,0.056,0.28502289,0.126,0.76614789,0.147,1125.142,678.73,0.39301937,0.3625,-0.67715625,0.73583926
3304557,2024-11-24,240,691,2436.2,0,development,1,125,147,164,167,154,531,179.25,717,52.715431,240,169.5,1356,37.769981,240,115,0.91269841,137,19,-291,2.3,10,31.65,25.34,22.82,24.235,75.31,83.25,81.6725,2.07,2.13,1.935,112,0.026770833,0.091666667,0.28502289,0.126,0.76614789,0.147,1125.142,678.73,0.39301937,0.3625,-0.58385715,0.81185641
3304557,2024-12-01,171,693,2436.2,0,development,1,240,125,205,150,155,517,170.75,683,49.842251,240,172.125,1377,36.941798,240,-69,-0.28630705,-184,-8.5,-346,,33.3,,,25.07,,,79.31,,,1.8,,92,0.017407065,0.040935673,0.28502289,0.126,0.76614789,0.147,1125.142,678.73,0.39301937,0.3625,-0.48210187,0.87611517
3304557,2024-12-08,211,960,2436.2,0,purged,1,171,240,147,143,145,757,186.75,747,49.949141,240,180.625,1445,37.105785,240,40,0.23255814,109,16,-546,,85.3,,,22.94,,,85.42,,,1.88,,102,0.017632129,0.061611374,0.28502289,0.126,0.76614789,0.147,1125.142,678.73,0.39301937,0.3625,-0.37336414,0.92768487
3304557,2024-12-15,180,1374,2436.2,0,purged,1,211,171,125,182,148,716,200.5,802,31.416556,240,180.375,1443,37.101935,240,-31,-0.14622642,-71,13.75,-536,,5.7,,,23.59,,,86.65,,,1.99,,93,0.01962963,0.055555556,0.28502289,0.126,0.76614789,0.147,1125.142,678.73,0.39301937,0.3625,-0.25921886,0.96581861
3304557,2024-12-22,129,1452,2436.2,0,purged,1,180,211,240,164,178,783,172.75,691,33.826765,211,176,1408,41.151289,240,-51,-0.28176796,-20,-27.75,-654,,2.3,,,25.34,,,75.31,,,2.07,,70,0.027342107,0.085271318,0.28502289,0.126,0.76614789,0.147,1125.142,678.73,0.39301937,0.3625,-0.14131923,0.98996408
3304557,2024-12-29,173,1632,2436.2,0,purged,1,129,180,171,205,167,627,173.25,693,33.807051,211,172,1376,39.449787,240,44,0.33846154,95,0.5,-454,1.8,,,27.33,,,77.41,,,2.1,,,65,0.02662969,0.069364162,0.28502289,0.126,0.76614789,0.147,1125.142,678.73,0.39301937,0.3625,-0.021372823,0.99977158
3304557,2025-01-05,478,1523,2436.2,0,evaluation,1,173,129,211,147,150,1307,240,960,160.26436,478,213.375,1707,113.52147,478,305,1.7528736,261,66.75,-829,115.8,,,25.37,,,84.12,,,2.15,,,125,0.017331629,0.066945607,0.28502289,0.126,0.76614789,0.147,1125.142,678.73,0.39301937,0.3625,0.085907864,0.99630309
3304557,2025-01-12,594,1451,2436.2,0,evaluation,1,478,173,180,125,143,1848,343.5,1374,227.97734,594,272,2176,168.93786,594,116,0.24217119,-189,103.5,-1254,7.6,,,26.6,,,75.03,,,1.91,,,176,0.010531805,0.035353535,0.28502289,0.126,0.76614789,0.147,1125.142,678.73,0.39301937,0.3625,0.20497026,0.9787682
3304557,2025-01-19,207,1773,2436.2,0,evaluation,1,594,478,129,240,182,2427,363,1452,205.76848,594,267.875,2143,170.22879,594,-387,-0.65042017,-503,19.5,-2220,22.6,,36.95,30.2,,27.375,68.54,,76.275,2.32,,2.12,96,0.028028659,0.11111111,0.28502289,0.126,0.76614789,0.147,1125.142,678.73,0.39301937,0.3625,0.32106401,0.9470575
3304557,2025-01-26,353,1872,2436.2,0,evaluation,1,207,594,173,171,164,3753,408,1632,166.25482,594,290.625,2325,167.57338,594,146,0.70192308,533,45,-3400,43.2,1.8,47.3,28.38,27.33,27.6375,75.31,77.41,75.75,1.92,2.1,2.075,152,0.01291239,0.036827195,0.28502289,0.126,0.76614789,0.147,1125.142,678.73,0.39301937,0.3625,0.43250768,0.90163025
3304557,2025-02-02,369,1735,2436.2,0,evaluation,1,353,207,478,211,205,7252,380.75,1523,159.76311,594,310.375,2483,166.15306,594,16,0.04519774,-130,-27.25,-6883,1.2,115.8,18.65,31.04,25.37,29.055,62.2,84.12,70.27,2.33,2.15,2.12,151,0.013241677,0.048780488,0.28502289,0.126,0.76614789,0.147,1125.142,678.73,0.39301937,0.3625,0.53768721,0.84314439
3304557,2025-02-09,522,1616,2436.2,0,evaluation,1,369,353,594,180,147,8029,362.75,1451,128.77985,522,353.125,2825,171.72024,594,153,0.41351351,137,-18,-7507,0,7.6,16.75,29.21,26.6,29.7075,71.5,75.03,69.3875,2.4,1.91,2.2425,168,0.016345914,0.055555556,0.28502289,0.126,0.76614789,0.147,1125.142,678.73,0.39301937,0.3625,0.63507923,0.772447
3304557,2025-02-16,529,1425,2436.2,0,evaluation,1,522,369,207,129,125,14791,443.25,1773,95.24136,529,403.125,3225,154.51069,594,7,0.013384321,-146,80.5,-14262,0,22.6,11.1,29.29,30.2,29.48,72.31,68.54,70.33,2.25,2.32,2.225,158,0.027969454,0.12287335,0.28502289,0.126,0.76614789,0.147,1125.142,678.73,0.39301937,0.3625,0.72327319,0.69056201
3304557,2025-02-23,452,1365,2436.2,0,evaluation,1,529,522,353,173,240,13000,468,1872,74.596693,529,438,3504,123.52906,594,-77,-0.14528302,-84,24.75,-12548,0,43.2,0.3,27.54,28.38,29.27,72.22,75.31,69.5575,2.4,1.92,2.345,156,0.016553763,0.057522124,0.28502289,0.126,0.76614789,0.147,1125.142,678.73,0.39301937,0.3625,0.80099175,0.59867538
3304557,2025-03-02,232,1422,2436.2,0,evaluation,1,452,529,369,478,171,11244,433.75,1735,138.92054,529,407.25,3258,141.46554,594,-220,-0.48565121,-143,-34.25,-11012,0,1.2,0,25.94,31.04,27.995,73.92,62.2,72.4875,2.28,2.33,2.3325,105,0.026307967,0.11206897,0.28502289,0.126,0.76614789,0.147,1125.142,678.73,0.39301937,0.3625,0.86710929,0.49811794
3304557,2025-03-09,403,1322,2436.2,0,evaluation,1,232,452,522,594,211,9515,404,1616,125.84912,529,383.375,3067,119.92252,529,171,0.73390558,391,-29.75,-9112,4.4,0,1.1,26.76,29.21,27.3825,80.31,71.5,74.69,1.71,2.4,2.16,154,0.016347616,0.069478908,0.28502289,0.126,0.76614789,0.147,1125.142,678.73,0.39301937,0.3625,0.92066819,0.3903461
3304557,2025-03-16,338,1214,2436.2,0,evaluation,1,403,232,529,207,180,7733,356.25,1425,95.087241,452,399.75,3198,99.624653,529,-65,-0.16089109,-236,-47.75,-7395,44,0,12.1,25.33,29.29,26.3925,83.61,72.31,77.515,2.02,2.25,2.1025,126,0.016105879,0.053254438,0.28502289,0.126,0.76614789,0.147,1125.142,678.73,0.39301937,0.3625,0.96089276,0.27692075
3304557,2025-03-23,392,1036,2436.2,0,evaluation,1,338,403,452,353,129,4376,341.25,1365,78.176616,403,404.625,3237,97.950334,529,54,0.15929204,119,-15,-3984,5.2,0,13.4,25.94,27.54,25.9925,84.08,72.22,80.48,1.93,2.4,1.985,133,0.021514473,0.076530612,0.28502289,0.126,0.76614789,0.147,1125.142,678.73,0.39301937,0.3625,0.98720041,0.15948466
3304557,2025-03-30,289,1025,2436.2,0,evaluation,1,392,338,232,369,173,4045,355.5,1422,52.652952,403,394.625,3157,105.87046,529,-103,-0.26208651,-157,14.25,-3756,129,0,45.65,27.12,25.94,26.2875,85.69,73.92,83.4225,2.29,2.28,1.9875,112,0.018139151,0.058823529,0.28502289,0.126,0.76614789,0.147,1125.142,678.73,0.39301937,0.3625,0.99921011,0.0397387
3304557,2025-04-06,303,1036,2436.2,0,evaluation,1,289,392,403,522,478,3244,330.5,1322,45.887544,392,367.25,2938,96.091846,529,14,0.048275862,117,-25,-2941,70.8,4.4,62.25,23.61,26.76,25.5,89.16,80.31,85.635,1.99,1.71,2.0575,141,0.015412432,0.066006601,0.28502289,0.126,0.76614789,0.147,1125.142,678.73,0.39301937,0.3625,0.99674792,-0.080582805
3304557,2025-04-13,230,1120,2436.2,0,evaluation,1,303,289,338,529,594,2605,303.5,1214,66.945251,392,329.875,2639,81.183104,452,-73,-0.24013158,-87,-27,-2375,11.6,44,54.15,24.61,25.33,25.32,85.81,83.61,86.185,1.55,2.02,1.94,109,0.017202268,0.056521739,0.28502289,0.126,0.76614789,0.147,1125.142,678.73,0.39301937,0.3625,0.9798495,-0.1997372
3304557,2025-04-20,214,1190,2436.2,0,evaluation,1,230,303,392,452,207,1818,259,1036,43.596636,303,300.125,2401,73.25774,403,-16,-0.069264069,57,-44.5,-1604,96.8,5.2,77.05,23.13,25.94,24.6175,73.95,84.08,83.6525,0.54,1.93,1.5925,87,0.030570355,0.11682243,0.28502289,0.126,0.76614789,0.147,1125.142,678.73,0.39301937,0.3625,0.94875961,-0.31599874
3304557,2025-04-27,278,1188,2436.2,0,evaluation,1,214,230,289,232,353,1696,256.25,1025,41.363228,303,305.875,2447,68.817434,403,64,0.29767442,80,-2.75,-1418,70,129,62.3,22.84,27.12,23.5475,85.3,85.69,83.555,0.55,2.29,1.1575,123,0.018244397,0.050359712,0.28502289,0.126,0.76614789,0.147,1125.142,678.73,0.39301937,0.3625,0.90392852,-0.42768357
3304557,2025-05-04,314,1146,2436.2,0,evaluation,1,278,214,303,403,369,1716,259,1036,45.650849,314,294.75,2358,57.063248,392,36,0.12903226,-28,2.75,-1402,0,70.8,44.6,24.44,23.61,23.755,81.6,89.16,81.665,0.75,1.99,0.8475,135,0.013976226,0.038216561,0.28502289,0.126,0.76614789,0.147,1125.142,678.73,0.39301937,0.3625,0.84600553,-0.53317411
3304557,2025-05-11,314,1030,2436.2,0,evaluation,1,314,278,230,338,522,1501,280,1120,47.159304,314,291.75,2334,55.060356,392,0,0,-36,21,-1187,38.8,11.6,51.4,22.19,24.61,23.15,85.19,85.81,81.51,0.58,1.55,0.605,141,0.012312873,0.041401274,0.28502289,0.126,0.76614789,0.147,1125.142,678.73,0.39301937,0.3625,0.77582958,-0.63094252
3304557,2025-05-18,284,876,2436.2,0,evaluation,1,314,314,214,392,529,1494,297.5,1190,19.209373,314,278.25,2226,37.365951,314,-30,-0.095238095,-30,17.5,-1210,41.6,96.8,37.6,22.34,23.13,22.9525,85.14,73.95,84.3075,0.48,0.54,0.59,116,0.016241817,0.049295775,0.28502289,0.126,0.76614789,0.147,1125.142,678.73,0.39301937,0.3625,0.69441703,-0.71957279
3304557,2025-05-25,276,747,2436.2,0,evaluation,1,284,314,278,289,452,736,297,1188,19.899749,314,276.625,2213,37.113484,314,-8,-0.028070175,22,-0.5,-460,0.4,70,20.2,21.92,22.84,22.7225,78.82,85.3,82.6875,2.25,0.55,1.015,119,0.015621718,0.043478261,0.28502289,0.126,0.76614789,0.147,1125.142,678.73,0.39301937,0.3625,0.60294701,-0.79778124
3304557,2025-06-01,272,589,2436.2,0,evaluation,1,276,284,314,303,232,859,286.5,1146,19,314,272.75,2182,35.551773,314,-4,-0.014440433,4,-10.5,-587,1.2,0,20.5,23.27,24.44,22.43,81.33,81.6,82.62,1.98,0.75,1.3225,116,0.018084991,0.058823529,0.28502289,0.126,0.76614789,0.147,1125.142,678.73,0.39301937,0.3625,0.50274431,-0.86443517
3304557,2025-06-08,198,477,2436.2,0,evaluation,1,272,276,314,230,403,706,257.5,1030,39.979161,284,268.75,2150,42.223047,314,-74,-0.27106227,-70,-29,-508,46.6,38.8,22.45,19.38,22.19,21.7275,83.92,85.19,82.3025,2.2,0.58,1.7275,93,0.020610142,0.055555556,0.28502289,0.126,0.76614789,0.147,1125.142,678.73,0.39301937,0.3625,0.3952602,-0.9185692
3304557,2025-06-15,130,474,2436.2,0,evaluation,1,198,272,284,214,338,648,219,876,69.330128,276,258.25,2066,63.077617,314,-68,-0.34170854,6,-38.5,-518,0,41.6,12.05,22.75,22.34,21.83,70.16,85.14,78.5575,2.08,0.48,2.1275,59,0.036686391,0.10769231,0.28502289,0.126,0.76614789,0.147,1125.142,678.73,0.39301937,0.3625,0.28205141,-0.95939929
3304557,2025-06-22,147,414,2436.2,0,evaluation,1,130,198,276,278,392,573,186.75,747,63.756699,272,241.875,1935,73.380491,314,17,0.12977099,85,-32.25,-426,2.4,0.4,12.55,22.45,21.92,21.9625,74.57,78.82,77.495,2.08,2.25,2.085,76,0.027812486,0.095238095,0.28502289,0.126,0.76614789,0.147,1125.142,678.73,0.39301937,0.3625,0.16475757,-0.98633409
3304557,2025-06-29,114,386,2436.2,0,evaluation,1,147,130,272,314,289,436,147.25,589,36.417715,198,216.875,1735,79.14081,314,-33,-0.22297297,-50,-39.5,-322,85.8,1.2,33.7,20.57,23.27,21.2875,82.98,81.33,77.9075,2.68,1.98,2.26,65,0.028470299,0.10526316,0.28502289,0.126,0.76614789,0.147,1125.142,678.73,0.39301937,0.3625,0.045077499,-0.99898349
3304557,2025-07-06,86,363,2436.2,0,evaluation,1,114,147,198,314,303,322,119.25,477,25.940637,147,188.375,1507,80.213888,284,-28,-0.24347826,5,-28,-236,4.2,46.6,23.1,19.79,19.38,21.39,81.52,83.92,77.3075,1.92,2.2,2.19,53,0.026771228,0.058139535,0.28502289,0.126,0.76614789,0.147,1125.142,678.73,0.39301937,0.3625,-0.075255445,-0.99716429
3304557,2025-07-13,127,304,2436.2,0,evaluation,1,86,114,130,284,230,301,118.5,474,25.566906,147,168.75,1350,72.290584,276,41,0.47126437,69,-0.75,-174,0.2,0,23.15,20.41,22.75,20.805,74.99,70.16,78.515,2.42,2.08,2.275,69,0.027838056,0.1023622,0.28502289,0.126,0.76614789,0.147,1125.142,678.73,0.39301937,0.3625,-0.19449844,-0.98090283
3304557,2025-07-20,87,296,2436.2,0,evaluation,1,127,86,147,276,214,244,103.5,414,20.338797,127,145.125,1161,62.446406,272,-40,-0.3125,-81,-15,-157,21.4,2.4,27.9,20.55,22.45,20.33,82.91,74.57,80.6,2.19,2.08,2.3025,58,0.024441802,0.057471264,0.28502289,0.126,0.76614789,0.147,1125.142,678.73,0.39301937,0.3625,-0.31092445,-0.95043463
3304557,2025-07-27,86,283,2436.2,0,evaluation,1,87,127,114,272,278,211,96.5,386,20.338797,127,121.875,975,38.490954,198,-1,-0.011363636,39,-7,-125,0.6,85.8,6.6,20.41,20.57,20.29,70.4,82.98,77.455,3.09,2.68,2.405,59,0.036776636,0.13953488,0.28502289,0.126,0.76614789,0.147,1125.142,678.73,0.39301937,0.3625,-0.42284724,-0.90620098
3304557,2025-08-03,63,289,2436.2,0,evaluation,1,86,87,86,198,314,220,90.75,363,26.587905,127,105,840,28.695445,147,-23,-0.26436782,-22,-5.75,-157,6.2,4.2,7.1,21.97,19.79,20.835,76.84,81.52,76.285,2.64,1.92,2.585,44,0.031997984,0.063492063,0.28502289,0.126,0.76614789,0.147,1125.142,678.73,0.39301937,0.3625,-0.5286458,-0.84884252
3304557,2025-08-10,68,307,2436.2,0,evaluation,1,63,86,127,130,314,156,76,304,12.301761,87,97.25,778,29.344019,147,5,0.078125,28,-14.75,-88,22.6,0.2,12.7,19.17,20.41,20.525,81.23,74.99,77.845,2.78,2.42,2.675,47,0.031141869,0.088235294,0.28502289,0.126,0.76614789,0.147,1125.142,678.73,0.39301937,0.3625,-0.6267878,-0.77919
3304557,2025-08-17,79,318,2436.2,0,evaluation,1,68,63,87,147,284,177,74,296,10.424331,86,88.75,710,21.737065,127,11,0.15942029,6,-2,-98,0,21.4,7.35,22.7,20.55,21.0625,75.52,82.91,75.9975,2.04,2.19,2.6375,56,0.026438071,0.075949367,0.28502289,0.126,0.76614789,0.147,1125.142,678.73,0.39301937,0.3625,-0.71585183,-0.69825221
3304557,2025-08-24,73,304,2436.2,0,evaluation,1,79,68,86,114,276,154,70.75,283,6.8495742,79,83.625,669,19.66823,127,-6,-0.075,-17,-3.25,-81,5.4,0.6,8.55,22.24,20.41,21.52,86.75,70.4,80.085,2.36,3.09,2.455,49,0.031713267,0.095890411,0.28502289,0.126,0.76614789,0.147,1125.142,678.73,0.39301937,0.3625,-0.79454795,-0.60720141
3304557,2025-08-31,69,295,2436.2,0,evaluation,1,73,79,63,86,272,155,72.25,289,4.9916597,79,81.5,652,20.283702,127,-4,-0.054054054,2,1.5,-86,2.4,6.2,7.6,22.31,21.97,21.605,76.01,76.84,79.8775,2.34,2.64,2.38,40,0.048099139,0.14492754,0.28502289,0.126,0.76614789,0.147,1125.142,678.73,0.39301937,0.3625,-0.86173637,-0.50735631
3304557,2025-09-07,86,272,2436.2,0,evaluation,1,69,73,68,127,198,145,76.75,307,7.410578,86,76.375,611,9.4102907,87,17,0.24285714,21,4.5,-59,13.8,22.6,5.4,21.66,19.17,22.2275,80.55,81.23,79.7075,2.21,2.78,2.2375,47,0.037858302,0.093023256,0.28502289,0.126,0.76614789,0.147,1125.142,678.73,0.39301937,0.3625,-0.91644398,-0.40016301
3304557,2025-09-14,90,239,2436.2,0,evaluation,1,86,69,79,87,130,148,79.5,318,10.082989,90,76.75,614,9.9391003,90,4,0.045977011,-13,2.75,-58,12,0,8.4,23.02,22.7,22.3075,79.97,75.52,80.82,2.33,2.04,2.31,65,0.022962963,0.077777778,0.28502289,0.126,0.76614789,0.147,1125.142,678.73,0.39301937,0.3625,-0.95787843,-0.28717401
3304557,2025-09-21,59,253,2436.2,0,evaluation,1,90,86,73,86,147,178,76,304,14.537308,90,73.375,587,10.888231,90,-31,-0.34065934,-35,-3.5,-119,50.4,5.4,19.65,22.84,22.24,22.4575,73.47,86.75,77.5,2.59,2.36,2.3675,40,0.041654697,0.11864407,0.28502289,0.126,0.76614789,0.147,1125.142,678.73,0.39301937,0.3625,-0.98543961,-0.17002578
3304557,2025-09-28,60,251,2436.2,0,evaluation,1,59,90,69,63,114,167,73.75,295,16.540355,90,73,584,11.338934,90,1,0.016666667,32,-2.25,-107,0.2,2.4,19.1,22.55,22.31,22.5175,76.01,76.01,77.5,2.07,2.34,2.3,42,0.033333333,0.066666667,0.28502289,0.126,0.76614789,0.147,1125.142,678.73,0.39301937,0.3625,-0.99872835,-0.050415011
3304557,2025-10-05,63,236,2436.2,0,evaluation,1,60,59,86,68,86,150,68,272,14.764823,90,72.375,579,11.783008,90,3,0.049180328,2,-5.75,-87,66.6,13.8,32.3,22.98,21.66,22.8475,80.9,80.55,77.5875,2.41,2.21,2.35,44,0.034517511,0.095238095,0.28502289,0.126,0.76614789,0.147,1125.142,678.73,0.39301937,0.3625,-0.99755219,0.069925936
3304557,2025-10-12,57,229,2436.2,0,evaluation,1,63,60,90,79,127,143,59.75,239,2.5,63,69.625,557,12.557724,90,-6,-0.09375,-9,-8.25,-86,10.4,12,31.9,25.09,23.02,23.365,80.99,79.97,77.8425,2.01,2.33,2.27,46,0.02677747,0.070175439,0.28502289,0.126,0.76614789,0.147,1125.142,678.73,0.39301937,0.3625,-0.98192814,0.18925412
3304557,2025-10-19,73,213,2436.2,0,evaluation,1,57,63,59,73,87,182,63.25,253,6.946222,73,69.625,557,12.557724,90,16,0.27586207,22,3.5,-109,79.8,50.4,39.25,19.79,22.84,22.6025,76.44,73.47,78.585,2.77,2.59,2.315,45,0.075623944,0.24657534,0.28502289,0.126,0.76614789,0.147,1125.142,678.73,0.39301937,0.3625,-0.95208251,0.30584128
3304557,2025-10-26,58,198,2436.2,0,evaluation,1,73,57,60,69,86,164,62.75,251,7.3200638,73,68.25,546,13.220655,90,-15,-0.2027027,-31,-0.5,-106,29.2,0.2,46.5,22.9,22.55,22.69,85.18,76.01,80.8775,1.98,2.07,2.2925,43,0.030915577,0.068965517,0.28502289,0.126,0.76614789,0.147,1125.142,678.73,0.39301937,0.3625,-0.90844756,0.41799884
3304557,2025-11-02,48,199,2436.2,0,evaluation,1,58,73,63,86,63,205,59,236,10.36018,73,63.5,508,12.75035,90,-10,-0.16949153,5,-3.75,-157,37,66.6,39.1,23.58,22.98,22.84,84.22,80.9,81.7075,2.13,2.41,2.2225,37,0.033854167,0.083333333,0.28502289,0.126,0.76614789,0.147,1125.142,678.73,0.39301937,0.3625,-0.85165526,0.52410239
3304557,2025-11-09,50,191,2436.2,0,evaluation,1,48,58,57,90,68,147,57.25,229,11.354148,73,58.5,468,7.7275019,73,2,0.040816327,12,-1.75,-97,3.8,10.4,37.45,21.37,25.09,21.91,80.47,80.99,81.5775,2.08,2.01,2.24,36,0.0392,0.08,0.28502289,0.126,0.76614789,0.147,1125.142,678.73,0.39301937,0.3625,-0.78252817,0.62261518
3304557,2025-11-16,57,185,2436.2,0,evaluation,1,50,48,73,59,79,125,53.25,213,4.9916597,58,58.25,466,7.7413546,73,7,0.1372549,5,-4,-68,34.2,79.8,26.05,24.33,19.79,23.045,77.81,76.44,81.92,2.33,2.77,2.13,39,0.035395506,0.10526316,0.28502289,0.126,0.76614789,0.147,1125.142,678.73,0.39301937,0.3625,-0.70206746,0.71211044
3304557,2025-11-23,43,172,2436.2,0,evaluation,1,57,50,58,60,73,240,49.5,198,5.8022984,57,56.125,449,9.3570065,73,-14,-0.24137931,-21,-3.75,-197,84,29.2,39.75,23.21,22.9,23.1225,83.31,85.18,81.4525,2.76,1.98,2.325,34,0.036235803,0.069767442,0.28502289,0.126,0.76614789,0.147,1125.142,678.73,0.39301937,0.3625,-0.61143848,0.79129197
3304557,2025-11-30,49,162,2436.2,0,evaluation,1,43,57,48,63,69,171,49.75,199,5.7373048,57,54.375,435,9.1953016,73,6,0.13636364,20,0.25,-122,7.4,37,32.35,24.48,23.58,23.3475,82.23,84.22,80.955,2.33,2.13,2.375,38,0.033735943,0.081632653,0.28502289,0.126,0.76614789,0.147,1125.142,678.73,0.39301937,0.3625,-0.51195383,0.85901296
3304557,2025-12-07,42,179,2436.2,0,evaluation,1,49,43,50,57,86,211,47.75,191,6.8980674,57,52.5,420,10.071175,73,-7,-0.14,-13,-2,-169,10.9,3.8,34.125,26.87,21.37,24.7225,73.16,80.47,79.1275,2.33,2.08,2.4375,35,0.035147392,0.095238095,0.28502289,0.126,0.76614789,0.147,1125.142,678.73,0.39301937,0.3625,-0.40505439,0.91429259
3304557,2025-12-14,51,194,2436.2,0,evaluation,1,42,49,57,73,90,180,46.25,185,4.425306,51,49.75,398,5.7507763,58,9,0.20930233,16,-1.5,-129,37.9,34.2,35.05,25.24,24.33,24.95,85.72,77.81,81.105,2.16,2.33,2.395,34,0.041138024,0.078431373,0.28502289,0.126,0.76614789,0.147,1125.142,678.73,0.39301937,0.3625,-0.29228842,0.95633021
3304557,2025-12-21,30,230,2436.2,0,evaluation,1,51,42,43,58,59,129,43,172,9.486833,51,46.25,370,8.0666863,57,-21,-0.40384615,-30,-3.25,-99,0,84,14.05,28.17,23.21,26.19,73.09,83.31,78.55,2.17,2.76,2.2475,24,0.048888889,0.1,0.28502289,0.126,0.76614789,0.147,1125.142,678.73,0.39301937,0.3625,-0.17528914,0.984517
3304557,2025-12-28,39,244,2436.2,0,evaluation,1,30,51,49,48,60,173,40.5,162,8.660254,51,45.125,361,8.4081168,57,9,0.29032258,30,-2.5,-134,28.5,7.4,19.325,28.65,24.48,27.2325,79.41,82.23,77.845,2.04,2.33,2.175,36,0.029585799,0.051282051,0.28502289,0.126,0.76614789,0.147,1125.142,678.73,0.39301937,0.3625,-0.055751083,0.9984447
3304557,2026-01-04,59,252,2436.2,0,outside_evaluation,1,39,30,42,50,63,478,44.75,179,12.816006,59,46.25,370,9.66215,59,20,0.5,11,4.25,-419,33.7,10.9,25.025,26.14,26.87,27.05,76.98,73.16,78.8,2.25,2.33,2.155,45,0.028440103,0.06779661,0.28502289,0.126,0.76614789,0.147,1125.142,678.73,0.39301937,0.3625,0.068756818,0.99763345
3304557,2026-01-11,66,272,2436.2,0,outside_evaluation,1,59,39,51,57,57,594,48.5,194,16.822604,66,47.375,379,11.450982,66,7,0.11666667,-13,3.75,-528,12.1,37.9,18.575,29,25.24,27.99,70.53,85.72,75.0025,2.13,2.16,2.1475,49,0.027548209,0.060606061,0.28502289,0.126,0.76614789,0.147,1125.142,678.73,0.39301937,0.3625,0.18810323,0.98214926
3304557,2026-01-18,66,278,2436.2,0,outside_evaluation,1,66,59,30,43,73,207,57.5,230,12.767145,66,50.25,402,12.980755,66,0,0,-7,9,-141,107.1,0,45.35,24.48,28.17,27.0675,83.75,73.09,77.6675,2.29,2.17,2.1775,48,0.027548209,0.060606061,0.28502289,0.126,0.76614789,0.147,1125.142,678.73,0.39301937,0.3625,0.30472529,0.95244029
3304557,2026-01-25,53,365,2436.2,0,outside_evaluation,1,66,66,39,49,58,353,61,244,6.2716292,66,50.75,406,13.002747,66,-13,-0.19402985,-13,3.5,-300,40.9,28.5,48.45,26.76,28.65,26.595,82.72,79.41,78.495,1.91,2.04,2.145,39,0.034531862,0.094339623,0.28502289,0.126,0.76614789,0.147,1125.142,678.73,0.39301937,0.3625,0.41693391,0.90893681
3304557,2026-02-01,67,422,2436.2,0,outside_evaluation,1,53,66,59,42,48,369,63,252,6.6833126,67,53.875,431,13.590306,67,14,0.25925926,27,2,-302,129.8,33.7,72.475,27.27,26.14,26.8775,86.42,76.98,80.855,2,2.25,2.0825,49,0.028291379,0.074626866,0.28502289,0.126,0.76614789,0.147,1125.142,678.73,0.39301937,0.3625,0.52310394,0.8522689
3304557,2026-02-08,86,467,2436.2,0,outside_evaluation,1,67,53,66,51,50,522,68,272,13.589211,86,58.25,466,17.580427,86,19,0.27941176,5,5,-436,56.5,12.1,83.575,27.32,29,26.4575,83.4,70.53,84.0725,1.81,2.13,2.0025,64,0.020822066,0.069767442,0.28502289,0.126,0.76614789,0.147,1125.142,678.73,0.39301937,0.3625,0.62169768,0.7832573
3304557,2026-02-15,72,575,2436.2,0,outside_evaluation,1,86,67,66,30,57,529,69.5,278,13.625956,86,63.5,508,13.804761,86,-14,-0.16091954,-33,1.5,-457,53.5,107.1,70.175,27.75,24.48,27.275,81.75,83.75,83.5725,2.13,2.29,1.9625,43,0.045524691,0.13888889,0.28502289,0.126,0.76614789,0.147,1125.142,678.73,0.39301937,0.3625,0.71128717,0.70290153
3304557,2026-02-22,140,602,2436.2,0,outside_evaluation,1,72,86,53,39,43,452,91.25,365,33.480094,140,76.125,609,27.544445,140,68,0.93150685,82,21.75,-312,99.5,40.9,84.825,26.36,26.76,27.175,86.63,82.72,84.55,2.29,1.91,2.0575,68,0.033877551,0.11428571,0.28502289,0.126,0.76614789,0.147,1125.142,678.73,0.39301937,0.3625,0.79057486,0.6123654
3304557,2026-03-01,124,613,2436.2,0,outside_evaluation,1,140,72,67,59,49,232,105.5,422,31.806708,140,84.25,674,31.125323,140,-16,-0.11347518,-84,14.25,-108,,129.8,,,27.27,,,86.42,,,2,,60,0.042013528,0.12903226,0.28502289,0.126,0.76614789,0.147,1125.142,678.73,0.39301937,0.3625,0.8584124,0.51296019
3304557,2026-03-08,131,628,2436.2,0,outside_evaluation,1,124,140,86,66,42,403,116.75,467,30.543685,140,92.375,739,34.029137,140,7,0.056,23,11.25,-272,,56.5,,,27.32,,,83.4,,,1.81,,81,0.021269157,0.061068702,0.28502289,0.126,0.76614789,0.147,1125.142,678.73,0.39301937,0.3625,0.91381726,0.40612561
3304557,2026-03-15,180,596,2436.2,0,outside_evaluation,1,131,124,72,66,51,338,143.75,575,25.038304,180,106.625,853,43.856707,180,49,0.37121212,42,27,-158,,53.5,,,27.75,,,81.75,,,2.13,,87,0.023765432,0.077777778,0.28502289,0.126,0.76614789,0.147,1125.142,678.73,0.39301937,0.3625,0.95598701,0.29340898
3304557,2026-03-22,167,529,2436.2,0,outside_evaluation,1,180,131,140,53,30,392,150.5,602,27.233558,180,120.875,967,42.441346,180,-13,-0.071823204,-62,6.75,-225,,99.5,,,26.36,,,86.63,,,2.29,,86,0.022697121,0.05988024,0.28502289,0.126,0.76614789,0.147,1125.142,678.73,0.39301937,0.3625,0.98431089,0.17644281
3304557,2026-03-29,135,523,2436.2,0,outside_evaluation,1,167,180,124,67,39,289,153.25,613,24.032963,180,129.375,1035,36.504158,180,-32,-0.19047619,-19,2.75,-154,,,,,,,,,,,,,76,0.024087791,0.066666667,0.28502289,0.126,0.76614789,0.147,1125.142,678.73,0.39301937,0.3625,0.99837868,0.056921161
3304557,2026-04-05,146,525,2436.2,0,outside_evaluation,1,135,167,131,86,59,303,157,628,20.281354,180,136.875,1095,32.233246,180,11,0.080882353,43,3.75,-157,,,,,,,,,,,,,67,0.046819291,0.14383562,0.28502289,0.126,0.76614789,0.147,1125.142,678.73,0.39301937,0.3625,0.99798661,-0.063424895
3304557,2026-04-12,148,546,2436.2,0,outside_evaluation,1,146,135,180,72,66,230,149,596,13.291601,167,146.375,1171,18.7688,180,2,0.013605442,-9,-8,-82,,,,,,,,,,,,,76,0.024287801,0.067567568,0.28502289,0.126,0.76614789,0.147,1125.142,678.73,0.39301937,0.3625,0.98314039,-0.18285235
3304557,2026-04-19,100,577,2436.2,0,outside_evaluation,1,148,146,167,140,66,214,132.25,529,22.246723,148,141.375,1131,25.0025,180,-48,-0.32214765,-50,-16.75,-114,,,,,,,,,,,,,67,0.0266,0.07,0.28502289,0.126,0.76614789,0.147,1125.142,678.73,0.39301937,0.3625,0.95405501,-0.29963149
3304557,2026-04-26,129,597,2436.2,0,outside_evaluation,1,100,148,135,124,53,278,130.75,523,22.201727,148,142,1136,24.564783,180,29,0.28712871,77,-1.5,-149,,,,,,,,,,,,,60,0.039600986,0.093023256,0.28502289,0.126,0.76614789,0.147,1125.142,678.73,0.39301937,0.3625,0.91115175,-0.41207097
3304557,2026-05-03,148,579,2436.2,0,outside_evaluation,1,129,100,146,131,67,314,131.25,525,22.677081,148,144.125,1153,24.210019,180,19,0.14615385,-10,0.5,-166,,,,,,,,,,,,,77,0.028579255,0.094594595,0.28502289,0.126,0.76614789,0.147,1125.142,678.73,0.39301937,0.3625,0.85505198,-0.5185423
3304557,2026-05-10,169,569,2436.2,0,outside_evaluation,1,148,129,148,180,86,314,136.5,546,29.308702,169,142.75,1142,22.102036,169,21,0.1409396,2,5.25,-145,,,,,,,,,,,,,93,0.024894086,0.088757396,0.28502289,0.126,0.76614789,0.147,1125.142,678.73,0.39301937,0.3625,0.78656821,-0.6175034
3304557,2026-05-17,131,598,2436.2,0,outside_evaluation,1,169,148,100,167,72,284,144.25,577,18.571932,169,138.25,1106,20.026768,169,-38,-0.22352941,-59,7.75,-153,,,,,,,,,,,,,77,0.026397063,0.10687023,0.28502289,0.126,0.76614789,0.147,1125.142,678.73,0.39301937,0.3625,0.70669232,-0.707521
3304557,2026-05-24,149,673,2436.2,0,outside_evaluation,1,131,169,129,135,140,276,149.25,597,15.542951,169,140,1120,20.311854,169,18,0.13636364,56,5,-127,,,,,,,,,,,,,76,0.02598982,0.087248322,0.28502289,0.126,0.76614789,0.147,1125.142,678.73,0.39301937,0.3625,0.61658117,-0.78729135
3304557,2026-05-31,130,,2436.2,,incomplete_horizon,1,149,131,148,146,124,272,144.75,579,18.373441,169,138,1104,20.424075,169,-19,-0.12666667,-37,-4.5,-142,,,,,,,,,,,,,72,0.020118343,0.038461538,0.28502289,0.126,0.76614789,0.147,1125.142,678.73,0.39301937,0.3625,0.51753987,-0.85565909
3304557,2026-06-07,159,,2436.2,,incomplete_horizon,1,130,149,169,148,131,198,142.25,569,14.174508,159,139.375,1115,21.533612,169,29,0.22137405,48,-2.5,-39,,,,,,,,,,,,,69,0.027570112,0.062893082,0.28502289,0.126,0.76614789,0.147,1125.142,678.73,0.39301937,0.3625,0.41100288,-0.91163405
3304557,2026-06-14,160,,2436.2,,incomplete_horizon,1,159,130,131,100,180,130,149.5,598,13.916417,160,146.875,1175,15.449804,169,1,0.00625,-28,7.25,30,,,,,,,,,,,,,84,0.0165625,0.0375,0.28502289,0.126,0.76614789,0.147,1125.142,678.73,0.39301937,0.3625,0.29851319,-0.95440551
3304557,2026-06-21,224,,2436.2,,incomplete_horizon,1,160,159,149,129,167,147,168.25,673,39.68522,224,158.75,1270,29.692471,224,64,0.39751553,63,18.75,77,,,,,,,,,,,,,116,0.014588648,0.044642857,0.28502289,0.126,0.76614789,0.147,1125.142,678.73,0.39301937,0.3625,0.18170004,-0.983354
4314902,2021-01-03,0,6,774.2,0,development,,,,,,,,,,,,,,,,,,,,,15.2,,,27.27,,,65.11,,,1.62,,,0,,,0.23883284,0.195,0.76325075,0.208,1420.3342,1135.95,0.64767164,0.44,0.051585425,0.99866859
4314902,2021-01-10,2,6,774.2,0,development,1,0,,,,,,,,,,,,,,2,2,,,,37.4,,,26.95,,,70.98,,,1.91,,,2,0.5,0.5,0.23883284,0.195,0.76325075,0.208,1420.3342,1135.95,0.64767164,0.44,0.17118054,0.98523968
4314902,2021-01-17,0,7,774.2,0,development,,2,0,,,,,,,,,,,,,-2,-0.66666667,-4,,,4.2,,,24.84,,,75.21,,,1.91,,,0,,,0.23883284,0.195,0.76325075,0.208,1420.3342,1135.95,0.64767164,0.44,0.28829639,0.95754122
4314902,2021-01-24,2,7,774.2,0,development,1,0,2,,,,,1,4,1.1547005,2,,,,,2,2,4,,,65.6,,30.6,26.61,,26.4175,79.72,,72.755,1.32,,1.69,2,0.5,0.5,0.23883284,0.195,0.76325075,0.208,1420.3342,1135.95,0.64767164,0.44,0.40123675,0.91597438
4314902,2021-01-31,2,5,774.2,0,development,1,2,0,0,,,,1.5,6,1,2,,,,,0,0,-2,0.5,,30,15.2,34.3,25.19,27.27,25.8975,76.74,65.11,75.6625,1.45,1.62,1.6475,2,0.5,0.5,0.23883284,0.195,0.76325075,0.208,1420.3342,1135.95,0.64767164,0.44,0.50836587,0.86114119
4314902,2021-02-07,2,3,774.2,0,development,1,2,2,2,,,,1.5,6,1,2,,,,,0,0,0,0,,3.8,37.4,25.9,25.36,26.95,25.5,72.63,70.98,76.075,1.5,1.91,1.545,1,1,1,0.23883284,0.195,0.76325075,0.208,1420.3342,1135.95,0.64767164,0.44,0.60813216,0.7938358
4314902,2021-02-14,1,6,774.2,0,development,1,2,2,0,,,,1.75,7,0.5,2,,,,,-1,-0.33333333,-1,0.25,,1.4,4.2,25.2,25.21,24.84,25.5925,72.49,75.21,75.395,1.46,1.91,1.4325,1,1,1,0.23883284,0.195,0.76325075,0.208,1420.3342,1135.95,0.64767164,0.44,0.69909067,0.71503303
4314902,2021-02-21,2,7,774.2,0,development,1,1,2,2,,,,1.75,7,0.5,2,1.375,11,0.91612538,2,1,0.5,2,0,,1.6,65.6,9.2,25.98,26.61,25.435,67.14,79.72,72.25,1.68,1.32,1.5225,2,0.5,0.5,0.23883284,0.195,0.76325075,0.208,1420.3342,1135.95,0.64767164,0.44,0.77992402,0.62587421
4314902,2021-02-28,0,7,774.2,0,development,,2,1,2,0,,,1.25,5,0.95742711,2,1.375,11,0.91612538,2,-2,-0.66666667,-3,-0.5,,25.4,30,8.05,25.58,25.19,25.5325,79.26,76.74,72.88,1.62,1.45,1.565,0,,,0.23883284,0.195,0.76325075,0.208,1420.3342,1135.95,0.64767164,0.44,0.84946148,0.52765064
4314902,2021-03-07,0,10,774.2,0,development,,0,2,2,2,,,0.75,3,0.95742711,2,1.125,9,0.99103121,2,0,0,2,-0.5,,11.2,3.8,9.9,24.09,25.36,25.215,72.82,72.63,72.9275,1.15,1.5,1.4775,0,,,0.23883284,0.195,0.76325075,0.208,1420.3342,1135.95,0.64767164,0.44,0.90669591,0.42178494
4314902,2021-03-14,4,23,774.2,0,development,1,0,0,1,0,,,1.5,6,1.9148542,4,1.625,13,1.3024702,4,4,4,4,0.75,,14.2,1.4,13.1,25.46,25.21,25.2775,73.96,72.49,73.295,1.59,1.46,1.51,3,0.375,0.5,0.23883284,0.195,0.76325075,0.208,1420.3342,1135.95,0.64767164,0.44,0.95079836,0.30981039
4314902,2021-03-21,3,32,774.2,0,development,1,4,0,2,2,,,1.75,7,2.0615528,4,1.75,14,1.3887301,4,-1,-0.2,-5,0.25,,23,1.6,18.45,24.22,25.98,24.8375,83.48,67.14,77.38,1.33,1.68,1.4225,3,0.33333333,0.33333333,0.23883284,0.195,0.76325075,0.208,1420.3342,1135.95,0.64767164,0.44,0.98113009,0.19334875
4314902,2021-03-28,0,42,774.2,0,development,,3,4,0,2,,,1.75,7,2.0615528,4,1.5,12,1.5118579,4,-3,-0.75,-2,0,,5.6,25.4,13.5,22.39,25.58,24.04,78.05,79.26,77.0775,1.46,1.62,1.3825,0,,,0.23883284,0.195,0.76325075,0.208,1420.3342,1135.95,0.64767164,0.44,0.9972518,0.074086778
4314902,2021-04-04,3,57,774.2,0,development,1,0,3,0,2,0,,2.5,10,1.7320508,4,1.625,13,1.5979898,4,3,3,6,0.75,,0,11.2,10.7,25.74,24.09,24.4525,67.81,72.82,75.825,1.36,1.15,1.435,3,0.33333333,0.33333333,0.23883284,0.195,0.76325075,0.208,1420.3342,1135.95,0.64767164,0.44,0.99892998,-0.046248216
4314902,2021-04-11,17,54,774.2,0,development,1,3,0,4,1,2,,5.75,23,7.6321688,17,3.625,29,5.6299581,17,14,3.5,11,3.25,,0.2,14.2,7.2,23.83,25.46,24.045,68.38,73.96,74.43,1.42,1.59,1.3925,7,0.19031142,0.23529412,0.23883284,0.195,0.76325075,0.208,1420.3342,1135.95,0.64767164,0.44,0.98614033,-0.16591338
4314902,2021-04-18,12,52,774.2,0,development,1,17,3,3,2,0,,8,32,7.8740079,17,4.875,39,6.289163,17,-5,-0.27777778,-19,2.25,,0.2,23,1.5,22.5,24.22,23.615,72.95,83.48,71.7975,1.72,1.33,1.49,8,0.15277778,0.25,0.23883284,0.195,0.76325075,0.208,1420.3342,1135.95,0.64767164,0.44,0.95906809,-0.28317557
4314902,2021-04-25,10,48,774.2,0,development,1,12,17,0,0,2,,10.5,42,5.8022984,17,6.125,49,6.1745445,17,-2,-0.15384615,3,2.5,,26.4,5.6,6.7,19.07,22.39,22.785,74.31,78.05,70.8625,1.18,1.46,1.42,8,0.14,0.2,0.23883284,0.195,0.76325075,0.208,1420.3342,1135.95,0.64767164,0.44,0.91810535,-0.39633643
4314902,2021-05-02,18,36,774.2,0,development,1,10,12,3,0,2,,14.25,57,3.8622101,18,8.375,67,6.8647651,18,8,0.72727273,10,3.75,,22.8,0,12.4,18.94,25.74,21.085,76.39,67.81,73.0075,1.13,1.36,1.3625,8,0.29012346,0.5,0.23883284,0.195,0.76325075,0.208,1420.3342,1135.95,0.64767164,0.44,0.86384539,-0.50375703
4314902,2021-05-09,14,23,774.2,0,development,1,18,10,17,4,2,,13.5,54,3.4156503,18,9.625,77,6.8647651,18,-4,-0.21052632,-12,-0.75,,16.6,0.2,16.5,16.04,23.83,19.1375,76.83,68.38,75.12,1.04,1.42,1.2675,7,0.19387755,0.28571429,0.23883284,0.195,0.76325075,0.208,1420.3342,1135.95,0.64767164,0.44,0.79707408,-0.60388154
4314902,2021-05-16,10,19,774.2,0,development,1,14,18,12,3,1,,13,52,3.8297084,18,10.5,84,6.3245553,18,-4,-0.26666667,0,-0.5,,49.4,0.2,28.8,16.15,22.5,17.55,82.89,72.95,77.605,1.1,1.72,1.1125,8,0.14,0.2,0.23883284,0.195,0.76325075,0.208,1420.3342,1135.95,0.64767164,0.44,0.71875848,-0.69525984
4314902,2021-05-23,6,16,774.2,0,development,1,10,14,10,0,2,,12,48,5.1639778,18,11.25,90,5.1478151,18,-4,-0.36363636,0,-1,,76,26.4,41.2,15.04,19.07,16.5425,74.06,74.31,77.5425,1.84,1.18,1.2775,4,0.33333333,0.5,0.23883284,0.195,0.76325075,0.208,1420.3342,1135.95,0.64767164,0.44,0.63003286,-0.77656847
4314902,2021-05-30,6,14,774.2,0,development,1,6,10,18,3,0,,9,36,3.8297084,14,11.625,93,4.5336047,18,0,0,4,-3,,0.2,22.8,35.55,16.45,18.94,15.92,72.02,76.39,76.45,1.01,1.13,1.2475,5,0.22222222,0.33333333,0.23883284,0.195,0.76325075,0.208,1420.3342,1135.95,0.64767164,0.44,0.53218228,-0.8466298
4314902,2021-06-06,1,15,774.2,0,development,1,6,6,14,17,0,,5.75,23,3.6855574,10,9.625,77,5.289815,18,-5,-0.71428571,-5,-3.25,,52,16.6,44.4,16.2,16.04,15.96,85.8,76.83,78.6925,1.61,1.04,1.39,1,1,1,0.23883284,0.195,0.76325075,0.208,1420.3342,1135.95,0.64767164,0.44,0.42662393,-0.90442912
4314902,2021-06-13,6,10,774.2,0,development,1,1,6,10,12,4,,4.75,19,2.5,6,8.875,71,5.3301702,18,5,2.5,10,-1,,1,49.4,32.3,13.63,16.15,15.33,81.46,82.89,78.335,0.95,1.1,1.3525,5,0.22222222,0.33333333,0.23883284,0.195,0.76325075,0.208,1420.3342,1135.95,0.64767164,0.44,0.31488664,-0.94912929
4314902,2021-06-20,3,9,774.2,0,development,1,6,1,6,10,3,,4,16,2.4494897,6,8,64,5.6820519,18,-3,-0.42857143,-8,-0.75,,90,76,35.8,15.65,15.04,15.4825,85.84,74.06,81.28,1.4,1.84,1.2425,3,0.33333333,0.33333333,0.23883284,0.195,0.76325075,0.208,1420.3342,1135.95,0.64767164,0.44,0.19858874,-0.98008291
4314902,2021-06-27,4,7,774.2,0,development,1,3,6,6,18,0,,3.5,14,2.081666,6,6.25,50,4.0970373,14,1,0.25,4,-0.5,,30.2,0.2,43.3,11.44,16.45,14.23,79.82,72.02,83.23,1.79,1.01,1.4375,4,0.25,0.25,0.23883284,0.195,0.76325075,0.208,1420.3342,1135.95,0.64767164,0.44,0.079414622,-0.99684167
4314902,2021-07-04,2,5,774.2,0,development,1,4,3,1,14,3,,3.75,15,1.7078251,6,4.75,38,2.8660575,10,-2,-0.4,-3,0.25,,0.8,52,30.5,15.93,16.2,14.1625,81.48,85.8,82.15,0.94,1.61,1.27,2,0.5,0.5,0.23883284,0.195,0.76325075,0.208,1420.3342,1135.95,0.64767164,0.44,-0.040909686,-0.99916285
4314902,2021-07-11,1,7,774.2,0,development,1,2,4,6,10,17,,2.5,10,1.2909944,4,3.625,29,2.1998377,6,-1,-0.33333333,1,-1.25,,10.4,1,32.85,17.05,13.63,15.0175,82.45,81.46,82.3975,1.08,0.95,1.3025,1,1,1,0.23883284,0.195,0.76325075,0.208,1420.3342,1135.95,0.64767164,0.44,-0.16064149,-0.98701282
4314902,2021-07-18,2,5,774.2,0,development,1,1,2,3,6,12,,2.25,9,1.2583057,4,3.125,25,2.0310096,6,1,0.5,2,-0.25,,0.8,90,10.55,13.24,15.65,14.415,69.96,85.84,78.4275,1.49,1.4,1.325,1,1,1,0.23883284,0.195,0.76325075,0.208,1420.3342,1135.95,0.64767164,0.44,-0.27804666,-0.96056757
4314902,2021-07-25,2,5,774.2,0,development,1,2,1,4,6,10,,1.75,7,0.5,2,2.625,21,1.685018,6,0,0,-1,-0.5,,34.4,30.2,11.6,12.55,11.44,14.6925,72.35,79.82,76.56,1.64,1.79,1.2875,2,0.5,0.5,0.23883284,0.195,0.76325075,0.208,1420.3342,1135.95,0.64767164,0.44,-0.3914248,-0.9202101
4314902,2021-08-01,0,5,774.2,0,development,,2,2,2,1,18,,1.25,5,0.95742711,2,2.5,20,1.8516402,6,-2,-0.66666667,-2,-0.5,,0.4,0.8,11.5,15.43,15.93,14.5675,82.23,81.48,76.7475,1.14,0.94,1.3375,0,,,0.23883284,0.195,0.76325075,0.208,1420.3342,1135.95,0.64767164,0.44,-0.4991338,-0.86652493
4314902,2021-08-08,3,3,774.2,0,development,1,0,2,1,6,14,,1.75,7,1.2583057,3,2.125,17,1.2464235,4,3,3,5,0.5,,9.6,10.4,11.3,15.84,17.05,14.265,79.49,82.45,76.0075,1.26,1.08,1.3825,3,0.33333333,0.33333333,0.23883284,0.195,0.76325075,0.208,1420.3342,1135.95,0.64767164,0.44,-0.59961369,-0.80028959
4314902,2021-08-15,0,3,774.2,0,development,,3,0,2,3,10,,1.25,5,1.5,3,1.75,14,1.3887301,4,-3,-0.75,-6,-0.5,,22.8,0.8,16.8,19.47,13.24,15.8225,81.93,69.96,79,1.35,1.49,1.3475,0,,,0.23883284,0.195,0.76325075,0.208,1420.3342,1135.95,0.64767164,0.44,-0.69140917,-0.7224634
4314902,2021-08-22,2,2,774.2,0,development,1,0,3,2,4,6,,1.25,5,1.5,3,1.5,12,1.069045,3,2,2,5,0,,102.2,34.4,33.75,17.49,12.55,17.0575,81.37,72.35,81.255,1.67,1.64,1.355,2,0.5,0.5,0.23883284,0.195,0.76325075,0.208,1420.3342,1135.95,0.64767164,0.44,-0.77319075,-0.63417353
4314902,2021-08-29,0,7,774.2,0,development,,2,0,0,2,6,,1.25,5,1.5,3,1.25,10,1.1649647,3,-2,-0.66666667,-4,0,,2,0.4,34.15,21.07,15.43,18.4675,71.58,82.23,78.5925,1.31,1.14,1.3975,0,,,0.23883284,0.195,0.76325075,0.208,1420.3342,1135.95,0.64767164,0.44,-0.84377395,-0.53669872
4314902,2021-09-05,1,6,774.2,0,development,1,0,2,3,1,1,,0.75,3,0.95742711,2,1.25,10,1.1649647,3,1,1,3,-0.5,,98.4,9.6,56.35,18,15.84,19.0075,80.95,79.49,78.9575,2.06,1.26,1.5975,1,1,1,0.23883284,0.195,0.76325075,0.208,1420.3342,1135.95,0.64767164,0.44,-0.9021365,-0.43145073
4314902,2021-09-12,0,7,774.2,0,development,,1,0,0,2,6,,0.75,3,0.95742711,2,1,8,1.1952286,3,-1,-0.5,-2,0,,61.8,22.8,66.1,18.19,19.47,18.6875,79.18,81.93,78.27,1.43,1.35,1.6175,0,,,0.23883284,0.195,0.76325075,0.208,1420.3342,1135.95,0.64767164,0.44,-0.94743311,-0.3199539
4314902,2021-09-19,1,7,774.2,0,development,1,0,1,2,2,3,,0.5,2,0.57735027,1,0.875,7,1.1259916,3,1,1,2,-0.25,,24.8,102.2,46.75,18.84,17.49,19.025,79.65,81.37,77.84,1.51,1.67,1.5775,1,1,1,0.23883284,0.195,0.76325075,0.208,1420.3342,1135.95,0.64767164,0.44,-0.97900774,-0.20382307
4314902,2021-09-26,5,4,774.2,0,development,1,1,0,0,0,4,,1.75,7,2.2173558,5,1.5,12,1.7728105,5,4,2,3,1.25,,35.8,2,55.2,20.51,21.07,18.885,82.62,71.58,80.6,1.52,1.31,1.63,3,0.36,0.4,0.23883284,0.195,0.76325075,0.208,1420.3342,1135.95,0.64767164,0.44,-0.99640308,-0.084740199
4314902,2021-10-03,0,5,774.2,0,development,,5,1,1,3,2,,1.5,6,2.3804761,5,1.125,9,1.7268882,5,-5,-0.83333333,-9,-0.25,,4.6,98.4,31.75,17.44,18,18.745,73.14,80.95,78.6475,1.71,2.06,1.5425,0,,,0.23883284,0.195,0.76325075,0.208,1420.3342,1135.95,0.64767164,0.44,-0.99936719,0.035569988
4314902,2021-10-10,1,5,774.2,0,development,1,0,5,0,0,1,,1.75,7,2.2173558,5,1.25,10,1.6690459,5,1,1,6,0.25,,32.4,61.8,24.4,21.58,18.19,19.5925,78.21,79.18,78.405,1.63,1.43,1.5925,1,1,1,0.23883284,0.195,0.76325075,0.208,1420.3342,1135.95,0.64767164,0.44,-0.98785713,0.155365
4314902,2021-10-17,1,6,774.2,0,development,1,1,0,1,2,2,,1.75,7,2.2173558,5,1.125,9,1.6420806,5,0,0,-1,0,,1.2,24.8,18.5,19.49,18.84,19.755,71.7,79.65,76.4175,1.56,1.51,1.605,1,1,1,0.23883284,0.195,0.76325075,0.208,1420.3342,1135.95,0.64767164,0.44,-0.96203962,0.27290982
4314902,2021-10-24,2,7,774.2,0,development,1,1,1,5,0,2,,1,4,0.81649658,2,1.375,11,1.5979898,5,1,0.5,1,-0.75,,1.6,35.8,9.95,23.1,20.51,20.4025,62.05,82.62,71.275,1.78,1.52,1.67,2,0.5,0.5,0.23883284,0.195,0.76325075,0.208,1420.3342,1135.95,0.64767164,0.44,-0.92228857,0.38650199
4314902,2021-10-31,1,7,774.2,0,development,1,2,1,0,1,0,,1.25,5,0.5,2,1.375,11,1.5979898,5,-1,-0.33333333,-2,0.25,,29.4,4.6,16.15,23.97,17.44,22.035,78.17,73.14,72.5325,1.49,1.71,1.615,1,1,1,0.23883284,0.195,0.76325075,0.208,1420.3342,1135.95,0.64767164,0.44,-0.86917972,0.49449632
4314902,2021-11-07,1,7,774.2,0,development,1,1,2,1,0,3,,1.25,5,0.5,2,1.5,12,1.5118579,5,0,0,1,0,,0,32.4,8.05,20.26,21.58,21.705,65.31,78.21,69.3075,1.99,1.63,1.705,1,1,1,0.23883284,0.195,0.76325075,0.208,1420.3342,1135.95,0.64767164,0.44,-0.80348225,0.59532871
4314902,2021-11-14,2,7,774.2,0,development,1,1,1,1,1,0,,1.5,6,0.57735027,2,1.625,13,1.5059406,5,1,0.5,1,0.25,,13,1.2,11,21.84,19.49,22.2925,71.04,71.7,69.1425,1.33,1.56,1.6475,2,0.5,0.5,0.23883284,0.195,0.76325075,0.208,1420.3342,1135.95,0.64767164,0.44,-0.72614769,0.68753875
4314902,2021-11-21,3,6,774.2,0,development,1,2,1,2,5,2,,1.75,7,0.95742711,3,1.375,11,0.91612538,3,1,0.33333333,0,0.25,,42.4,1.6,21.2,24.16,23.1,22.5575,65.01,62.05,69.8825,1.55,1.78,1.59,3,0.33333333,0.33333333,0.23883284,0.195,0.76325075,0.208,1420.3342,1135.95,0.64767164,0.44,-0.63829609,0.76979095
4314902,2021-11-28,1,6,774.2,0,development,1,3,2,1,0,0,,1.75,7,0.95742711,3,1.5,12,0.75592895,3,-2,-0.5,-3,0,,10.8,29.4,16.55,22.94,23.97,22.3,70.07,78.17,67.8575,1.9,1.49,1.6925,1,1,1,0.23883284,0.195,0.76325075,0.208,1420.3342,1135.95,0.64767164,0.44,-0.54119984,0.84089401
4314902,2021-12-05,1,5,774.2,0,development,1,1,3,1,1,1,,1.75,7,0.95742711,3,1.5,12,0.75592895,3,0,0,2,0,,61.8,0,32,22.06,20.26,22.75,71.57,65.31,69.4225,2.1,1.99,1.72,1,1,1,0.23883284,0.195,0.76325075,0.208,1420.3342,1135.95,0.64767164,0.44,-0.43626522,0.89981813
4314902,2021-12-12,2,4,774.2,0,development,1,1,1,2,1,0,,1.75,7,0.95742711,3,1.625,13,0.74402381,3,1,0.5,1,0,,14.8,13,32.45,24.47,21.84,23.4075,79.25,71.04,71.475,1.99,1.33,1.885,2,0.5,0.5,0.23883284,0.195,0.76325075,0.208,1420.3342,1135.95,0.64767164,0.44,-0.32501202,0.94570989
4314902,2021-12-19,2,4,774.2,0,development,1,2,1,3,2,1,,1.5,6,0.57735027,2,1.625,13,0.74402381,3,0,0,-1,-0.25,,1.2,42.4,22.15,25.05,24.16,23.63,68.57,65.01,72.365,1.59,1.55,1.895,2,0.5,0.5,0.23883284,0.195,0.76325075,0.208,1420.3342,1135.95,0.64767164,0.44,-0.20905157,0.97790462
4314902,2021-12-26,1,3,774.2,0,development,1,2,2,1,1,5,,1.5,6,0.57735027,2,1.625,13,0.74402381,3,-1,-0.33333333,-1,0,,0,10.8,19.45,26.5,22.94,24.52,67.34,70.07,71.6825,1.72,1.9,1.85,1,1,1,0.23883284,0.195,0.76325075,0.208,1420.3342,1135.95,0.64767164,0.44,-0.090063355,0.99593604
4314902,2022-01-02,0,4,774.2,0,development,,1,2,1,1,0,0,1.25,5,0.95742711,2,1.5,12,0.9258201,3,-1,-0.5,0,-0.25,0,66.6,61.8,20.65,25.33,22.06,25.3375,73.34,71.57,72.125,1.7,2.1,1.75,0,,,0.23883284,0.195,0.76325075,0.208,1420.3342,1135.95,0.64767164,0.44,0.034398767,0.99940819
4314902,2022-01-09,1,3,774.2,0,development,1,0,1,2,2,1,2,1,4,0.81649658,2,1.375,11,0.91612538,3,1,1,2,-0.25,-1,0,14.8,16.95,27.11,24.47,25.9975,67.46,79.25,69.1775,1.78,1.99,1.6975,1,1,1,0.23883284,0.195,0.76325075,0.208,1420.3342,1135.95,0.64767164,0.44,0.15420719,0.98803853
4314902,2022-01-16,2,3,774.2,0,development,1,1,0,2,3,1,0,1,4,0.81649658,2,1.25,10,0.70710678,2,1,0.5,0,0,2,51.4,1.2,29.5,29.5,25.05,27.11,72.25,68.57,70.0975,1.46,1.59,1.665,2,0.5,0.5,0.23883284,0.195,0.76325075,0.208,1420.3342,1135.95,0.64767164,0.44,0.27178218,0.96235879
4314902,2022-01-23,0,14,774.2,0,development,,2,1,1,1,2,2,0.75,3,0.95742711,2,1.125,9,0.83452296,2,-2,-0.66666667,-3,-0.25,-2,74.8,0,48.2,27.02,26.5,27.24,73.23,67.34,71.57,1.59,1.72,1.6325,0,,,0.23883284,0.195,0.76325075,0.208,1420.3342,1135.95,0.64767164,0.44,0.38542086,0.9227409
4314902,2022-01-30,1,27,774.2,0,development,1,0,2,0,1,1,2,1,4,0.81649658,2,1.125,9,0.83452296,2,1,1,3,0.25,-1,8.4,66.6,33.65,26.84,25.33,27.6175,72.2,73.34,71.285,1.54,1.7,1.5925,1,1,1,0.23883284,0.195,0.76325075,0.208,1420.3342,1135.95,0.64767164,0.44,0.49347736,0.86975864
4314902,2022-02-06,0,143,774.2,0,development,,1,0,1,2,1,2,0.75,3,0.95742711,2,0.875,7,0.83452296,2,-1,-0.5,-2,-0.25,-2,0,0,33.65,25.06,27.11,27.105,67.76,67.46,71.36,1.67,1.78,1.565,0,,,0.23883284,0.195,0.76325075,0.208,1420.3342,1135.95,0.64767164,0.44,0.59438667,0.80417939
4314902,2022-02-13,2,404,774.2,0,development,1,0,1,2,2,2,1,0.75,3,0.95742711,2,0.875,7,0.83452296,2,2,2,3,0,1,2.8,51.4,21.5,25.05,29.5,25.9925,69.08,72.25,70.5675,1.5,1.46,1.575,2,0.5,0.5,0.23883284,0.195,0.76325075,0.208,1420.3342,1135.95,0.64767164,0.44,0.68668728,0.72695294
4314902,2022-02-20,11,779,774.2,1,development,1,2,0,0,1,3,2,3.5,14,5.0662281,11,2.125,17,3.6815175,11,9,3,7,2.75,9,7.4,74.8,4.65,27.19,27.02,26.035,72.74,73.23,70.445,1.39,1.59,1.525,8,0.15702479,0.27272727,0.23883284,0.195,0.76325075,0.208,1420.3342,1135.95,0.64767164,0.44,0.76904237,0.6391978
4314902,2022-02-27,14,1237,774.2,1,development,1,11,2,1,0,1,0,6.75,27,6.8007353,14,3.875,31,5.4363197,14,3,0.25,-6,3.25,14,13.6,8.4,5.95,26.91,26.84,26.0525,75.68,72.2,71.315,1.27,1.54,1.4575,8,0.16326531,0.28571429,0.23883284,0.195,0.76325075,0.208,1420.3342,1135.95,0.64767164,0.44,0.84025918,0.54218494
4314902,2022-03-06,116,1665,774.2,1,development,1,14,11,0,1,1,0,35.75,143,53.742441,116,18.25,146,39.852406,116,102,6.8,99,29,116,90.6,0,28.6,24.78,25.06,25.9825,82.66,67.76,75.04,1.42,1.67,1.395,24,0.10894768,0.18965517,0.23883284,0.195,0.76325075,0.208,1420.3342,1135.95,0.64767164,0.44,0.89930623,0.43731945
4314902,2022-03-13,263,1915,774.2,1,development,1,116,14,2,2,2,4,101,404,118.51582,263,50.875,407,94.295035,263,147,1.2564103,45,65.25,259,8.2,2.8,29.95,23.06,25.05,25.485,80.8,69.08,77.97,1.43,1.5,1.3775,42,0.09126921,0.20532319,0.23883284,0.195,0.76325075,0.208,1420.3342,1135.95,0.64767164,0.44,0.94532834,0.32612011
4314902,2022-03-20,386,2515,774.2,1,development,1,263,116,11,0,2,3,194.75,779,163.40823,386,99.125,793,148.00428,386,123,0.46590909,-24,93.75,383,33,7.4,36.35,21.48,27.19,24.0575,72.55,72.74,77.9225,1.68,1.39,1.45,62,0.066149427,0.1865285,0.23883284,0.195,0.76325075,0.208,1420.3342,1135.95,0.64767164,0.44,0.97765895,0.21019747
4314902,2022-03-27,472,2747,774.2,1,development,1,386,263,14,1,1,0,309.25,1237,154.77161,472,158,1264,190.86794,472,86,0.22222222,-37,114.5,472,55.4,13.6,46.8,20.71,26.91,22.5075,70.91,75.68,76.73,1.37,1.27,1.475,79,0.057661232,0.16737288,0.23883284,0.195,0.76325075,0.208,1420.3342,1135.95,0.64767164,0.44,0.99582981,0.09123047
4314902,2022-04-03,544,2609,774.2,1,development,1,472,386,116,0,0,3,416.25,1665,120.87011,544,226,1808,221.05397,544,72,0.15221987,-14,107,541,52.6,90.6,37.3,20.93,24.78,21.545,86.14,82.66,77.6,1.15,1.42,1.4075,90,0.031445988,0.090073529,0.23883284,0.195,0.76325075,0.208,1420.3342,1135.95,0.64767164,0.44,0.99957773,-0.029057851
4314902,2022-04-10,513,2369,774.2,1,development,1,544,472,263,2,1,17,478.75,1915,68.504866,544,289.875,2319,220.90944,544,-31,-0.056880734,-103,62.5,496,2.4,8.2,35.85,20.76,23.06,20.97,77.32,80.8,76.73,1.16,1.43,1.34,90,0.046840623,0.11890838,0.23883284,0.195,0.76325075,0.208,1420.3342,1135.95,0.64767164,0.44,0.98884845,-0.14892532
4314902,2022-04-17,986,1711,774.2,1,development,1,513,544,386,11,2,12,628.75,2515,239.98524,986,411.75,3294,299.90415,986,473,0.92023346,504,150,974,0.8,33,27.8,20.66,21.48,20.765,75.26,72.55,77.4075,1.24,1.68,1.23,127,0.029452909,0.094320487,0.23883284,0.195,0.76325075,0.208,1420.3342,1135.95,0.64767164,0.44,0.96379735,-0.26663585
4314902,2022-04-24,704,1144,774.2,1,development,1,986,513,472,14,0,10,686.75,2747,216.34444,986,498,3984,266.53598,986,-282,-0.28571429,-755,58,694,57.2,55.4,28.25,20.63,20.71,20.745,79.42,70.91,79.535,1.24,1.37,1.1975,127,0.028514011,0.076704545,0.23883284,0.195,0.76325075,0.208,1420.3342,1135.95,0.64767164,0.44,0.92478725,-0.38048461
4314902,2022-05-01,406,845,774.2,1,development,1,704,986,544,116,1,18,652.25,2609,254.35982,986,534.25,4274,223.38867,986,-298,-0.42269504,-16,-34.5,388,68.2,52.6,32.15,17.66,20.93,19.9275,86.49,86.14,79.6225,1.3,1.15,1.235,98,0.040185396,0.12315271,0.23883284,0.195,0.76325075,0.208,1420.3342,1135.95,0.64767164,0.44,0.87238316,-0.48882268
4314902,2022-05-08,273,666,774.2,0,development,1,406,704,513,263,0,14,592.25,2369,318.40056,986,535.5,4284,221.67544,986,-133,-0.32678133,165,-60,259,16.2,2.4,35.6,17.41,20.76,19.09,83.8,77.32,81.2425,0.94,1.16,1.18,58,0.078721035,0.21978022,0.23883284,0.195,0.76325075,0.208,1420.3342,1135.95,0.64767164,0.44,0.80734406,-0.59008098
4314902,2022-05-15,328,366,774.2,0,development,1,273,406,986,386,2,10,427.75,1711,192.0805,704,528.25,4226,228.11823,986,55,0.20072993,188,-164.5,318,40.4,0.8,45.5,13.7,20.66,17.35,83.55,75.26,83.315,1.89,1.24,1.3425,62,0.21198319,0.44207317,0.23883284,0.195,0.76325075,0.208,1420.3342,1135.95,0.64767164,0.44,0.73061194,-0.68279294
4314902,2022-05-22,137,263,774.2,0,development,1,328,273,704,472,11,6,286,1144,113.33431,406,486.375,3891,267.30129,986,-191,-0.58054711,-246,-141.75,131,19,57.2,35.95,17.91,20.63,16.67,85.18,79.42,84.755,0.9,1.24,1.2575,38,0.11321861,0.27737226,0.23883284,0.195,0.76325075,0.208,1420.3342,1135.95,0.64767164,0.44,0.64329812,-0.76561579
4314902,2022-05-29,107,175,774.2,0,development,1,137,328,406,544,14,6,211.25,845,106.18341,328,431.75,3454,296.8606,986,-30,-0.2173913,161,-74.75,101,10,68.2,21.4,12.04,17.66,15.265,80.45,86.49,83.245,1.02,1.3,1.1875,45,0.04375928,0.08411215,0.23883284,0.195,0.76325075,0.208,1420.3342,1135.95,0.64767164,0.44,0.5466672,-0.83734997
4314902,2022-06-05,94,98,774.2,0,development,1,107,137,273,513,116,1,166.5,666,109.16196,328,379.375,3035,316.77208,986,-13,-0.12037037,17,-44.75,93,30.8,16.2,25.05,15.15,17.41,14.7,85.17,83.8,83.5875,1.21,0.94,1.255,36,0.080126754,0.17021277,0.23883284,0.195,0.76325075,0.208,1420.3342,1135.95,0.64767164,0.44,0.44211873,-0.89695654
4314902,2022-06-12,28,97,774.2,0,development,1,94,107,328,986,263,6,91.5,366,46.003623,137,259.625,2077,221.41166,704,-66,-0.69473684,-53,-75,22,36.8,40.4,24.15,14.01,13.7,14.7775,78.04,83.55,82.21,1.24,1.89,1.0925,14,0.10714286,0.17857143,0.23883284,0.195,0.76325075,0.208,1420.3342,1135.95,0.64767164,0.44,0.3311669,-0.94357219
4314902,2022-06-19,34,79,774.2,0,development,1,28,94,137,704,386,3,65.75,263,40.549353,107,175.875,1407,141.66705,406,6,0.20689655,72,-25.75,31,20.2,19,24.45,13.61,17.91,13.7025,89.43,85.18,83.2725,0.94,0.9,1.1025,19,0.096885813,0.23529412,0.23883284,0.195,0.76325075,0.208,1420.3342,1135.95,0.64767164,0.44,0.21541867,-0.97652178
4314902,2022-06-26,19,69,774.2,0,development,1,34,28,107,406,472,4,43.75,175,34.062443,94,127.5,1020,115.52242,328,-15,-0.42857143,-21,-22,15,11.4,10,24.8,14.76,12.04,14.3825,82.91,80.45,83.8875,1.16,1.02,1.1375,16,0.069252078,0.10526316,0.23883284,0.195,0.76325075,0.208,1420.3342,1135.95,0.64767164,0.44,0.096550471,-0.99532809
4314902,2022-07-03,17,64,774.2,0,development,1,19,34,94,273,544,2,24.5,98,7.9372539,34,95.5,764,104.3798,328,-2,-0.1,13,-19.25,15,10,30.8,19.6,17.58,15.15,14.99,86.34,85.17,84.18,1.2,1.21,1.135,12,0.093425606,0.11764706,0.23883284,0.195,0.76325075,0.208,1420.3342,1135.95,0.64767164,0.44,-0.023716105,-0.99971873
4314902,2022-07-10,27,43,774.2,0,development,1,17,19,28,328,513,1,24.25,97,7.804913,34,57.875,463,47.172745,137,10,0.55555556,12,-0.25,26,99.8,36.8,35.35,17.78,14.01,15.9325,83.1,78.04,85.445,1.33,1.24,1.1575,20,0.058984911,0.11111111,0.23883284,0.195,0.76325075,0.208,1420.3342,1135.95,0.64767164,0.44,-0.14363919,-0.98963012
4314902,2022-07-17,16,31,774.2,0,development,1,27,17,34,137,986,2,19.75,79,4.9916597,27,42.75,342,36.330821,107,-11,-0.39285714,-21,-4.5,14,15.8,20.2,34.25,17.19,13.61,16.8275,83.6,89.43,83.9875,1.2,0.94,1.2225,16,0.0625,0.0625,0.23883284,0.195,0.76325075,0.208,1420.3342,1135.95,0.64767164,0.44,-0.26148191,-0.96520838
4314902,2022-07-24,9,25,774.2,0,development,1,16,27,19,107,704,2,17.25,69,7.410578,27,30.5,244,26.859422,94,-7,-0.41176471,4,-2.5,7,24.4,11.4,37.5,18.81,14.76,17.84,84.26,82.91,84.325,1.14,1.16,1.2175,8,0.13580247,0.22222222,0.23883284,0.195,0.76325075,0.208,1420.3342,1135.95,0.64767164,0.44,-0.37553749,-0.9268072
4314902,2022-07-31,12,14,774.2,0,development,1,9,16,17,94,406,0,16,64,7.8740079,27,20.25,162,8.6147714,34,3,0.3,10,-1.25,12,21,10,40.25,15.98,17.58,17.44,84.54,86.34,83.875,1.32,1.2,1.2475,9,0.125,0.16666667,0.23883284,0.195,0.76325075,0.208,1420.3342,1135.95,0.64767164,0.44,-0.48415405,-0.87498278
4314902,2022-08-07,6,10,774.2,0,development,1,12,9,27,28,273,3,10.75,43,4.2720019,16,17.5,140,9.2736185,34,-6,-0.46153846,-9,-5.25,3,29.8,99.8,22.75,15.24,17.78,16.805,84.22,83.1,84.155,1.62,1.33,1.32,4,0.33333333,0.5,0.23883284,0.195,0.76325075,0.208,1420.3342,1135.95,0.64767164,0.44,-0.58575844,-0.81048569
4314902,2022-08-14,4,8,774.2,0,development,1,6,12,16,34,328,0,7.75,31,3.5,12,13.75,110,7.5545634,27,-2,-0.28571429,4,-3,4,40,15.8,28.8,15.25,17.19,16.32,78.71,83.6,82.9325,1.31,1.2,1.3475,2,0.625,0.75,0.23883284,0.195,0.76325075,0.208,1420.3342,1135.95,0.64767164,0.44,-0.6788791,-0.73425007
4314902,2022-08-21,3,7,774.2,0,development,1,4,6,9,19,137,2,6.25,25,4.0311289,12,11.75,94,8.0666863,27,-1,-0.2,1,-1.5,1,0,24.4,22.7,19.07,18.81,16.385,72.84,84.26,80.0775,1.09,1.14,1.335,3,0.33333333,0.33333333,0.23883284,0.195,0.76325075,0.208,1420.3342,1135.95,0.64767164,0.44,-0.76216734,-0.64738007
4314902,2022-08-28,1,8,774.2,0,development,1,3,4,12,17,107,0,3.5,14,2.081666,6,9.75,78,8.5481828,27,-2,-0.5,-1,-2.75,1,24.6,21,23.6,15.34,15.98,16.225,71.96,84.54,76.9325,1.46,1.32,1.37,1,1,1,0.23883284,0.195,0.76325075,0.208,1420.3342,1135.95,0.64767164,0.44,-0.83441685,-0.55113385
4314902,2022-09-04,2,6,774.2,0,development,1,1,3,6,27,94,1,2.5,10,1.2909944,4,6.625,53,5.289815,16,1,0.5,3,-1,1,20.8,29.8,21.35,17.31,15.24,16.7425,75.13,84.22,74.66,1.39,1.62,1.3125,2,0.5,0.5,0.23883284,0.195,0.76325075,0.208,1420.3342,1135.95,0.64767164,0.44,-0.89458123,-0.44690538
4314902,2022-09-11,2,4,774.2,0,development,1,2,1,4,16,28,0,2,8,0.81649658,3,4.875,39,3.8706773,12,0,0,-1,-0.5,2,4,40,12.35,16.96,15.25,17.17,77.1,78.71,74.2575,1.61,1.31,1.3875,2,0.5,0.5,0.23883284,0.195,0.76325075,0.208,1420.3342,1135.95,0.64767164,0.44,-0.9417891,-0.33620423
4314902,2022-09-18,2,4,774.2,0,development,1,2,2,3,9,34,1,1.75,7,0.5,2,4,32,3.5856858,12,0,0,0,-0.25,1,30,0,19.85,16.49,19.07,16.525,76.44,72.84,75.1575,1.69,1.09,1.5375,2,0.5,0.5,0.23883284,0.195,0.76325075,0.208,1420.3342,1135.95,0.64767164,0.44,-0.97535673,-0.22063373
4314902,2022-09-25,2,2,774.2,0,development,1,2,2,1,12,19,5,2,8,0,2,2.75,22,1.5811388,6,0,0,0,0.25,-3,6.8,24.6,15.4,18.66,15.34,17.355,75.85,71.96,76.13,1.54,1.46,1.5575,2,0.5,0.5,0.23883284,0.195,0.76325075,0.208,1420.3342,1135.95,0.64767164,0.44,-0.99479795,-0.10186771
4314902,2022-10-02,0,2,774.2,0,development,,2,2,2,6,17,0,1.5,6,1,2,2,16,1.1952286,4,-2,-0.66666667,-2,-0.5,0,17.4,20.8,14.55,18.41,17.31,17.63,75.91,75.13,76.325,1.51,1.39,1.5875,0,,,0.23883284,0.195,0.76325075,0.208,1420.3342,1135.95,0.64767164,0.44,-0.99983119,0.018373682
4314902,2022-10-09,0,5,774.2,0,development,,0,2,2,4,27,1,1,4,1.1547005,2,1.5,12,1.069045,3,0,0,2,-0.5,-1,12,4,16.55,17.34,16.96,17.725,77.22,77.1,76.355,1.82,1.61,1.64,0,,,0.23883284,0.195,0.76325075,0.208,1420.3342,1135.95,0.64767164,0.44,-0.99038354,0.13834897
4314902,2022-10-16,2,11,774.2,0,development,1,0,0,2,3,16,1,1,4,1.1547005,2,1.375,11,0.91612538,2,2,2,2,0,1,2.8,30,9.75,21.18,16.49,18.8975,80.1,76.44,77.27,1.68,1.69,1.6375,2,0.5,0.5,0.23883284,0.195,0.76325075,0.208,1420.3342,1135.95,0.64767164,0.44,-0.96659185,0.2563205
4314902,2022-10-23,0,20,774.2,0,development,,2,0,2,1,9,2,0.5,2,1,2,1.25,10,1.0350983,2,-2,-0.66666667,-4,-0.5,-2,11,6.8,10.8,22.54,18.66,19.8675,67.99,75.85,75.305,1.61,1.54,1.655,0,,,0.23883284,0.195,0.76325075,0.208,1420.3342,1135.95,0.64767164,0.44,-0.92880069,0.37057966
4314902,2022-10-30,0,27,774.2,0,development,,0,2,0,2,12,1,0.5,2,1,2,1,8,1.069045,2,0,0,2,0,-1,53,17.4,19.7,18.67,18.41,19.9325,67.67,75.91,73.245,1.82,1.51,1.7325,0,,,0.23883284,0.195,0.76325075,0.208,1420.3342,1135.95,0.64767164,0.44,-0.8775574,0.47947159
4314902,2022-11-06,3,36,774.2,0,development,1,0,0,0,2,6,1,1.25,5,1.5,3,1.125,9,1.2464235,3,3,3,3,0.75,2,12.4,12,19.8,20.09,17.34,20.62,78.06,77.22,73.455,1.6,1.82,1.6775,3,0.33333333,0.33333333,0.23883284,0.195,0.76325075,0.208,1420.3342,1135.95,0.64767164,0.44,-0.81360417,0.58141918
4314902,2022-11-13,8,36,774.2,0,development,1,3,0,2,2,4,2,2.75,11,3.7749172,8,1.875,15,2.7483761,8,5,1.25,2,1.5,6,18.2,2.8,23.65,23.79,21.18,21.2725,63.41,80.1,69.2825,1.56,1.68,1.6475,8,0.125,0.125,0.23883284,0.195,0.76325075,0.208,1420.3342,1135.95,0.64767164,0.44,-0.73786724,0.67494588
4314902,2022-11-20,9,27,774.2,0,development,1,8,3,0,2,3,3,5,20,4.2426407,9,2.75,22,3.7321001,9,1,0.11111111,-4,2.25,6,20.8,11,26.1,23.5,22.54,21.5125,71.78,67.99,70.23,1.5,1.61,1.62,9,0.11111111,0.11111111,0.23883284,0.195,0.76325075,0.208,1420.3342,1135.95,0.64767164,0.44,-0.65144353,0.75869712
4314902,2022-11-27,7,21,774.2,0,development,1,9,8,0,0,1,1,6.75,27,2.6299556,9,3.625,29,3.8149143,9,-2,-0.2,-3,1.75,6,3.2,53,13.65,25.73,18.67,23.2775,75.36,67.67,72.1525,2.16,1.82,1.705,7,0.14285714,0.14285714,0.23883284,0.195,0.76325075,0.208,1420.3342,1135.95,0.64767164,0.44,-0.55558476,0.83145991
4314902,2022-12-04,12,9,774.2,0,development,1,7,9,3,0,2,1,9,36,2.1602469,12,5.125,41,4.4860896,12,5,0.625,7,2.25,11,5.2,12.4,11.85,26.44,20.09,24.865,74.58,78.06,71.2825,1.52,1.6,1.685,9,0.13888889,0.25,0.23883284,0.195,0.76325075,0.208,1420.3342,1135.95,0.64767164,0.44,-0.45167927,0.89218038
4314902,2022-12-11,8,3,774.2,0,development,1,12,7,8,2,2,2,9,36,2.1602469,12,5.875,47,4.3895167,12,-4,-0.30769231,-9,0,6,21.6,18.2,12.7,24.48,23.79,25.0375,66.67,63.41,72.0975,1.71,1.56,1.7225,8,0.125,0.125,0.23883284,0.195,0.76325075,0.208,1420.3342,1135.95,0.64767164,0.44,-0.34123196,0.93997912
4314902,2022-12-18,0,6,774.2,0,development,,8,12,9,0,2,2,6.75,27,4.9916597,12,5.875,47,4.3895167,12,-8,-0.88888889,-4,-2.25,-2,7.4,20.8,9.35,24.05,23.5,25.175,69.45,71.78,71.515,2.27,1.5,1.915,0,,,0.23883284,0.195,0.76325075,0.208,1420.3342,1135.95,0.64767164,0.44,-0.22584248,0.97416383
4314902,2022-12-25,1,5,774.2,0,development,1,0,8,7,0,2,1,5.25,21,5.7373048,12,6,48,4.2088342,12,1,1,9,-1.5,0,26.8,3.2,15.25,24.36,25.73,24.8325,65.98,75.36,69.17,1.48,2.16,1.745,1,1,1,0.23883284,0.195,0.76325075,0.208,1420.3342,1135.95,0.64767164,0.44,-0.10718205,0.99423941
4314902,2023-01-01,0,5,774.2,0,development,,1,0,12,3,0,0,2.25,9,3.8622101,8,5.625,45,4.6271713,12,-1,-0.5,-2,-3,0,10.2,5.2,16.5,26.37,26.44,24.815,64.3,74.58,66.6,1.7,1.52,1.79,0,,,0.23883284,0.195,0.76325075,0.208,1420.3342,1135.95,0.64767164,0.44,0.017201929,0.99985204
4314902,2023-01-08,2,4,774.2,0,development,1,0,1,8,8,0,1,0.75,3,0.95742711,2,4.875,39,4.6732522,12,2,2,3,-1.5,1,15.4,21.6,14.95,26.61,24.48,25.3475,66.69,66.67,66.605,1.58,1.71,1.7575,2,0.5,0.5,0.23883284,0.195,0.76325075,0.208,1420.3342,1135.95,0.64767164,0.44,0.1371882,0.990545
4314902,2023-01-15,3,9,774.2,0,development,1,2,0,0,9,2,2,1.5,6,1.2909944,3,4.125,33,4.3895167,12,1,0.33333333,-1,0.75,1,10,7.4,15.6,26.76,24.05,26.025,76.21,69.45,68.295,1.99,2.27,1.6875,2,0.55555556,0.66666667,0.23883284,0.195,0.76325075,0.208,1420.3342,1135.95,0.64767164,0.44,0.25518754,0.96689158
4314902,2023-01-22,0,12,774.2,0,development,,3,2,1,7,0,0,1.25,5,1.5,3,3.25,26,4.4320263,12,-3,-0.75,-4,-0.25,0,17.6,26.8,13.3,29.12,24.36,27.215,69.61,65.98,69.2025,1.43,1.48,1.675,0,,,0.23883284,0.195,0.76325075,0.208,1420.3342,1135.95,0.64767164,0.44,0.3694909,0.92923435
4314902,2023-01-29,0,24,774.2,0,development,,0,3,0,12,0,1,1.25,5,1.5,3,1.75,14,2.7645718,8,0,0,3,0,-1,13.6,10.2,14.15,27.42,26.37,27.4775,74.29,64.3,71.7,1.48,1.7,1.62,0,,,0.23883284,0.195,0.76325075,0.208,1420.3342,1135.95,0.64767164,0.44,0.47844282,0.87811871
4314902,2023-02-05,1,52,774.2,0,development,1,0,0,2,8,3,0,1,4,1.4142136,3,0.875,7,1.1259916,3,1,1,1,-0.25,1,0.2,15.4,10.35,27.35,26.61,27.6625,64.98,66.69,71.2725,1.45,1.58,1.5875,1,1,1,0.23883284,0.195,0.76325075,0.208,1420.3342,1135.95,0.64767164,0.44,0.58046528,0.814285
4314902,2023-02-12,8,104,774.2,0,development,1,1,0,3,0,8,2,2.25,9,3.8622101,8,1.875,15,2.6958964,8,7,3.5,6,1.25,6,73.8,10,26.3,25.89,26.76,27.445,68.34,76.21,69.305,1.58,1.99,1.485,6,0.1875,0.25,0.23883284,0.195,0.76325075,0.208,1420.3342,1135.95,0.64767164,0.44,0.67408068,0.73865773
4314902,2023-02-19,3,241,774.2,0,development,1,8,1,0,1,9,11,3,12,3.5590261,8,2.125,17,2.6958964,8,-5,-0.55555556,-12,0.75,-8,28.8,17.6,29.1,23.15,29.12,25.9525,77.53,69.61,71.285,1.32,1.43,1.4575,3,0.33333333,0.33333333,0.23883284,0.195,0.76325075,0.208,1420.3342,1135.95,0.64767164,0.44,0.75793315,0.65233223
4314902,2023-02-26,12,435,774.2,0,development,1,3,8,0,0,7,14,6,24,4.9665548,12,3.625,29,4.2405357,12,9,2.25,14,3,-2,9.8,13.6,28.15,26.06,27.42,25.6125,76.66,74.29,71.8775,1.06,1.48,1.3525,10,0.11111111,0.16666667,0.23883284,0.195,0.76325075,0.208,1420.3342,1135.95,0.64767164,0.44,0.83080822,0.5565588
4314902,2023-03-05,29,686,774.2,0,development,1,12,3,1,2,12,116,13,52,11.284207,29,7,56,9.8270763,29,17,1.3076923,8,7,-87,19.6,0.2,33,26.64,27.35,25.435,80.55,64.98,75.77,1.4,1.45,1.34,16,0.091557669,0.17241379,0.23883284,0.195,0.76325075,0.208,1420.3342,1135.95,0.64767164,0.44,0.89165043,0.45272454
4314902,2023-03-12,60,1072,774.2,1,development,1,29,12,8,3,8,263,26,104,25.099801,60,14.125,113,20.917781,60,31,1.0333333,14,13,-203,0,73.8,14.55,28.19,25.89,26.01,70.52,68.34,76.315,1.57,1.58,1.3375,16,0.12,0.18333333,0.23883284,0.195,0.76325075,0.208,1420.3342,1135.95,0.64767164,0.44,0.93957857,0.34233333
4314902,2023-03-19,140,1467,774.2,1,development,1,60,29,3,0,0,386,60.25,241,56.758993,140,31.625,253,48.192879,140,80,1.3114754,49,34.25,-246,27.8,28.8,14.3,26.51,23.15,26.85,75.73,77.53,75.865,1.42,1.32,1.3625,35,0.075408163,0.13571429,0.23883284,0.195,0.76325075,0.208,1420.3342,1135.95,0.64767164,0.44,0.97389849,0.22698399
4314902,2023-03-26,206,1859,774.2,1,development,1,140,60,12,0,1,472,108.75,435,79.939039,206,57.375,459,75.932183,206,66,0.46808511,-14,48.5,-266,32.6,9.8,20,24.05,26.06,26.3475,72.92,76.66,74.93,1.45,1.06,1.46,38,0.11414836,0.24271845,0.23883284,0.195,0.76325075,0.208,1420.3342,1135.95,0.64767164,0.44,0.99411312,0.10834716
4314902,2023-04-02,280,2145,774.2,1,development,1,206,140,29,1,0,544,171.5,686,93.785216,280,92.25,738,104.89008,280,74,0.35748792,8,62.75,-264,0,19.6,15.1,21.7,26.64,25.1125,74.02,80.55,73.2975,1.45,1.4,1.4725,40,0.081683673,0.175,0.23883284,0.195,0.76325075,0.208,1420.3342,1135.95,0.64767164,0.44,0.99992968,-0.011858886
4314902,2023-04-09,446,2427,774.2,1,development,1,280,206,60,8,2,513,268,1072,131.72699,446,147,1176,156.33024,446,166,0.59074733,92,96.5,-67,10.4,0,17.7,23.36,28.19,23.905,72.82,70.52,73.8725,1.36,1.57,1.42,45,0.087112148,0.20852018,0.23883284,0.195,0.76325075,0.208,1420.3342,1135.95,0.64767164,0.44,0.99126393,-0.13189318
4314902,2023-04-16,535,2371,774.2,1,development,1,446,280,140,3,3,986,366.75,1467,150.50443,535,213.5,1708,194.75406,535,89,0.19910515,-77,98.75,-451,13.6,27.8,14.15,19.11,26.51,22.055,73.2,75.73,73.24,1.34,1.42,1.4,54,0.067153463,0.13271028,0.23883284,0.195,0.76325075,0.208,1420.3342,1135.95,0.64767164,0.44,0.96824139,-0.25001722
4314902,2023-04-23,598,2259,774.2,1,development,1,535,446,206,12,0,704,464.75,1859,138.05162,598,286.75,2294,217.06401,598,63,0.11753731,-26,98,-106,11.2,32.6,8.8,21.41,24.05,21.395,75.12,72.92,73.79,1.12,1.45,1.3175,67,0.063013837,0.15886288,0.23883284,0.195,0.76325075,0.208,1420.3342,1135.95,0.64767164,0.44,0.93119549,-0.36452018
4314902,2023-04-30,566,2145,774.2,1,development,1,598,535,280,29,0,406,536.25,2145,65.433809,598,353.875,2831,208.84611,598,-32,-0.053422371,-95,71.5,160,77.6,0,28.2,20.48,21.7,21.09,88.34,74.02,77.37,1.25,1.45,1.2675,66,0.057979248,0.1590106,0.23883284,0.195,0.76325075,0.208,1420.3342,1135.95,0.64767164,0.44,0.88066278,-0.47374368
4314902,2023-05-07,728,1624,774.2,1,development,1,566,598,446,60,1,273,606.75,2427,84.826784,728,437.375,3499,208.10227,728,162,0.28571429,194,70.5,455,25.6,10.4,32,18.22,23.36,19.805,81.18,72.82,79.46,1.18,1.36,1.2225,94,0.047337278,0.14010989,0.23883284,0.195,0.76325075,0.208,1420.3342,1135.95,0.64767164,0.44,0.81737514,-0.57610579
4314902,2023-05-14,479,1358,774.2,1,development,1,728,566,535,140,8,328,592.75,2371,103.2388,728,479.75,3838,169.90817,728,-249,-0.34156379,-411,-14,151,0.6,13.6,28.75,18.26,19.11,19.5925,78.17,73.2,80.7025,0.9,1.34,1.1125,69,0.042873767,0.13152401,0.23883284,0.195,0.76325075,0.208,1420.3342,1135.95,0.64767164,0.44,0.74224919,-0.67012398
4314902,2023-05-21,486,1002,774.2,1,development,1,479,728,598,206,3,137,564.75,2259,115.76809,728,514.75,4118,129.49435,728,7,0.014583333,256,-28,349,2.8,11.2,26.65,21.38,21.41,19.585,77.27,75.12,81.24,0.96,1.12,1.0725,71,0.05884943,0.14814815,0.23883284,0.195,0.76325075,0.208,1420.3342,1135.95,0.64767164,0.44,0.656373,-0.75443653
4314902,2023-05-28,452,623,774.2,0,development,1,486,479,566,280,12,107,536.25,2145,128.67109,728,536.25,4290,94.501323,728,-34,-0.069815195,-41,-28.5,345,0.4,77.6,7.35,17.86,20.48,18.93,76.04,88.34,78.165,1.04,1.25,1.02,71,0.0503857,0.13495575,0.23883284,0.195,0.76325075,0.208,1420.3342,1135.95,0.64767164,0.44,0.56099035,-0.82782234
4314902,2023-06-04,207,494,774.2,0,development,1,452,486,728,446,29,94,406,1624,133.47409,486,506.375,4051,149.10872,728,-245,-0.54083885,-211,-130.25,113,30.2,25.6,8.5,20.14,18.22,19.41,76.36,81.18,76.96,0.96,1.18,0.965,53,0.045391958,0.12560386,0.23883284,0.195,0.76325075,0.208,1420.3342,1135.95,0.64767164,0.44,0.45748269,-0.88921853
4314902,2023-06-11,213,328,774.2,0,development,1,207,452,479,535,60,28,339.5,1358,150.19654,486,466.125,3729,180.44504,728,6,0.028846154,251,-66.5,185,201,0.6,58.6,13.1,18.26,18.12,82.22,78.17,77.9725,1.81,0.9,1.1925,50,0.050012123,0.11267606,0.23883284,0.195,0.76325075,0.208,1420.3342,1135.95,0.64767164,0.44,0.34734916,-0.93773587
4314902,2023-06-18,130,244,774.2,0,development,1,213,207,486,598,140,34,250.5,1002,139.54808,452,407.625,3261,205.6814,728,-83,-0.38785047,-89,-89,96,11,2.8,60.65,15.71,21.38,16.7025,84.94,77.27,79.89,0.94,0.96,1.1875,34,0.069467456,0.13846154,0.23883284,0.195,0.76325075,0.208,1420.3342,1135.95,0.64767164,0.44,0.23218486,-0.97267168
4314902,2023-06-25,73,195,774.2,0,development,1,130,213,452,566,206,19,155.75,623,66.869899,213,346,2768,224.4498,728,-57,-0.4351145,26,-94.75,54,5.4,0.4,61.9,18.17,17.86,16.78,79.01,76.04,80.6325,1.01,1.04,1.18,33,0.15443798,0.36986301,0.23883284,0.195,0.76325075,0.208,1420.3342,1135.95,0.64767164,0.44,0.11365775,-0.99351996
4314902,2023-07-02,78,142,774.2,0,development,1,73,130,207,728,280,17,123.5,494,64.994872,213,264.75,2118,179.57549,486,5,0.067567568,62,-32.25,61,45,30.2,65.6,18.25,20.14,16.3075,82.89,76.36,82.265,1.13,0.96,1.2225,39,0.042406312,0.11538462,0.23883284,0.195,0.76325075,0.208,1420.3342,1135.95,0.64767164,0.44,-0.0065155057,-0.99997877
4314902,2023-07-09,47,113,774.2,0,development,1,78,73,213,479,446,27,82,328,34.765884,130,210.75,1686,170.67743,486,-31,-0.39240506,-36,-41.5,20,93.6,201,38.75,15.04,13.1,16.7925,85.48,82.22,83.08,1.74,1.81,1.205,26,0.059302852,0.12765957,0.23883284,0.195,0.76325075,0.208,1420.3342,1135.95,0.64767164,0.44,-0.12659439,-0.99195457
4314902,2023-07-16,46,89,774.2,0,development,1,47,78,130,486,535,16,61,244,16.872068,78,155.75,1246,136.85002,452,-1,-0.020833333,30,-21,30,10.2,11,38.55,15.54,15.71,16.75,74.65,84.94,80.5075,1.22,0.94,1.275,27,0.051039698,0.10869565,0.23883284,0.195,0.76325075,0.208,1420.3342,1135.95,0.64767164,0.44,-0.24483977,-0.96956355
4314902,2023-07-23,24,78,774.2,0,development,1,46,47,73,452,598,9,48.75,195,22.201727,78,102.25,818,73.47643,213,-22,-0.46808511,-21,-12.25,15,61.8,5.4,52.65,16.62,18.17,16.3625,82.29,79.01,81.3275,1.33,1.01,1.355,13,0.12152778,0.25,0.23883284,0.195,0.76325075,0.208,1420.3342,1135.95,0.64767164,0.44,-0.35953906,-0.93313004
4314902,2023-07-30,25,63,774.2,0,development,1,24,46,78,207,566,12,35.5,142,12.714821,47,79.5,636,63.970976,213,1,0.04,23,-13.25,13,0.2,45,41.45,18.17,18.25,16.3425,81.48,82.89,80.975,1.03,1.13,1.33,16,0.1168,0.28,0.23883284,0.195,0.76325075,0.208,1420.3342,1135.95,0.64767164,0.44,-0.46903102,-0.88318169
4314902,2023-08-06,18,51,774.2,0,development,1,25,24,47,213,728,6,28.25,113,12.230427,46,55.125,441,37.517377,130,-7,-0.26923077,-8,-7.25,12,62.2,93.6,33.6,18.79,15.04,17.28,75.12,85.48,78.385,1.47,1.74,1.2625,9,0.13580247,0.22222222,0.23883284,0.195,0.76325075,0.208,1420.3342,1135.95,0.64767164,0.44,-0.57172985,-0.82044194
4314902,2023-08-13,22,34,774.2,0,development,1,18,25,46,130,479,4,22.25,89,3.0956959,25,41.625,333,23.561091,78,4,0.21052632,11,-6,18,6.8,10.2,32.75,17.98,15.54,17.89,68.12,74.65,76.7525,1.25,1.22,1.27,13,0.099173554,0.18181818,0.23883284,0.195,0.76325075,0.208,1420.3342,1135.95,0.64767164,0.44,-0.66614813,-0.74581946
4314902,2023-08-20,13,27,774.2,0,development,1,22,18,24,73,486,3,19.5,78,5.1961524,25,34.125,273,21.616379,78,-9,-0.39130435,-13,-2.75,10,7.8,61.8,19.25,17.16,16.62,18.025,74.6,82.29,74.83,1.33,1.33,1.27,8,0.25443787,0.46153846,0.23883284,0.195,0.76325075,0.208,1420.3342,1135.95,0.64767164,0.44,-0.75091838,-0.66039503
4314902,2023-08-27,10,18,774.2,0,development,1,13,22,25,78,452,1,15.75,63,5.3150729,22,25.625,205,13.886659,47,-3,-0.21428571,6,-3.75,9,0.8,0.2,19.4,16.59,18.17,17.63,72.59,81.48,72.6075,1.17,1.03,1.305,7,0.16,0.2,0.23883284,0.195,0.76325075,0.208,1420.3342,1135.95,0.64767164,0.44,-0.82481282,-0.56540588
4314902,2023-09-03,6,29,774.2,0,development,1,10,13,18,47,207,2,12.75,51,6.8007353,22,20.5,164,12.351981,46,-4,-0.36363636,-1,-3,4,133.2,62.2,37.15,17.29,18.79,17.255,86.23,75.12,75.385,1.58,1.47,1.3325,5,0.22222222,0.33333333,0.23883284,0.195,0.76325075,0.208,1420.3342,1135.95,0.64767164,0.44,-0.88676123,-0.46222778
4314902,2023-09-10,5,66,774.2,0,development,1,6,10,22,46,213,2,8.5,34,3.6968455,13,15.375,123,7.9988839,25,-1,-0.14285714,3,-4.25,3,104.6,6.8,61.6,18.41,17.98,17.3625,79.38,68.12,78.2,1.57,1.25,1.4125,5,0.2,0.2,0.23883284,0.195,0.76325075,0.208,1420.3342,1135.95,0.64767164,0.44,-0.93586639,-0.35235507
4314902,2023-09-17,6,74,774.2,0,development,1,5,6,13,24,130,2,6.75,27,2.2173558,10,13.125,105,7.7540312,25,1,0.16666667,2,-1.75,4,84.6,7.8,80.8,22.67,17.16,18.74,83.32,74.6,80.38,1.36,1.33,1.42,4,0.33333333,0.5,0.23883284,0.195,0.76325075,0.208,1420.3342,1135.95,0.64767164,0.44,-0.97141709,-0.2373791
4314902,2023-09-24,1,158,774.2,0,development,1,6,5,10,25,73,2,4.5,18,2.3804761,6,10.125,81,7.1201425,22,-5,-0.71428571,-6,-2.25,-1,71.6,0.8,98.5,17.44,16.59,18.9525,85.65,72.59,83.645,1.9,1.17,1.6025,1,1,1,0.23883284,0.195,0.76325075,0.208,1420.3342,1135.95,0.64767164,0.44,-0.99289844,-0.11896509
4314902,2023-10-01,17,177,774.2,0,development,1,1,6,6,18,78,0,7.25,29,6.8495742,17,10,80,6.9693205,22,16,8,21,2.75,17,18.2,133.2,69.75,18.12,17.29,19.16,77.46,86.23,81.4525,1.46,1.58,1.5725,3,0.78546713,0.88235294,0.23883284,0.195,0.76325075,0.208,1420.3342,1135.95,0.64767164,0.44,-0.99999931,0.0011719389
4314902,2023-10-08,42,223,774.2,0,development,1,17,1,5,22,47,0,16.5,66,18.266545,42,12.5,100,12.928374,42,25,1.3888889,9,9.25,42,31.6,104.6,51.5,18.06,18.41,19.0725,79.33,79.38,81.44,1.59,1.57,1.5775,5,0.70181406,0.83333333,0.23883284,0.195,0.76325075,0.208,1420.3342,1135.95,0.64767164,0.44,-0.99261687,0.12129199
4314902,2023-10-15,14,245,774.2,0,development,1,42,17,6,13,46,2,18.5,74,17.136705,42,12.625,101,12.938729,42,-28,-0.65116279,-53,2,12,46,84.6,41.85,19.55,22.67,18.2925,77.6,83.32,80.01,1.82,1.36,1.6925,3,0.64285714,0.78571429,0.23883284,0.195,0.76325075,0.208,1420.3342,1135.95,0.64767164,0.44,-0.97085803,0.23965533
4314902,2023-10-22,85,261,774.2,0,development,1,14,42,1,10,24,0,39.5,158,32.827834,85,22,176,28.535692,85,71,4.7333333,99,21,85,11.4,71.6,26.8,21.66,17.44,19.3475,77.48,85.65,77.9675,1.31,1.9,1.545,2,0.9767474,0.98823529,0.23883284,0.195,0.76325075,0.208,1420.3342,1135.95,0.64767164,0.44,-0.93503794,0.35454766
4314902,2023-10-29,36,240,774.2,0,development,1,85,14,17,6,25,0,44.25,177,29.713914,85,25.75,206,28.100585,85,-49,-0.56976744,-120,4.75,36,66.4,18.2,38.85,21.05,18.12,20.08,80.41,77.46,78.705,2.26,1.46,1.745,5,0.70216049,0.83333333,0.23883284,0.195,0.76325075,0.208,1420.3342,1135.95,0.64767164,0.44,-0.88567539,0.46430496
4314902,2023-11-05,88,179,774.2,0,development,1,36,85,42,5,18,3,55.75,223,36.645827,88,36.125,289,34.03963,88,52,1.4054054,101,11.5,85,58.6,31.6,45.6,22.13,18.06,21.0975,73.76,79.33,77.3125,1.67,1.59,1.765,5,0.91167355,0.95454545,0.23883284,0.195,0.76325075,0.208,1420.3342,1135.95,0.64767164,0.44,-0.82348531,0.56733759
4314902,2023-11-12,36,156,774.2,0,development,1,88,36,14,6,22,8,61.25,245,29.181901,88,39.875,319,31.82738,88,-52,-0.58426966,-104,5.5,28,171.6,46,77,22.34,19.55,21.795,90.04,77.6,80.4225,1.24,1.82,1.62,4,0.75,0.86111111,0.23883284,0.195,0.76325075,0.208,1420.3342,1135.95,0.64767164,0.44,-0.74936843,0.66215327
4314902,2023-11-19,101,153,774.2,0,development,1,36,88,85,1,13,9,65.25,261,34.189423,101,52.375,419,33.945071,101,65,1.7567568,117,4,92,19.6,11.4,79.05,21.96,21.66,21.87,68.45,77.48,78.165,1.4,1.31,1.6425,3,0.94196647,0.97029703,0.23883284,0.195,0.76325075,0.208,1420.3342,1135.95,0.64767164,0.44,-0.6643982,0.74737878
4314902,2023-11-26,15,230,774.2,0,development,1,101,36,36,17,10,7,60,240,41.09339,101,52.125,417,34.248827,101,-86,-0.84313725,-151,-5.25,8,42.2,66.4,73,24.74,21.05,22.7925,78.86,80.41,77.7775,1.67,2.26,1.495,2,0.87555556,0.93333333,0.23883284,0.195,0.76325075,0.208,1420.3342,1135.95,0.64767164,0.44,-0.56980527,0.82177975
4314902,2023-12-03,27,210,774.2,0,development,1,15,101,88,42,6,12,44.75,179,38.474017,101,50.25,402,35.277472,101,12,0.75,98,-15.25,15,14.2,58.6,61.9,22.43,22.13,22.8675,80.66,73.76,79.5025,1.79,1.67,1.525,5,0.52263374,0.7037037,0.23883284,0.195,0.76325075,0.208,1420.3342,1135.95,0.64767164,0.44,-0.46695966,0.88427862
4314902,2023-12-10,13,231,774.2,0,development,1,27,15,36,14,5,8,39,156,41.793141,101,50.125,401,35.425727,101,-14,-0.5,-26,-5.75,5,9,171.6,21.25,26.96,22.34,24.0225,72.03,90.04,75,1.5,1.24,1.59,6,0.40828402,0.61538462,0.23883284,0.195,0.76325075,0.208,1420.3342,1135.95,0.64767164,0.44,-0.35735093,0.93397019
4314902,2023-12-17,98,160,774.2,0,development,1,13,27,101,85,6,0,38.25,153,40.310255,98,51.75,414,37.491904,101,85,6.0714286,99,-0.75,98,9.8,19.6,18.8,27.59,21.96,25.43,76.18,68.45,76.9325,1.44,1.4,1.6,4,0.94002499,0.96938776,0.23883284,0.195,0.76325075,0.208,1420.3342,1135.95,0.64767164,0.44,-0.24256656,0.97013477
4314902,2023-12-24,92,107,774.2,0,development,1,98,13,15,36,1,1,57.5,230,43.745476,98,58.75,470,39.314665,101,-6,-0.060606061,-91,19.25,91,42.8,42.2,18.95,24.61,24.74,25.3975,69.87,78.86,74.685,1.56,1.67,1.5725,10,0.70439509,0.83695652,0.23883284,0.195,0.76325075,0.208,1420.3342,1135.95,0.64767164,0.44,-0.12426903,0.99224856
4314902,2023-12-31,7,135,774.2,0,development,1,92,98,27,88,17,0,52.5,210,49.196883,98,48.625,389,41.09549,101,-85,-0.91397849,-79,-5,7,37.6,14.2,24.8,24.37,22.43,25.8825,74.32,80.66,73.1,1.86,1.79,1.59,7,0.14285714,0.14285714,0.23883284,0.195,0.76325075,0.208,1420.3342,1135.95,0.64767164,0.44,-0.0041716613,0.9999913
4314902,2024-01-07,34,217,774.2,0,development,1,7,92,13,36,42,2,57.75,231,44.470027,98,48.375,387,41.189241,101,27,3.375,112,5.25,32,34.8,9,31.25,26.36,26.96,25.7325,74.42,72.03,73.6975,1.47,1.5,1.5825,22,0.057093426,0.088235294,0.23883284,0.195,0.76325075,0.208,1420.3342,1135.95,0.64767164,0.44,0.12012862,0.99275834
4314902,2024-01-14,27,325,774.2,0,development,1,34,7,98,101,14,3,40,160,36.505707,92,39.125,313,35.614754,98,-7,-0.2,-34,-17.75,24,145.6,9.8,65.2,26.69,27.59,25.5075,81.56,76.18,75.0425,1.66,1.44,1.6375,20,0.056241427,0.074074074,0.23883284,0.195,0.76325075,0.208,1420.3342,1135.95,0.64767164,0.44,0.23851738,0.97113823
4314902,2024-01-21,39,531,774.2,0,development,1,27,34,92,15,85,0,26.75,107,14.056434,39,42.125,337,34.278013,98,12,0.42857143,19,-13.25,39,5.6,42.8,55.9,23.13,24.61,25.1375,70.78,69.87,75.27,2.05,1.56,1.76,22,0.065088757,0.12820513,0.23883284,0.195,0.76325075,0.208,1420.3342,1135.95,0.64767164,0.44,0.35345161,0.93545281
4314902,2024-01-28,35,773,774.2,0,development,1,39,27,7,27,36,0,33.75,135,4.9916597,39,43.125,345,33.888209,98,-4,-0.1,-16,7,35,10.2,37.6,49.05,25.67,24.37,25.4625,74.03,74.32,75.1975,1.36,1.86,1.635,18,0.080816327,0.17142857,0.23883284,0.195,0.76325075,0.208,1420.3342,1135.95,0.64767164,0.44,0.46326669,0.88621892
4314902,2024-02-04,116,1566,774.2,1,development,1,35,39,34,13,88,1,54.25,217,41.467859,116,56,448,39.849718,116,81,2.25,85,20.5,115,8.6,34.8,42.5,28.71,26.36,26.05,75.36,74.42,75.4325,1.53,1.47,1.65,61,0.026307967,0.077586207,0.23883284,0.195,0.76325075,0.208,1420.3342,1135.95,0.64767164,0.44,0.56637212,0.82414963
4314902,2024-02-11,135,2343,774.2,1,development,1,116,35,27,98,36,8,81.25,325,51.706705,135,60.625,485,46.937458,135,19,0.16239316,-62,27,127,51.8,145.6,19.05,25.8,26.69,25.8275,74.58,81.56,73.6875,1.65,1.66,1.6475,61,0.03473251,0.088888889,0.23883284,0.195,0.76325075,0.208,1420.3342,1135.95,0.64767164,0.44,0.6612746,0.75014392
4314902,2024-02-18,245,2993,774.2,1,development,1,135,116,39,92,101,3,132.75,531,86.488439,245,79.75,638,80.62745,245,110,0.80882353,91,51.5,242,0,5.6,17.65,26.4,23.13,26.645,75.45,70.78,74.855,1.6,2.05,1.535,77,0.030204082,0.093877551,0.23883284,0.195,0.76325075,0.208,1420.3342,1135.95,0.64767164,0.44,0.74659963,0.66527362
4314902,2024-02-25,277,3669,774.2,1,development,1,245,135,35,7,15,12,193.25,773,79.692639,277,113.5,908,100.00571,277,32,0.1300813,-78,60.5,265,25,10.2,21.35,26.98,25.67,26.9725,81.22,74.03,76.6525,1.55,1.36,1.5825,97,0.021465157,0.054151625,0.23883284,0.195,0.76325075,0.208,1420.3342,1135.95,0.64767164,0.44,0.82111141,0.57076795
4314902,2024-03-03,909,4034,774.2,1,development,1,277,245,116,34,27,29,391.5,1566,350.31938,909,222.875,1783,292.96633,909,632,2.2733813,600,198.25,880,53.4,8.6,32.55,24.06,28.71,25.81,75.05,75.36,76.575,1.35,1.53,1.5375,136,0.016741278,0.04840484,0.23883284,0.195,0.76325075,0.208,1420.3342,1135.95,0.64767164,0.44,0.88373076,0.46799566
4314902,2024-03-10,912,4944,774.2,1,development,1,909,277,135,27,13,60,585.75,2343,375.21849,912,333.5,2668,366.33864,912,3,0.0032967033,-629,194.25,852,3,51.8,20.35,26.82,25.8,26.065,75.7,74.58,76.855,1.17,1.65,1.4175,142,0.018712488,0.075657895,0.23883284,0.195,0.76325075,0.208,1420.3342,1135.95,0.64767164,0.44,0.93355075,0.35844524
4314902,2024-03-17,895,6010,774.2,1,development,1,912,909,245,39,98,140,748.25,2993,314.25401,912,440.5,3524,392.13482,912,-17,-0.018619934,-20,162.5,755,13,0,23.6,25.74,26.4,25.9,76.6,75.45,77.1425,1.41,1.6,1.37,143,0.015763553,0.040223464,0.23883284,0.195,0.76325075,0.208,1420.3342,1135.95,0.64767164,0.44,0.96984983,0.24370333
4314902,2024-03-24,953,6846,774.2,1,development,1,895,912,277,35,92,206,917.25,3669,24.958299,953,555.25,4442,390.83674,953,58,0.064732143,75,169,747,12.2,25,20.4,24.48,26.98,25.275,74.08,81.22,75.3575,1.28,1.55,1.3025,128,0.027267953,0.068205666,0.23883284,0.195,0.76325075,0.208,1420.3342,1135.95,0.64767164,0.44,0.99210225,0.1254318
4314902,2024-03-31,1274,6836,774.2,1,development,1,953,895,909,116,7,280,1008.5,4034,178.66636,1274,700,5600,418.38362,1274,321,0.33647799,263,91.25,994,0,53.4,7.05,24.22,24.06,25.315,78.63,75.05,76.2525,1.3,1.35,1.29,143,0.022194894,0.062794349,0.23883284,0.195,0.76325075,0.208,1420.3342,1135.95,0.64767164,0.44,0.99998572,0.0053435872
4314902,2024-04-07,1822,5839,774.2,1,development,1,1274,953,912,135,34,446,1236,4944,424.73914,1822,910.875,7287,508.39058,1822,548,0.42980392,227,227.5,1376,23.2,3,12.1,22.02,26.82,24.115,85.65,75.7,78.74,1.59,1.17,1.395,165,0.018698165,0.051591658,0.23883284,0.195,0.76325075,0.208,1420.3342,1135.95,0.64767164,0.44,0.99338608,-0.11482201
4314902,2024-04-14,1961,5238,774.2,1,development,1,1822,1274,895,245,27,535,1502.5,6010,471.33322,1961,1125.375,9003,547.79009,1961,139,0.076247943,-409,266.5,1426,40.8,13,19.05,22.41,25.74,23.2825,78.16,76.6,79.13,1.53,1.41,1.425,173,0.01914461,0.057113717,0.23883284,0.195,0.76325075,0.208,1420.3342,1135.95,0.64767164,0.44,0.9723989,-0.23332461
4314902,2024-04-21,1789,4356,774.2,1,development,1,1961,1822,953,277,39,598,1711.5,6846,301.03876,1961,1314.375,10515,468.34174,1961,-172,-0.087665647,-311,209,1191,52.4,12.2,29.1,21.84,24.48,22.6225,79.85,74.08,80.5725,1.07,1.28,1.3725,167,0.019893324,0.076020123,0.23883284,0.195,0.76325075,0.208,1420.3342,1135.95,0.64767164,0.44,0.93732815,-0.34844789
4314902,2024-04-28,1264,3560,774.2,1,development,1,1789,1961,1274,909,35,566,1709,6836,305.8856,1961,1358.75,10870,440.43217,1961,-525,-0.29329609,-353,-2.5,698,317.2,0,108.4,19.46,24.22,21.4325,92.67,78.63,84.0825,1.39,1.3,1.395,140,0.02454159,0.084651899,0.23883284,0.195,0.76325075,0.208,1420.3342,1135.95,0.64767164,0.44,0.88868177,-0.45852449
4314902,2024-05-05,825,3064,774.2,1,development,1,1264,1789,1822,912,116,728,1459.75,5839,516.68261,1961,1347.875,10783,453.90699,1961,-439,-0.34703557,86,-249.25,97,89.4,23.2,124.95,22.48,22.02,21.5475,80.34,85.65,82.755,1.45,1.59,1.36,106,0.029248118,0.093333333,0.23883284,0.195,0.76325075,0.208,1420.3342,1135.95,0.64767164,0.44,0.82716433,-0.56196012
4314902,2024-05-12,1360,2043,774.2,1,development,1,825,1264,1961,895,135,479,1309.5,5238,395.50853,1789,1406,11248,415.80284,1961,535,0.64769976,974,-150.25,881,93.4,40.8,138.1,14.26,22.41,19.51,83.38,78.16,84.06,1.28,1.53,1.2975,117,0.032841696,0.096323529,0.23883284,0.195,0.76325075,0.208,1420.3342,1135.95,0.64767164,0.44,0.75366679,-0.6572567
4314902,2024-05-19,907,1462,774.2,1,development,1,1360,825,1789,953,245,486,1089,4356,262.60617,1360,1400.25,11202,423.21415,1961,-453,-0.3328435,-988,-220.5,421,150,52.4,162.5,16.72,21.84,18.23,87.58,79.85,85.9925,1.3,1.07,1.355,121,0.030745798,0.081587652,0.23883284,0.195,0.76325075,0.208,1420.3342,1135.95,0.64767164,0.44,0.66925364,-0.74303402
4314902,2024-05-26,468,1264,774.2,1,development,1,907,1360,1264,1274,277,452,890,3560,366.74151,1360,1299.5,10396,537.94822,1961,-439,-0.48348018,14,-199,16,29.2,317.2,90.5,14.05,19.46,16.8775,86.03,92.67,84.3325,1.27,1.39,1.325,102,0.056030389,0.18376068,0.23883284,0.195,0.76325075,0.208,1420.3342,1135.95,0.64767164,0.44,0.57514748,-0.81804974
4314902,2024-06-02,329,1113,774.2,1,development,1,468,907,825,1822,909,207,766,3064,466.36538,1360,1112.875,8903,587.48263,1961,-139,-0.29637527,300,-124,122,16,89.4,72.15,18.39,22.48,15.855,82.88,80.34,84.9675,0.96,1.45,1.2025,80,0.069409928,0.18844985,0.23883284,0.195,0.76325075,0.208,1420.3342,1135.95,0.64767164,0.44,0.47271127,-0.88121737
4314902,2024-06-09,339,869,774.2,1,development,1,329,468,1360,1961,912,213,510.75,2043,271.64484,907,910.125,7281,530.04809,1789,10,0.03030303,149,-255.25,126,7.6,93.4,50.7,22.56,14.26,17.93,73.18,83.38,82.4175,1.31,1.28,1.21,80,0.071153227,0.179941,0.23883284,0.195,0.76325075,0.208,1420.3342,1135.95,0.64767164,0.44,0.36342863,-0.93162204
4314902,2024-06-16,326,637,774.2,0,development,1,339,329,907,1789,895,130,365.5,1462,68.558977,468,727.25,5818,425.5906,1360,-13,-0.038235294,-23,-145.25,196,125,150,44.45,19.24,16.72,18.56,90.3,87.58,83.0975,1.17,1.3,1.1775,86,0.02992209,0.088957055,0.23883284,0.195,0.76325075,0.208,1420.3342,1135.95,0.64767164,0.44,0.24888233,-0.96853373
4314902,2024-06-23,270,402,774.2,0,development,1,326,339,468,1264,953,73,316,1264,31.166221,339,603,4824,390.12159,1360,-56,-0.17125382,-43,-49.5,197,27.8,29.2,44.1,14.35,14.05,18.635,79.12,86.03,81.37,1.58,1.27,1.255,67,0.10628258,0.29259259,0.23883284,0.195,0.76325075,0.208,1420.3342,1135.95,0.64767164,0.44,0.13073139,-0.99141783
4314902,2024-06-30,178,254,774.2,0,development,1,270,326,329,825,1274,78,278.25,1113,73.231937,339,522.125,4177,404.32994,1360,-92,-0.33948339,-36,-37.75,100,11.6,16,43,11.47,18.39,16.905,74.41,82.88,79.2525,1.09,0.96,1.2875,48,0.06590077,0.15168539,0.23883284,0.195,0.76325075,0.208,1420.3342,1135.95,0.64767164,0.44,0.010687022,-0.99994289
4314902,2024-07-07,95,241,774.2,0,development,1,178,270,339,1360,1822,47,217.25,869,101.80823,326,364,2912,246.33079,907,-83,-0.46368715,9,-61,48,25,7.6,47.35,9.96,22.56,13.755,84.54,73.18,82.0925,1.02,1.31,1.215,21,0.2033241,0.34736842,0.23883284,0.195,0.76325075,0.208,1420.3342,1135.95,0.64767164,0.44,-0.10951213,-0.99398546
4314902,2024-07-14,94,192,774.2,0,development,1,95,178,326,907,1961,46,159.25,637,83.671481,270,262.375,2099,131.02992,468,-1,-0.010416667,82,-58,48,12.8,125,19.3,16.02,19.24,12.95,86.57,90.3,81.16,1.29,1.17,1.245,16,0.54662743,0.73404255,0.23883284,0.195,0.76325075,0.208,1420.3342,1135.95,0.64767164,0.44,-0.22812518,-0.97363181
4314902,2024-07-21,35,195,774.2,0,development,1,94,95,270,468,1789,24,100.5,402,58.790589,178,208.25,1666,123.15118,339,-59,-0.62105263,-58,-58.75,11,0.8,27.8,12.55,19.49,14.35,14.235,78.95,79.12,81.1175,1.01,1.58,1.1025,6,0.53632653,0.71428571,0.23883284,0.195,0.76325075,0.208,1420.3342,1135.95,0.64767164,0.44,-0.34343422,-0.93917673
4314902,2024-07-28,30,225,774.2,0,development,1,35,94,178,329,1264,25,63.5,254,35.856194,95,170.875,1367,126.5932,339,-5,-0.13888889,54,-37,5,23.6,11.6,15.55,17.85,11.47,15.83,75.92,74.41,81.495,1.27,1.09,1.1475,9,0.20666667,0.36666667,0.23883284,0.195,0.76325075,0.208,1420.3342,1135.95,0.64767164,0.44,-0.45376919,-0.89111925
4314902,2024-08-04,82,182,774.2,0,development,1,30,35,95,339,825,18,60.25,241,32.479481,94,138.75,1110,109.2556,326,52,1.6774194,57,-3.25,64,26.6,25,15.95,16.4,9.96,17.44,85.74,84.54,81.795,1.5,1.02,1.2675,13,0.59726353,0.76829268,0.23883284,0.195,0.76325075,0.208,1420.3342,1135.95,0.64767164,0.44,-0.55753207,-0.8301554
4314902,2024-08-11,45,236,774.2,0,development,1,82,30,94,326,1360,22,48,192,23.508864,82,103.625,829,82.300733,270,-37,-0.44578313,-89,-12.25,23,0,12.8,12.75,14.19,16.02,16.9825,72.63,86.57,78.31,1.25,1.29,1.2575,7,0.37975309,0.55555556,0.23883284,0.195,0.76325075,0.208,1420.3342,1135.95,0.64767164,0.44,-0.65322004,-0.75716814
4314902,2024-08-18,38,295,774.2,0,development,1,45,82,35,270,907,13,48.75,195,22.998188,82,74.625,597,49.730524,178,-7,-0.15217391,30,0.75,25,18.6,0.8,17.2,18.09,19.49,16.6325,84.89,78.95,79.795,1.39,1.01,1.3525,6,0.55955679,0.73684211,0.23883284,0.195,0.76325075,0.208,1420.3342,1135.95,0.64767164,0.44,-0.7394472,-0.67321456
4314902,2024-08-25,60,307,774.2,0,development,1,38,45,30,178,468,10,56.25,225,19.465782,82,59.875,479,26.989085,95,22,0.56410256,29,7.5,50,0,23.6,11.3,15.31,17.85,15.9975,77.46,75.92,80.18,1.58,1.27,1.43,9,0.535,0.71666667,0.23883284,0.195,0.76325075,0.208,1420.3342,1135.95,0.64767164,0.44,-0.81496471,-0.57951059
4314902,2024-09-01,39,347,774.2,0,development,1,60,38,82,95,329,6,45.5,182,10.148892,60,52.875,423,23.630715,94,-21,-0.3442623,-43,-10.75,33,28.2,26.6,11.7,16.58,16.4,16.0425,78.15,85.74,78.2825,1.59,1.5,1.4525,6,0.72123603,0.84615385,0.23883284,0.195,0.76325075,0.208,1420.3342,1135.95,0.64767164,0.44,-0.87867881,-0.47741339
4314902,2024-09-08,99,292,774.2,0,development,1,39,60,45,94,339,5,59,236,28.530685,99,53.5,428,24.905536,99,60,1.5,81,13.5,94,28.6,0,18.85,20.08,14.19,17.515,85.3,72.63,81.45,1.4,1.25,1.49,5,0.88368534,0.93939394,0.23883284,0.195,0.76325075,0.208,1420.3342,1135.95,0.64767164,0.44,-0.92966673,-0.36840165
4314902,2024-09-15,97,225,774.2,0,development,1,99,39,38,35,326,6,73.75,295,29.295904,99,61.25,490,27.804162,99,-2,-0.02,-62,14.75,91,33.2,18.6,22.5,19.87,18.09,17.96,77.19,84.89,79.525,1.44,1.39,1.5025,6,0.80741843,0.89690722,0.23883284,0.195,0.76325075,0.208,1420.3342,1135.95,0.64767164,0.44,-0.96718998,-0.25405422
4314902,2024-09-22,72,202,774.2,0,development,1,97,99,60,30,270,1,76.75,307,28.004464,99,66.5,532,24.871096,99,-25,-0.25510204,-23,3,71,121.8,0,52.95,21.12,15.31,19.4125,84.11,77.46,81.1875,1.82,1.58,1.5625,8,0.59876543,0.76388889,0.23883284,0.195,0.76325075,0.208,1420.3342,1135.95,0.64767164,0.44,-0.9907051,-0.13602725
4314902,2024-09-29,79,144,774.2,0,development,1,72,97,39,82,178,17,86.75,347,13.32604,99,66.125,529,24.625408,99,7,0.095890411,32,10,62,34.4,28.2,54.5,20.23,16.58,20.325,70.8,78.15,79.35,1.37,1.59,1.5075,4,0.83496235,0.91139241,0.23883284,0.195,0.76325075,0.208,1420.3342,1135.95,0.64767164,0.44,-0.99987151,-0.016030151
4314902,2024-10-06,44,127,774.2,0,development,1,79,72,99,45,95,42,73,292,22.015146,97,66,528,24.75018,99,-35,-0.4375,-42,-13.75,2,11.2,28.6,50.15,20.14,20.08,20.34,82.4,85.3,78.625,1.74,1.4,1.5925,4,0.86983471,0.93181818,0.23883284,0.195,0.76325075,0.208,1420.3342,1135.95,0.64767164,0.44,-0.99455646,0.10419912
4314902,2024-10-13,30,131,774.2,0,development,1,44,79,97,38,94,14,56.25,225,23.128266,79,65,520,26.164316,99,-14,-0.31111111,21,-16.75,16,8,33.2,43.85,20.73,19.87,20.555,77.61,77.19,78.73,1.39,1.44,1.58,3,0.87333333,0.93333333,0.23883284,0.195,0.76325075,0.208,1420.3342,1135.95,0.64767164,0.44,-0.97483692,0.22291924
4314902,2024-10-20,49,117,774.2,0,development,1,30,44,72,60,35,85,50.5,202,20.631691,79,63.625,509,26.747163,99,19,0.61290323,33,-5.75,-36,8,121.8,15.4,24.09,21.12,21.2975,71.5,84.11,75.5775,1.88,1.82,1.595,5,0.46272387,0.57142857,0.23883284,0.195,0.76325075,0.208,1420.3342,1135.95,0.64767164,0.44,-0.9409985,0.33841075
4314902,2024-10-27,21,99,774.2,0,development,1,49,30,79,39,30,36,36,144,12.832251,49,61.375,491,29.707803,99,-28,-0.56,-47,-14.5,-15,0,34.4,6.8,23.56,20.23,22.13,69.23,70.8,75.185,1.55,1.37,1.64,4,0.60090703,0.76190476,0.23883284,0.195,0.76325075,0.208,1420.3342,1135.95,0.64767164,0.44,-0.89353128,0.44900094
4314902,2024-11-03,27,79,774.2,0,development,1,21,49,44,99,82,88,31.75,127,12.093387,49,52.375,419,27.505519,97,6,0.27272727,34,-4.25,-61,24.2,11.2,10.05,24.47,20.14,23.2125,78.23,82.4,74.1425,1.54,1.74,1.59,3,0.79698217,0.88888889,0.23883284,0.195,0.76325075,0.208,1420.3342,1135.95,0.64767164,0.44,-0.83312277,0.55308811
4314902,2024-11-10,34,59,774.2,0,development,1,27,21,30,97,45,36,32.75,131,12.065792,49,44.5,356,21.19973,79,7,0.25,1,1,-2,4,8,9.05,23,20.73,23.78,62.22,77.61,70.295,1.6,1.39,1.6425,5,0.78200692,0.88235294,0.23883284,0.195,0.76325075,0.208,1420.3342,1135.95,0.64767164,0.44,-0.76064786,0.64916472
4314902,2024-11-17,35,31,774.2,0,development,1,34,27,49,72,38,101,29.25,117,6.5510813,35,39.875,319,18.161478,79,1,0.028571429,-6,-3.5,-66,42.4,8,17.65,22.52,24.09,23.3875,78.94,71.5,72.155,2.16,1.88,1.7125,4,0.74367347,0.85714286,0.23883284,0.195,0.76325075,0.208,1420.3342,1135.95,0.64767164,0.44,-0.67715625,0.73583926
4314902,2024-11-24,3,33,774.2,0,development,1,35,34,21,79,60,15,24.75,99,14.930394,35,30.375,243,14.22209,49,-32,-0.88888889,-33,-4.5,-12,1.8,0,18.1,25.77,23.56,23.94,72.23,69.23,72.905,1.43,1.55,1.6825,3,0.33333333,0.33333333,0.23883284,0.195,0.76325075,0.208,1420.3342,1135.95,0.64767164,0.44,-0.58385715,0.81185641
4314902,2024-12-01,7,51,774.2,0,development,1,3,35,27,44,39,27,19.75,79,17.114808,35,25.75,206,15.144542,49,4,1,36,-5,-20,,24.2,,,24.47,,,78.23,,,1.54,,3,0.42857143,0.57142857,0.23883284,0.195,0.76325075,0.208,1420.3342,1135.95,0.64767164,0.44,-0.48210187,0.87611517
4314902,2024-12-08,14,119,774.2,0,purged,1,7,3,34,30,99,13,14.75,59,14.244882,35,23.75,190,15.554053,49,7,0.875,3,-5,1,,4,,,23,,,62.22,,,1.6,,6,0.26530612,0.42857143,0.23883284,0.195,0.76325075,0.208,1420.3342,1135.95,0.64767164,0.44,-0.37336414,0.92768487
4314902,2024-12-15,7,191,774.2,0,purged,1,14,7,35,49,97,98,7.75,31,4.5734742,14,18.5,148,12.626503,35,-7,-0.46666667,-14,-7,-91,,42.4,,,22.52,,,78.94,,,2.16,,5,0.2244898,0.28571429,0.23883284,0.195,0.76325075,0.208,1420.3342,1135.95,0.64767164,0.44,-0.25921886,0.96581861
4314902,2024-12-22,5,288,774.2,0,purged,1,7,14,3,21,72,92,8.25,33,3.9475731,14,16.5,132,13.416408,35,-2,-0.25,5,0.5,-87,,1.8,,,25.77,,,72.23,,,1.43,,3,0.36,0.4,0.23883284,0.195,0.76325075,0.208,1420.3342,1135.95,0.64767164,0.44,-0.14131923,0.98996408
4314902,2024-12-29,25,363,774.2,0,purged,1,5,7,7,27,79,7,12.75,51,9.0323493,25,16.25,130,13.209845,35,20,3.3333333,22,4.5,18,38,,,26.19,,,72.08,,,1.46,,,19,0.0624,0.12,0.23883284,0.195,0.76325075,0.208,1420.3342,1135.95,0.64767164,0.44,-0.021372823,0.99977158
4314902,2025-01-05,82,398,774.2,0,evaluation,1,25,5,14,34,44,34,29.75,119,35.975686,82,22.25,178,26.569316,82,57,2.1923077,37,17,48,0,,,23.92,,,68.14,,,1.87,,,45,0.035098156,0.085365854,0.23883284,0.195,0.76325075,0.208,1420.3342,1135.95,0.64767164,0.44,0.085907864,0.99630309
4314902,2025-01-12,79,484,774.2,0,evaluation,1,82,25,7,35,30,27,47.75,191,38.707234,82,27.75,222,33.289853,82,-3,-0.036144578,-60,18,52,30.4,,,26.47,,,70.06,,,1.56,,,46,0.043102067,0.12658228,0.23883284,0.195,0.76325075,0.208,1420.3342,1135.95,0.64767164,0.44,0.20497026,0.9787682
4314902,2025-01-19,102,642,774.2,0,evaluation,1,79,82,5,3,49,39,72,288,32.954514,102,40.125,321,40.413709,102,23,0.2875,26,24.25,63,51.6,,30,27.9,,26.12,73.98,,71.065,1.4,,1.5725,53,0.028450596,0.058823529,0.23883284,0.195,0.76325075,0.208,1420.3342,1135.95,0.64767164,0.44,0.32106401,0.9470575
4314902,2025-01-26,100,981,774.2,1,evaluation,1,102,79,25,7,21,35,90.75,363,11.92686,102,51.75,414,42.827728,102,-2,-0.019417476,-25,18.75,65,53.2,38,33.8,25.93,26.19,26.055,78.24,72.08,72.605,1.51,1.46,1.585,55,0.0246,0.05,0.23883284,0.195,0.76325075,0.208,1420.3342,1135.95,0.64767164,0.44,0.43250768,0.90163025
4314902,2025-02-02,117,1322,774.2,1,evaluation,1,100,102,82,14,27,116,99.5,398,15.631165,117,64.625,517,45.270418,117,17,0.16831683,19,8.75,1,3.2,0,34.6,28.34,23.92,27.16,70.38,68.14,73.165,1.53,1.87,1.5,49,0.046679816,0.1025641,0.23883284,0.195,0.76325075,0.208,1420.3342,1135.95,0.64767164,0.44,0.53768721,0.84314439
4314902,2025-02-09,165,2006,774.2,1,evaluation,1,117,100,79,7,34,135,121,484,30.298515,165,84.375,675,50.680899,165,48,0.40677966,31,21.5,30,147.6,30.4,63.9,27.7,26.47,27.4675,73.26,70.06,73.965,1.3,1.56,1.435,57,0.051460055,0.16363636,0.23883284,0.195,0.76325075,0.208,1420.3342,1135.95,0.64767164,0.44,0.63507923,0.772447
4314902,2025-02-16,260,3112,774.2,1,evaluation,1,165,117,102,5,35,245,160.5,642,71.816897,260,116.25,930,70.097381,260,95,0.57228916,47,39.5,15,94.4,51.6,74.6,26.06,27.9,27.0075,78.33,73.98,75.0525,1.32,1.4,1.415,68,0.055680473,0.17692308,0.23883284,0.195,0.76325075,0.208,1420.3342,1135.95,0.64767164,0.44,0.72327319,0.69056201
4314902,2025-02-23,439,4874,774.2,1,evaluation,1,260,165,100,25,3,277,245.25,981,142.17917,439,168,1344,124.67787,439,179,0.68582375,84,84.75,162,30,53.2,68.8,28.97,25.93,27.7675,71.55,78.24,73.38,1.38,1.51,1.3825,96,0.0622091,0.21412301,0.23883284,0.195,0.76325075,0.208,1420.3342,1135.95,0.64767164,0.44,0.80099175,0.59867538
4314902,2025-03-02,458,7854,774.2,1,evaluation,1,439,260,117,82,7,909,330.5,1322,141.87906,458,215,1720,154.84739,458,19,0.043181818,-160,85.25,-451,0,3.2,68,30.03,28.34,28.19,66.01,70.38,72.2875,1.33,1.53,1.3325,81,0.033494785,0.093886463,0.23883284,0.195,0.76325075,0.208,1420.3342,1135.95,0.64767164,0.44,0.86710929,0.49811794
4314902,2025-03-09,849,11037,774.2,1,evaluation,1,458,439,165,79,14,912,501.5,2006,248.24517,849,311.25,2490,261.09426,849,391,0.85185185,372,171,-63,89.6,147.6,53.5,23.16,27.7,27.055,75.39,73.26,72.82,1.2,1.3,1.3075,115,0.039116205,0.13545347,0.23883284,0.195,0.76325075,0.208,1420.3342,1135.95,0.64767164,0.44,0.92066819,0.3903461
4314902,2025-03-16,1366,13314,774.2,1,evaluation,1,849,458,260,102,7,895,778,3112,435.1651,1366,469.25,3754,438.53514,1366,517,0.60823529,126,276.5,471,0,94.4,29.9,24.59,26.06,26.6875,73.54,78.33,71.6225,1.12,1.32,1.2575,122,0.033821805,0.097364568,0.23883284,0.195,0.76325075,0.208,1420.3342,1135.95,0.64767164,0.44,0.96089276,0.27692075
4314902,2025-03-23,2201,16213,774.2,1,evaluation,1,1366,849,439,100,5,953,1218.5,4874,753.20493,2201,731.875,5855,722.79506,2201,835,0.61082663,318,440.5,1248,1.2,30,22.7,26.02,28.97,25.95,73.8,71.55,72.185,1.39,1.38,1.26,149,0.029346662,0.1026806,0.23883284,0.195,0.76325075,0.208,1420.3342,1135.95,0.64767164,0.44,0.98720041,0.15948466
4314902,2025-03-30,3438,17486,774.2,1,evaluation,1,2201,1366,458,117,25,1274,1963.5,7854,1129.8485,3438,1147,9176,1147.8825,3438,1237,0.56176203,402,745,2164,52,0,35.7,23.19,30.03,24.24,75.64,66.01,74.5925,1.43,1.33,1.285,160,0.01957234,0.061663758,0.23883284,0.195,0.76325075,0.208,1420.3342,1135.95,0.64767164,0.44,0.99921011,0.0397387
4314902,2025-04-06,4032,18546,774.2,1,evaluation,1,3438,2201,849,165,82,1822,2759.25,11037,1201.8573,4032,1630.375,13043,1449.7847,4032,594,0.17272463,-643,795.75,2210,78.4,89.6,32.9,22.3,23.16,24.025,79.26,75.39,75.56,1.43,1.2,1.3425,167,0.017109651,0.04389881,0.23883284,0.195,0.76325075,0.208,1420.3342,1135.95,0.64767164,0.44,0.99674792,-0.080582805
4314902,2025-04-13,3643,20301,774.2,1,evaluation,1,4032,3438,1366,260,79,1961,3328.5,13314,791.00548,4032,2053.25,16426,1485.8992,4032,-389,-0.096454252,-983,569.25,1682,0,0,32.9,21.96,24.59,23.3675,76.49,73.54,76.2975,,1.12,,170,0.020357762,0.066703267,0.23883284,0.195,0.76325075,0.208,1420.3342,1135.95,0.64767164,0.44,0.9798495,-0.1997372
4314902,2025-04-20,5100,20178,774.2,1,evaluation,1,3643,4032,2201,439,102,1789,4053.25,16213,740.03936,5100,2635.875,21087,1665.4705,5100,1457,0.39983535,1846,724.75,3311,0,1.2,32.6,20.41,26.02,21.965,76.33,73.8,76.93,,1.39,,177,0.019428451,0.080588235,0.23883284,0.195,0.76325075,0.208,1420.3342,1135.95,0.64767164,0.44,0.94875961,-0.31599874
4314902,2025-04-27,4711,18987,774.2,1,evaluation,1,5100,3643,3438,458,100,1264,4371.5,17486,656.23802,5100,3167.5,25340,1545.4332,5100,-389,-0.076259557,-1846,318.25,3447,5.6,52,21,18.38,23.19,20.7625,75.58,75.64,76.915,,1.43,,167,0.024486741,0.083846317,0.23883284,0.195,0.76325075,0.208,1420.3342,1135.95,0.64767164,0.44,0.90392852,-0.42768357
4314902,2025-05-04,5092,16326,774.2,1,evaluation,1,4711,5100,4032,849,117,825,4636.5,18546,686.75687,5100,3697.875,29583,1352.0578,5100,381,0.080857385,770,265,4267,78.4,78.4,21,21.86,22.3,20.6525,77.44,79.26,76.46,0.91,1.43,,172,0.020865794,0.074430479,0.23883284,0.195,0.76325075,0.208,1420.3342,1135.95,0.64767164,0.44,0.84600553,-0.53317411
4314902,2025-05-11,5398,12291,774.2,1,evaluation,1,5092,4711,3643,1366,165,1360,5075.25,20301,281.5071,5398,4201.875,33615,1083.4521,5398,306,0.060082466,-75,438.75,4038,56.8,0,35.2,20.96,21.96,20.4025,70.08,76.49,74.8575,0.68,,,172,0.018982303,0.065209337,0.23883284,0.195,0.76325075,0.208,1420.3342,1135.95,0.64767164,0.44,0.77582958,-0.63094252
4314902,2025-05-18,4977,8137,774.2,1,evaluation,1,5398,5092,5100,2201,260,907,5044.5,20178,284.60323,5398,4548.875,36391,741.72818,5398,-421,-0.077977403,-727,-30.75,4070,29.2,0,42.5,18.22,20.41,19.855,81.01,76.33,76.0275,0.6,,,167,0.019678506,0.065501306,0.23883284,0.195,0.76325075,0.208,1420.3342,1135.95,0.64767164,0.44,0.69441703,-0.71957279
4314902,2025-05-25,3520,5084,774.2,1,evaluation,1,4977,5398,4711,3438,439,468,4746.75,18987,836.90994,5398,4559.125,36473,724.55157,5398,-1457,-0.29268783,-1036,-297.75,3052,230,5.6,98.6,16.07,18.38,19.2775,87.46,75.58,78.9975,0.95,,0.785,163,0.018126614,0.071022727,0.23883284,0.195,0.76325075,0.208,1420.3342,1135.95,0.64767164,0.44,0.60294701,-0.79778124
4314902,2025-06-01,2431,2919,774.2,1,evaluation,1,3520,4977,5092,4032,458,329,4081.5,16326,1363.1489,5398,4359,34872,1042.3517,5398,-1089,-0.30928713,368,-665.25,2102,9.2,78.4,81.3,15.18,21.86,17.6075,84.13,77.44,80.67,0.53,0.91,0.69,160,0.022620035,0.085561497,0.23883284,0.195,0.76325075,0.208,1420.3342,1135.95,0.64767164,0.44,0.50274431,-0.86443517
4314902,2025-06-08,1363,1762,774.2,1,evaluation,1,2431,3520,5398,3643,849,339,3072.75,12291,1545.0231,4977,4074,32592,1484.1563,5398,-1068,-0.43914474,21,-1008.75,1024,1.2,56.8,67.4,14.02,20.96,15.8725,79.57,70.08,83.0425,0.67,0.68,0.6875,151,0.021650162,0.085840059,0.23883284,0.195,0.76325075,0.208,1420.3342,1135.95,0.64767164,0.44,0.3952602,-0.9185692
4314902,2025-06-15,823,1289,774.2,1,evaluation,1,1363,2431,4977,5100,1366,326,2034.25,8137,1194.7896,3520,3539.375,28315,1798.7604,5398,-540,-0.39589443,528,-1038.5,497,410,29.2,162.6,16.62,18.22,15.4725,89.31,81.01,85.1175,0.98,0.6,0.7825,123,0.0230656,0.071688943,0.23883284,0.195,0.76325075,0.208,1420.3342,1135.95,0.64767164,0.44,0.28205141,-0.95939929
4314902,2025-06-22,467,974,774.2,1,evaluation,1,823,1363,3520,4711,2201,270,1271,5084,856.57924,2431,3008.875,24071,2016.5074,5398,-356,-0.43203883,184,-763.25,197,75.6,230,124,11.49,16.07,14.3275,74.17,87.46,81.795,1.1,0.95,0.82,114,0.018620838,0.055674518,0.23883284,0.195,0.76325075,0.208,1420.3342,1135.95,0.64767164,0.44,0.16475757,-0.98633409
4314902,2025-06-29,266,862,774.2,1,evaluation,1,467,823,2431,5092,3438,178,729.75,2919,480.90288,1363,2405.625,19245,2026.1428,5398,-201,-0.42948718,155,-541.25,88,35.6,9.2,130.6,10.8,15.18,13.2325,80.54,84.13,80.8975,0.96,0.53,0.9275,80,0.052829442,0.18796992,0.23883284,0.195,0.76325075,0.208,1420.3342,1135.95,0.64767164,0.44,0.045077499,-0.99898349
4314902,2025-07-06,206,767,774.2,0,evaluation,1,266,467,1363,5398,4032,95,440.5,1762,278.35768,823,1756.625,14053,1742.3801,4977,-60,-0.2247191,141,-289.25,111,0.8,1.2,130.5,14.26,14.02,13.2925,84.55,79.57,82.1425,0.55,0.67,0.8975,72,0.027382411,0.082524272,0.23883284,0.195,0.76325075,0.208,1420.3342,1135.95,0.64767164,0.44,-0.075255445,-0.99716429
4314902,2025-07-13,350,536,774.2,0,evaluation,1,206,266,823,4977,3643,94,322.25,1289,113.13819,467,1178.25,9426,1206.1068,3520,144,0.69565217,204,-118.25,256,73.2,410,46.3,15.71,16.62,13.065,87.39,89.31,81.6625,0.82,0.98,0.8575,77,0.18540408,0.38285714,0.23883284,0.195,0.76325075,0.208,1420.3342,1135.95,0.64767164,0.44,-0.19449844,-0.98090283
4314902,2025-07-20,152,525,774.2,0,evaluation,1,350,206,467,3520,5100,35,243.5,974,84.90583,350,757.25,6058,786.88568,2431,-198,-0.56410256,-342,-78.75,117,15.6,75.6,31.3,15.54,11.49,14.0775,82.43,74.17,83.7275,0.66,1.1,0.7475,54,0.077302632,0.24342105,0.23883284,0.195,0.76325075,0.208,1420.3342,1135.95,0.64767164,0.44,-0.31092445,-0.95043463
4314902,2025-07-27,154,514,774.2,0,evaluation,1,152,350,266,2431,4711,30,215.5,862,93.085982,350,472.625,3781,422.35799,1363,2,0.013071895,200,-28,124,92,35.6,45.4,15.71,10.8,15.305,76.3,80.54,82.6675,0.96,0.96,0.7475,55,0.10271547,0.28571429,0.23883284,0.195,0.76325075,0.208,1420.3342,1135.95,0.64767164,0.44,-0.42284724,-0.90620098
4314902,2025-08-03,111,528,774.2,0,evaluation,1,154,152,206,1363,5092,82,191.75,767,107.34485,350,316.125,2529,236.2719,823,-43,-0.27741935,-45,-23.75,29,165.6,0.8,86.6,15.05,14.26,15.5025,85.91,84.55,83.0075,0.76,0.55,0.8,49,0.077022969,0.23423423,0.23883284,0.195,0.76325075,0.208,1420.3342,1135.95,0.64767164,0.44,-0.5286458,-0.84884252
4314902,2025-08-10,119,523,774.2,0,evaluation,1,111,154,350,823,5398,45,134,536,22.196096,154,228.125,1825,125.78603,467,8,0.071428571,51,-57.75,74,3.2,73.2,69.1,14.36,15.71,15.165,78.86,87.39,80.875,0.76,0.82,0.785,46,0.074924087,0.22689076,0.23883284,0.195,0.76325075,0.208,1420.3342,1135.95,0.64767164,0.44,-0.6267878,-0.77919
4314902,2025-08-17,141,508,774.2,0,evaluation,1,119,111,152,467,4977,38,131.25,525,19.771613,154,187.375,1499,82.807759,350,22,0.18333333,14,-2.75,103,253.2,15.6,128.5,18.35,15.54,15.8675,80.61,82.43,80.42,1.14,0.66,0.905,56,0.081434535,0.24822695,0.23883284,0.195,0.76325075,0.208,1420.3342,1135.95,0.64767164,0.44,-0.71585183,-0.69825221
4314902,2025-08-24,143,503,774.2,0,evaluation,1,141,119,154,266,3520,60,128.5,514,15.947832,143,172,1376,77.363705,350,2,0.014084507,-20,-2.75,83,1.2,92,105.8,16.12,15.71,15.97,76.76,76.3,80.535,0.83,0.96,0.8725,48,0.14616852,0.35664336,0.23883284,0.195,0.76325075,0.208,1420.3342,1135.95,0.64767164,0.44,-0.79454795,-0.60720141
4314902,2025-08-31,125,514,774.2,0,evaluation,1,143,141,111,206,2431,39,132,528,11.83216,143,161.875,1295,77.578417,350,-18,-0.125,-20,3.5,86,172.4,165.6,107.5,18.44,15.05,16.8175,77.86,85.91,78.5225,0.73,0.76,0.865,52,0.043968,0.152,0.23883284,0.195,0.76325075,0.208,1420.3342,1135.95,0.64767164,0.44,-0.86173637,-0.50735631
4314902,2025-09-07,114,563,774.2,0,evaluation,1,125,143,119,350,1363,99,130.75,523,13.768926,143,132.375,1059,17.187516,154,-11,-0.087301587,7,-1.25,15,53.6,3.2,120.1,16.94,14.36,17.4625,76.25,78.86,77.87,1.34,0.76,1.01,47,0.05971068,0.19298246,0.23883284,0.195,0.76325075,0.208,1420.3342,1135.95,0.64767164,0.44,-0.91644398,-0.40016301
4314902,2025-09-14,126,598,774.2,0,evaluation,1,114,125,141,152,823,97,127,508,11.97219,143,129.125,1033,15.301144,154,12,0.10434783,23,-3.75,29,20.4,253.2,61.9,21.04,18.35,18.135,79.8,80.61,77.6675,1.24,1.14,1.035,52,0.068783069,0.22222222,0.23883284,0.195,0.76325075,0.208,1420.3342,1135.95,0.64767164,0.44,-0.95787843,-0.28717401
4314902,2025-09-21,138,640,774.2,0,evaluation,1,126,114,143,154,467,72,125.75,503,9.8107084,138,127.125,1017,12.345473,143,12,0.094488189,0,-1.25,66,138,1.2,96.1,17.51,16.12,18.4825,72.08,76.76,76.4975,1.87,0.83,1.295,65,0.025204789,0.057971014,0.23883284,0.195,0.76325075,0.208,1420.3342,1135.95,0.64767164,0.44,-0.98543961,-0.17002578
4314902,2025-09-28,136,730,774.2,0,evaluation,1,138,126,125,111,266,79,128.5,514,11,138,130.25,1042,10.740444,143,-2,-0.014388489,-14,2.75,57,69.6,172.4,70.4,20.95,18.44,19.11,84.41,77.86,78.135,1.45,0.73,1.475,62,0.036440311,0.10294118,0.23883284,0.195,0.76325075,0.208,1420.3342,1135.95,0.64767164,0.44,-0.99872835,-0.050415011
4314902,2025-10-05,163,837,774.2,1,evaluation,1,136,138,114,119,206,44,140.75,563,15.734781,163,135.75,1086,14.694508,163,27,0.19708029,29,12.25,119,54.8,53.6,70.7,20.6,16.94,20.025,74.32,76.25,77.6525,1.36,1.34,1.48,70,0.025857202,0.073619632,0.23883284,0.195,0.76325075,0.208,1420.3342,1135.95,0.64767164,0.44,-0.99755219,0.069925936
4314902,2025-10-12,161,932,774.2,1,evaluation,1,163,136,126,141,350,30,149.5,598,14.479871,163,138.25,1106,17.202575,163,-2,-0.012195122,-29,8.75,131,36.8,20.4,74.8,20.8,21.04,19.965,76.73,79.8,76.885,2.53,1.24,1.8025,58,0.033216311,0.093167702,0.23883284,0.195,0.76325075,0.208,1420.3342,1135.95,0.64767164,0.44,-0.98192814,0.18925412
4314902,2025-10-19,180,1035,774.2,1,evaluation,1,161,163,138,143,152,49,160,640,18.129166,180,142.875,1143,22.743523,180,19,0.11728395,21,10.5,131,0.2,138,40.35,20.53,17.51,20.72,64.16,72.08,74.905,2.23,1.87,1.8925,70,0.030123457,0.088888889,0.23883284,0.195,0.76325075,0.208,1420.3342,1135.95,0.64767164,0.44,-0.95208251,0.30584128
4314902,2025-10-26,226,1106,774.2,1,evaluation,1,180,161,136,125,154,21,182.5,730,30.22692,226,155.5,1244,35.72914,226,46,0.25414365,27,22.5,205,88,69.6,44.95,18.96,20.95,20.2225,82.04,84.41,74.3125,2.46,1.45,2.145,63,0.22848304,0.46902655,0.23883284,0.195,0.76325075,0.208,1420.3342,1135.95,0.64767164,0.44,-0.90844756,0.41799884
4314902,2025-11-02,270,1010,774.2,1,evaluation,1,226,180,163,114,111,27,209.25,837,48.835609,270,175,1400,49.687595,270,44,0.1938326,-2,26.75,243,55.6,54.8,45.15,20.3,20.6,20.1475,80.85,74.32,75.945,2.53,1.36,2.4375,63,0.22880658,0.46666667,0.23883284,0.195,0.76325075,0.208,1420.3342,1135.95,0.64767164,0.44,-0.85165526,0.52410239
4314902,2025-11-09,256,933,774.2,1,evaluation,1,270,226,161,126,119,34,233,932,39.816245,270,191.25,1530,52.548617,270,-14,-0.051660517,-58,23.75,222,0.6,36.8,36.1,21.67,20.8,20.365,72.41,76.73,74.865,2,2.53,2.305,62,0.26812744,0.51171875,0.23883284,0.195,0.76325075,0.208,1420.3342,1135.95,0.64767164,0.44,-0.78252817,0.62261518
4314902,2025-11-16,283,800,774.2,1,evaluation,1,256,270,180,138,141,35,258.75,1035,24.45915,283,209.375,1675,56.421722,283,27,0.10505837,41,25.75,248,52.3,0.2,49.125,22.41,20.53,20.835,67.44,64.16,75.685,2.49,2.23,2.37,52,0.40556131,0.63250883,0.23883284,0.195,0.76325075,0.208,1420.3342,1135.95,0.64767164,0.44,-0.70206746,0.71211044
4314902,2025-11-23,297,660,774.2,0,evaluation,1,283,256,226,136,143,3,276.5,1106,17.559423,297,229.5,1836,55.211282,297,14,0.049295775,-13,17.75,294,0,88,27.125,22.73,18.96,21.7775,70.92,82.04,72.905,2.62,2.46,2.41,60,0.3575032,0.59259259,0.23883284,0.195,0.76325075,0.208,1420.3342,1135.95,0.64767164,0.44,-0.61143848,0.79129197
4314902,2025-11-30,174,881,774.2,1,evaluation,1,297,283,270,163,125,7,252.5,1010,55.030295,297,230.875,1847,53.426685,297,-123,-0.41275168,-137,-24,167,0.3,55.6,13.3,23.9,20.3,22.6775,74.85,80.85,71.405,2.21,2.53,2.33,61,0.047430308,0.15517241,0.23883284,0.195,0.76325075,0.208,1420.3342,1135.95,0.64767164,0.44,-0.51195383,0.85901296
4314902,2025-12-07,179,877,774.2,1,evaluation,1,174,297,256,161,114,14,233.25,933,65.8097,297,233.125,1865,50.354281,297,5,0.028571429,128,-19.25,165,64.5,0.6,29.275,24.75,21.67,23.4475,76.63,72.41,72.46,2.67,2,2.4975,71,0.028432321,0.089385475,0.23883284,0.195,0.76325075,0.208,1420.3342,1135.95,0.64767164,0.44,-0.40505439,0.91429259
4314902,2025-12-14,150,922,774.2,1,evaluation,1,179,174,283,180,126,7,200,800,65.893854,297,229.375,1835,55.708264,297,-29,-0.16111111,-34,-33.25,143,3.7,52.3,17.125,24.54,22.41,23.98,68.79,67.44,72.7975,2.02,2.49,2.38,59,0.036355556,0.10666667,0.23883284,0.195,0.76325075,0.208,1420.3342,1135.95,0.64767164,0.44,-0.29228842,0.95633021
4314902,2025-12-21,157,956,774.2,1,evaluation,1,150,179,297,226,138,5,165,660,13.735599,179,220.75,1766,61.360178,297,7,0.046357616,36,-35,152,29.55,0,24.5125,27.55,22.73,25.185,83.09,70.92,75.84,1.54,2.62,2.11,61,0.066980405,0.21019108,0.23883284,0.195,0.76325075,0.208,1420.3342,1135.95,0.64767164,0.44,-0.17528914,0.984517
4314902,2025-12-28,395,754,774.2,0,evaluation,1,157,150,174,270,136,25,220.25,881,117.15339,395,236.375,1891,86.470371,395,238,1.5063291,231,55.25,370,30.85,0.3,32.15,26.57,23.9,25.8525,79.44,74.85,76.9875,2.1,2.21,2.0825,47,0.57155584,0.75443038,0.23883284,0.195,0.76325075,0.208,1420.3342,1135.95,0.64767164,0.44,-0.055751083,0.9984447
4314902,2026-01-04,175,753,774.2,0,outside_evaluation,1,395,157,179,256,163,82,219.25,877,117.63892,395,226.25,1810,88.561117,395,-220,-0.55555556,-458,-1,93,9.5,64.5,18.4,24.34,24.75,25.75,70.12,76.63,75.36,2.31,2.67,1.9925,76,0.028636735,0.091428571,0.23883284,0.195,0.76325075,0.208,1420.3342,1135.95,0.64767164,0.44,0.068756818,0.99763345
4314902,2026-01-11,195,787,774.2,1,outside_evaluation,1,175,395,150,283,161,79,230.5,922,110.7595,395,215.25,1722,85.931451,395,20,0.11363636,240,11.25,116,24.5,3.7,23.6,27.18,24.54,26.41,74.18,68.79,76.7075,1.82,2.02,1.9425,83,0.020749507,0.051282051,0.23883284,0.195,0.76325075,0.208,1420.3342,1135.95,0.64767164,0.44,0.18810323,0.98214926
4314902,2026-01-18,191,728,774.2,0,outside_evaluation,1,195,175,157,297,180,102,239,956,104.35836,395,202,1616,79.45349,395,-4,-0.020408163,-24,8.5,89,37.65,29.55,25.625,23.05,27.55,25.285,70.34,83.09,73.52,2.62,1.54,2.2125,85,0.019928182,0.052356021,0.23883284,0.195,0.76325075,0.208,1420.3342,1135.95,0.64767164,0.44,0.30472529,0.95244029
4314902,2026-01-25,193,726,774.2,0,outside_evaluation,1,191,195,395,174,226,100,188.5,754,9.1469485,195,204.375,1635,78.778056,395,2,0.010416667,6,-50.5,93,13.5,30.85,21.2875,26.34,26.57,25.2275,76.74,79.44,72.845,1.82,2.1,2.1425,79,0.021396548,0.056994819,0.23883284,0.195,0.76325075,0.208,1420.3342,1135.95,0.64767164,0.44,0.41693391,0.90893681
4314902,2026-02-01,174,798,774.2,1,outside_evaluation,1,193,191,175,179,270,117,188.25,753,9.6393292,195,203.75,1630,79.027572,395,-19,-0.097938144,-21,-0.25,57,16.3,9.5,22.9875,25.84,24.34,25.6025,77.39,70.12,74.6625,1.98,2.31,2.06,65,0.024706038,0.068965517,0.23883284,0.195,0.76325075,0.208,1420.3342,1135.95,0.64767164,0.44,0.52310394,0.8522689
4314902,2026-02-08,229,776,774.2,1,outside_evaluation,1,174,193,195,150,256,165,196.75,787,23.128266,229,213.625,1709,76.238231,395,55,0.31428571,74,8.5,64,0.3,24.5,16.9375,26.31,27.18,25.385,73.48,74.18,74.4875,2.16,1.82,2.145,90,0.021757785,0.052401747,0.23883284,0.195,0.76325075,0.208,1420.3342,1135.95,0.64767164,0.44,0.62169768,0.7832573
4314902,2026-02-15,132,895,774.2,1,outside_evaluation,1,229,174,191,157,283,260,182,728,40.389768,229,210.5,1684,79.340136,395,-97,-0.42173913,-152,-14.75,-128,16.9,37.65,11.75,26.52,23.05,26.2525,80.99,70.34,77.15,1.92,2.62,1.97,61,0.03248393,0.075757576,0.23883284,0.195,0.76325075,0.208,1420.3342,1135.95,0.64767164,0.44,0.71128717,0.70290153
4314902,2026-02-22,191,948,774.2,1,outside_evaluation,1,132,229,193,395,297,439,181.5,726,40.220227,229,185,1480,27.260647,229,59,0.44360902,156,-0.5,-248,12.1,13.5,11.4,23.84,26.34,25.6275,75.8,76.74,76.915,2.37,1.82,2.1075,84,0.020202297,0.068062827,0.23883284,0.195,0.76325075,0.208,1420.3342,1135.95,0.64767164,0.44,0.79057486,0.6123654
4314902,2026-03-01,246,952,774.2,1,outside_evaluation,1,191,132,174,175,174,458,199.5,798,50.533817,246,193.875,1551,34.211266,246,55,0.28645833,-4,18,-212,,16.3,,,25.84,,,77.39,,,1.98,,83,0.020589596,0.048780488,0.23883284,0.195,0.76325075,0.208,1420.3342,1135.95,0.64767164,0.44,0.8584124,0.51296019
4314902,2026-03-08,207,1048,774.2,1,outside_evaluation,1,246,191,229,195,179,849,194,776,47.349762,246,195.375,1563,34.529232,246,-39,-0.15789474,-94,-5.5,-642,,0.3,,,26.31,,,73.48,,,2.16,,85,0.024061238,0.09178744,0.23883284,0.195,0.76325075,0.208,1420.3342,1135.95,0.64767164,0.44,0.91381726,0.40612561
4314902,2026-03-15,251,1072,774.2,1,outside_evaluation,1,207,246,132,191,150,1366,223.75,895,29.386788,251,202.875,1623,39.588734,251,44,0.21153846,83,29.75,-1115,,16.9,,,26.52,,,80.99,,,1.92,,96,0.018936207,0.043824701,0.23883284,0.195,0.76325075,0.208,1420.3342,1135.95,0.64767164,0.44,0.95598701,0.29340898
4314902,2026-03-22,244,956,774.2,1,outside_evaluation,1,251,207,191,193,157,2201,237,948,20.215506,251,209.25,1674,41.815069,251,-7,-0.027777778,-51,13.25,-1957,,12.1,,,23.84,,,75.8,,,2.37,,93,0.016930933,0.036885246,0.23883284,0.195,0.76325075,0.208,1420.3342,1135.95,0.64767164,0.44,0.98431089,0.17644281
4314902,2026-03-29,250,807,774.2,1,outside_evaluation,1,244,251,246,174,395,3438,238,952,20.896571,251,218.75,1750,41.292511,251,6,0.024489796,13,1,-3188,,,,,,,,,,,,,92,0.019008,0.052,0.23883284,0.195,0.76325075,0.208,1420.3342,1135.95,0.64767164,0.44,0.99837868,0.056921161
4314902,2026-04-05,303,636,774.2,0,outside_evaluation,1,250,244,207,229,175,4032,262,1048,27.507575,303,228,1824,51.051794,303,53,0.21115538,47,24,-3729,,,,,,,,,,,,,95,0.016523435,0.04290429,0.23883284,0.195,0.76325075,0.208,1420.3342,1135.95,0.64767164,0.44,0.99798661,-0.063424895
4314902,2026-04-12,275,439,774.2,0,outside_evaluation,1,303,250,251,132,195,3643,268,1072,26.919633,303,245.875,1967,35.215409,303,-28,-0.092105263,-81,6,-3368,,,,,,,,,,,,,104,0.016489256,0.043636364,0.23883284,0.195,0.76325075,0.208,1420.3342,1135.95,0.64767164,0.44,0.98314039,-0.18285235
4314902,2026-04-19,128,364,774.2,0,outside_evaluation,1,275,303,244,191,191,5100,239,956,77.101664,303,238,1904,52.191953,303,-147,-0.5326087,-119,-29,-4972,,,,,,,,,,,,,69,0.022827148,0.0625,0.23883284,0.195,0.76325075,0.208,1420.3342,1135.95,0.64767164,0.44,0.95405501,-0.29963149
4314902,2026-04-26,101,321,774.2,0,outside_evaluation,1,128,275,250,246,193,4711,201.75,807,101.99142,303,219.875,1759,70.856873,303,-27,-0.20930233,120,-37.25,-4610,,,,,,,,,,,,,57,0.038329576,0.11881188,0.23883284,0.195,0.76325075,0.208,1420.3342,1135.95,0.64767164,0.44,0.91115175,-0.41207097
4314902,2026-05-03,132,228,774.2,0,outside_evaluation,1,101,128,303,207,174,5092,159,636,78.549348,275,210.5,1684,77.457823,303,31,0.30392157,58,-42.75,-4960,,,,,,,,,,,,,59,0.028351699,0.068181818,0.23883284,0.195,0.76325075,0.208,1420.3342,1135.95,0.64767164,0.44,0.85505198,-0.5185423
4314902,2026-05-10,78,195,774.2,0,outside_evaluation,1,132,101,275,251,229,5398,109.75,439,25.250413,132,188.875,1511,87.971485,303,-54,-0.40601504,-85,-49.25,-5320,,,,,,,,,,,,,44,0.036489152,0.11538462,0.23883284,0.195,0.76325075,0.208,1420.3342,1135.95,0.64767164,0.44,0.78656821,-0.6175034
4314902,2026-05-17,53,181,774.2,0,outside_evaluation,1,78,132,128,244,132,4977,91,364,33.635299,132,165,1320,96.389092,303,-25,-0.3164557,29,-18.75,-4924,,,,,,,,,,,,,39,0.030971876,0.056603774,0.23883284,0.195,0.76325075,0.208,1420.3342,1135.95,0.64767164,0.44,0.70669232,-0.707521
4314902,2026-05-24,58,147,774.2,0,outside_evaluation,1,53,78,101,250,191,3520,80.25,321,36.151302,132,141,1128,96.10411,303,5,0.092592593,30,-10.75,-3462,,,,,,,,,,,,,40,0.033888228,0.086206897,0.23883284,0.195,0.76325075,0.208,1420.3342,1135.95,0.64767164,0.44,0.61658117,-0.78729135
4314902,2026-05-31,39,,774.2,,incomplete_horizon,1,58,53,132,303,246,2431,57,228,16.145175,78,108,864,75.687327,275,-19,-0.3220339,-24,-23.25,-2392,,,,,,,,,,,,,31,0.037475345,0.076923077,0.23883284,0.195,0.76325075,0.208,1420.3342,1135.95,0.64767164,0.44,0.51753987,-0.85565909
4314902,2026-06-07,45,,774.2,,incomplete_horizon,1,39,58,78,275,207,1363,48.75,195,8.4212034,58,79.25,634,36.970065,132,6,0.15,25,-8.25,-1318,,,,,,,,,,,,,28,0.056790123,0.15555556,0.23883284,0.195,0.76325075,0.208,1420.3342,1135.95,0.64767164,0.44,0.41100288,-0.91163405
4314902,2026-06-14,39,,774.2,,incomplete_horizon,1,45,39,53,128,251,823,45.25,181,8.9582364,58,68.125,545,33.425557,132,-6,-0.13043478,-12,-3.5,-784,,,,,,,,,,,,,23,0.053254438,0.1025641,0.23883284,0.195,0.76325075,0.208,1420.3342,1135.95,0.64767164,0.44,0.29851319,-0.95440551
4314902,2026-06-21,24,,774.2,,incomplete_horizon,1,39,45,58,101,244,467,36.75,147,8.9582364,45,58.5,468,33.691881,132,-15,-0.375,-9,-8.5,-443,,,,,,,,,,,,,19,0.059027778,0.083333333,0.23883284,0.195,0.76325075,0.208,1420.3342,1135.95,0.64767164,0.44,0.18170004,-0.983354
1302603,2021-01-03,19,271,304.2,0,development,1,,,,,,,,,,,,,,,,,,,,,,,,,,,,,,,,7,0.42382271,0.63157895,0.334835,0.17725,0.76553,0.183,1446.4989,906.22,5.9857,3.52,0.051585425,0.99866859
1302603,2021-01-10,52,351,304.2,1,development,1,19,,,,,,,,,,,,,,33,1.65,,,,,,,,,,,,,,,,16,0.24926036,0.46153846,0.334835,0.17725,0.76553,0.183,1446.4989,906.22,5.9857,3.52,0.17118054,0.98523968
1302603,2021-01-17,62,426,304.2,1,development,1,52,19,,,,,,,,,,,,,10,0.18867925,-23,,,,,,,,,,,,,,,15,0.23985432,0.4516129,0.334835,0.17725,0.76553,0.183,1446.4989,906.22,5.9857,3.52,0.28829639,0.95754122
1302603,2021-01-24,75,505,304.2,1,development,1,62,52,,,,,52,208,23.930455,75,,,,,13,0.20634921,3,,,,,,,,,,,,,,,18,0.23057778,0.44,0.334835,0.17725,0.76553,0.183,1446.4989,906.22,5.9857,3.52,0.40123675,0.91597438
1302603,2021-01-31,82,634,304.2,1,development,1,75,62,19,,,,67.75,271,13.375973,82,,,,,7,0.092105263,-6,15.75,,,,,,,,,,,,,,20,0.21653778,0.3902439,0.334835,0.17725,0.76553,0.183,1446.4989,906.22,5.9857,3.52,0.50836587,0.86114119
1302603,2021-02-07,132,682,304.2,1,development,1,82,75,52,,,,87.75,351,30.641747,132,,,,,50,0.60240964,43,20,,,,,,,,,,,,,,21,0.17102847,0.33333333,0.334835,0.17725,0.76553,0.183,1446.4989,906.22,5.9857,3.52,0.60813216,0.7938358
1302603,2021-02-14,137,813,304.2,1,development,1,132,82,62,,,,106.5,426,32.521788,137,,,,,5,0.037593985,-45,18.75,,,,,,,,,,,,,,28,0.17363738,0.37226277,0.334835,0.17725,0.76553,0.183,1446.4989,906.22,5.9857,3.52,0.69909067,0.71503303
1302603,2021-02-21,154,915,304.2,1,development,1,137,132,75,,,,126.25,505,30.96638,154,89.125,713,47.239322,154,17,0.12318841,12,19.75,,,,,,,,,,,,,,22,0.25206612,0.44805195,0.334835,0.17725,0.76553,0.183,1446.4989,906.22,5.9857,3.52,0.77992402,0.62587421
1302603,2021-02-28,211,994,304.2,1,development,1,154,137,82,19,,,158.5,634,36.24454,211,113.125,905,54.705543,211,57,0.36774194,40,32.25,,,,,,,,,,,,,,36,0.13402664,0.31279621,0.334835,0.17725,0.76553,0.183,1446.4989,906.22,5.9857,3.52,0.84946148,0.52765064
1302603,2021-03-07,180,1097,304.2,1,development,1,211,154,132,52,,,170.5,682,32.274861,211,129.125,1033,52.964779,211,-31,-0.14622642,-88,12,,,,,,,,,,,,,,33,0.17333333,0.37222222,0.334835,0.17725,0.76553,0.183,1446.4989,906.22,5.9857,3.52,0.90669591,0.42178494
1302603,2021-03-14,268,1077,304.2,1,development,1,180,211,137,62,,,203.25,813,49.053542,268,154.875,1239,64.490171,268,88,0.48618785,119,32.75,,,,,,,,,,,,,,53,0.10740143,0.25746269,0.334835,0.17725,0.76553,0.183,1446.4989,906.22,5.9857,3.52,0.95079836,0.30981039
1302603,2021-03-21,256,1041,304.2,1,development,1,268,180,154,75,,,228.75,915,40.721616,268,177.5,1420,64.213928,268,-12,-0.044609665,-100,25.5,,,,,,,,,,,,,,44,0.13085938,0.3203125,0.334835,0.17725,0.76553,0.183,1446.4989,906.22,5.9857,3.52,0.98113009,0.19334875
1302603,2021-03-28,290,950,304.2,1,development,1,256,268,211,82,,,248.5,994,47.787725,290,203.5,1628,62.096699,290,34,0.13229572,46,19.75,,,,,,,,,,,,,,43,0.13681332,0.23448276,0.334835,0.17725,0.76553,0.183,1446.4989,906.22,5.9857,3.52,0.9972518,0.074086778
1302603,2021-04-04,283,867,304.2,1,development,1,290,256,180,132,19,,274.25,1097,15.239751,290,222.375,1779,60.178158,290,-7,-0.024054983,-41,25.75,,,,,,,,,,,,,,45,0.1177565,0.29328622,0.334835,0.17725,0.76553,0.183,1446.4989,906.22,5.9857,3.52,0.99892998,-0.046248216
1302603,2021-04-11,248,806,304.2,1,development,1,283,290,268,137,52,,269.25,1077,20.385861,290,236.25,1890,49.537143,290,-35,-0.12323944,-28,-5,,,,,,,,,,,,,,40,0.11046436,0.23790323,0.334835,0.17725,0.76553,0.183,1446.4989,906.22,5.9857,3.52,0.98614033,-0.16591338
1302603,2021-04-18,220,762,304.2,1,development,1,248,283,256,154,62,,260.25,1041,32.520506,290,244.5,1956,38.045086,290,-28,-0.1124498,7,-9,,,,,,,,,,,,,,42,0.10355372,0.25909091,0.334835,0.17725,0.76553,0.183,1446.4989,906.22,5.9857,3.52,0.95906809,-0.28317557
1302603,2021-04-25,199,747,304.2,1,development,1,220,248,290,211,75,,237.5,950,36.373067,283,243,1944,39.752808,290,-21,-0.095022624,7,-22.75,,,,,,,,,,,,,,36,0.099214666,0.23115578,0.334835,0.17725,0.76553,0.183,1446.4989,906.22,5.9857,3.52,0.91810535,-0.39633643
1302603,2021-05-02,200,699,304.2,1,development,1,199,220,283,180,82,,216.75,867,22.969182,248,245.5,1964,35.641068,290,1,0.005,22,-20.75,,,,,,,,,,,,,,36,0.09525,0.24,0.334835,0.17725,0.76553,0.183,1446.4989,906.22,5.9857,3.52,0.86384539,-0.50375703
1302603,2021-05-09,187,658,304.2,1,development,1,200,199,248,268,132,,201.5,806,13.674794,220,235.375,1883,39.619395,290,-13,-0.064676617,-14,-15.25,,,,,,,,,,,,,,39,0.093139638,0.21390374,0.334835,0.17725,0.76553,0.183,1446.4989,906.22,5.9857,3.52,0.79707408,-0.60388154
1302603,2021-05-16,176,641,304.2,1,development,1,187,200,220,256,137,,190.5,762,11.32843,200,225.375,1803,43.569116,290,-11,-0.058510638,2,-11,,,,,,,,,,,,,,33,0.11331353,0.26704545,0.334835,0.17725,0.76553,0.183,1446.4989,906.22,5.9857,3.52,0.71875848,-0.69525984
1302603,2021-05-23,184,612,304.2,1,development,1,176,187,199,290,154,,186.75,747,9.9791449,200,212.125,1697,36.681788,283,8,0.04519774,19,-3.75,,,,,,,,,,,,,,34,0.13852788,0.29891304,0.334835,0.17725,0.76553,0.183,1446.4989,906.22,5.9857,3.52,0.63003286,-0.77656847
1302603,2021-05-30,152,612,304.2,1,development,1,184,176,200,283,211,,174.75,699,15.861379,187,195.75,1566,28.946996,248,-32,-0.17297297,-40,-12,,,,,,,,,,,,,,29,0.15694252,0.32236842,0.334835,0.17725,0.76553,0.183,1446.4989,906.22,5.9857,3.52,0.53218228,-0.8466298
1302603,2021-06-06,146,608,304.2,1,development,1,152,184,187,248,180,,164.5,658,18.35756,184,183,1464,24.813591,220,-6,-0.039215686,26,-10.25,,,,,,,,,,,,,,29,0.13229499,0.25342466,0.334835,0.17725,0.76553,0.183,1446.4989,906.22,5.9857,3.52,0.42662393,-0.90442912
1302603,2021-06-13,159,589,304.2,1,development,1,146,152,176,220,268,,160.25,641,16.700798,184,175.375,1403,20.880185,200,13,0.088435374,19,-4.25,,,,,,,,,,,,,,29,0.082868557,0.16352201,0.334835,0.17725,0.76553,0.183,1446.4989,906.22,5.9857,3.52,0.31488664,-0.94912929
1302603,2021-06-20,155,546,304.2,1,development,1,159,146,184,199,256,,153,612,5.4772256,159,169.875,1359,19.518764,200,-4,-0.025,-17,-7.25,,,,,,,,,,,,,,27,0.075296566,0.12903226,0.334835,0.17725,0.76553,0.183,1446.4989,906.22,5.9857,3.52,0.19858874,-0.98008291
1302603,2021-06-27,152,505,304.2,1,development,1,155,159,152,200,290,,153,612,5.4772256,159,163.875,1311,15.994977,187,-3,-0.019230769,1,0,,,,,,,,,,,,,,26,0.11175554,0.22368421,0.334835,0.17725,0.76553,0.183,1446.4989,906.22,5.9857,3.52,0.079414622,-0.99684167
1302603,2021-07-04,142,473,304.2,1,development,1,152,155,146,187,283,,152,608,7.2571804,159,158.25,1266,14.54795,184,-10,-0.065359477,-7,-1,,,,,,,,,,,,,,29,0.086094029,0.17605634,0.334835,0.17725,0.76553,0.183,1446.4989,906.22,5.9857,3.52,-0.040909686,-0.99916285
1302603,2021-07-11,140,418,304.2,1,development,1,142,152,159,176,248,,147.25,589,7.3654599,155,153.75,1230,13.822859,184,-2,-0.013986014,8,-4.75,,,,,,,,,,,,,,28,0.092653061,0.16428571,0.334835,0.17725,0.76553,0.183,1446.4989,906.22,5.9857,3.52,-0.16064149,-0.98701282
1302603,2021-07-18,112,367,304.2,1,development,1,140,142,155,184,220,,136.5,546,17.156146,152,144.75,1158,14.723645,159,-28,-0.19858156,-26,-10.75,,,,,,,,,,,,,,25,0.090880102,0.14285714,0.334835,0.17725,0.76553,0.183,1446.4989,906.22,5.9857,3.52,-0.27804666,-0.96056757
1302603,2021-07-25,111,321,304.2,1,development,1,112,140,152,152,199,,126.25,505,17.056279,142,139.625,1117,18.492759,159,-1,-0.0088495575,27,-10.25,,,,,,,,,,,,,,25,0.095203311,0.16216216,0.334835,0.17725,0.76553,0.183,1446.4989,906.22,5.9857,3.52,-0.3914248,-0.9202101
1302603,2021-08-01,110,300,304.2,0,development,1,111,112,142,146,200,,118.25,473,14.52297,140,135.125,1081,20.93826,159,-1,-0.0089285714,0,-8,,,,,,,,,,,,,,27,0.088595041,0.19090909,0.334835,0.17725,0.76553,0.183,1446.4989,906.22,5.9857,3.52,-0.4991338,-0.86652493
1302603,2021-08-08,85,271,304.2,0,development,1,110,111,140,159,187,,104.5,418,13.025616,112,125.875,1007,24.86212,155,-25,-0.22522523,-24,-13.75,,,,,,,,,,,,,,24,0.065467128,0.10588235,0.334835,0.17725,0.76553,0.183,1446.4989,906.22,5.9857,3.52,-0.59961369,-0.80028959
1302603,2021-08-15,61,265,304.2,0,development,1,85,110,112,155,176,,91.75,367,23.767976,111,114.125,913,30.666117,152,-24,-0.27906977,1,-12.75,,,,,,,,,,,,,,18,0.11636657,0.21311475,0.334835,0.17725,0.76553,0.183,1446.4989,906.22,5.9857,3.52,-0.69140917,-0.7224634
1302603,2021-08-22,65,247,304.2,0,development,1,61,85,111,152,184,,80.25,321,22.440662,110,103.25,826,30.742014,142,4,0.064516129,28,-11.5,,,,,,,,,,,,,,25,0.084023669,0.18461538,0.334835,0.17725,0.76553,0.183,1446.4989,906.22,5.9857,3.52,-0.77319075,-0.63417353
1302603,2021-08-29,89,190,304.2,0,development,1,65,61,110,142,152,,75,300,14.047538,89,96.625,773,26.634765,140,24,0.36363636,20,-5.25,,,,,,,,,,,,,,19,0.14833986,0.30337079,0.334835,0.17725,0.76553,0.183,1446.4989,906.22,5.9857,3.52,-0.84377395,-0.53669872
1302603,2021-09-05,56,175,304.2,0,development,1,89,65,85,140,146,,67.75,271,14.637281,89,86.125,689,23.460834,112,-33,-0.36666667,-57,-7.25,,,,,,,,,,,,,,18,0.14923469,0.32142857,0.334835,0.17725,0.76553,0.183,1446.4989,906.22,5.9857,3.52,-0.9021365,-0.43145073
1302603,2021-09-12,55,142,304.2,0,development,1,56,89,61,112,159,,66.25,265,15.819292,89,79,632,23.133155,111,-1,-0.01754386,32,-1.5,,,,,,,,,,,,,,19,0.10809917,0.18181818,0.334835,0.17725,0.76553,0.183,1446.4989,906.22,5.9857,3.52,-0.94743311,-0.3199539
1302603,2021-09-19,47,125,304.2,0,development,1,55,56,65,111,155,,61.75,247,18.607794,89,71,568,21.494185,110,-8,-0.14285714,-7,-4.5,,,,,,,,,,,,,,19,0.089180625,0.17021277,0.334835,0.17725,0.76553,0.183,1446.4989,906.22,5.9857,3.52,-0.97900774,-0.20382307
1302603,2021-09-26,32,122,304.2,0,development,1,47,55,89,110,152,,47.5,190,11.090537,56,61.25,490,18.797796,89,-15,-0.3125,-7,-14.25,,,,,,,,,,,,,,14,0.12890625,0.28125,0.334835,0.17725,0.76553,0.183,1446.4989,906.22,5.9857,3.52,-0.99640308,-0.084740199
1302603,2021-10-03,41,106,304.2,0,development,1,32,47,56,85,142,,43.75,175,9.7082439,55,55.75,446,17.22747,89,9,0.27272727,24,-3.75,,,,,,,,,,,,,,18,0.089827484,0.19512195,0.334835,0.17725,0.76553,0.183,1446.4989,906.22,5.9857,3.52,-0.99936719,0.035569988
1302603,2021-10-10,22,99,304.2,0,development,1,41,32,55,61,140,,35.5,142,10.908712,47,50.875,407,20.698085,89,-19,-0.45238095,-28,-8.25,,,,,,,,,,,,,,14,0.090909091,0.13636364,0.334835,0.17725,0.76553,0.183,1446.4989,906.22,5.9857,3.52,-0.98785713,0.155365
1302603,2021-10-17,30,84,304.2,0,development,1,22,41,47,65,112,,31.25,125,7.804913,41,46.5,372,20.982986,89,8,0.34782609,27,-4.25,,,,,,,,,,,,,,14,0.12666667,0.26666667,0.334835,0.17725,0.76553,0.183,1446.4989,906.22,5.9857,3.52,-0.96203962,0.27290982
1302603,2021-10-24,29,80,304.2,0,development,1,30,22,32,89,111,,30.5,122,7.8528127,41,39,312,12.716693,56,-1,-0.032258065,-9,-0.75,,,,,,,,,,,,,,11,0.15814507,0.24137931,0.334835,0.17725,0.76553,0.183,1446.4989,906.22,5.9857,3.52,-0.92228857,0.38650199
1302603,2021-10-31,25,84,304.2,0,development,1,29,30,41,56,110,,26.5,106,3.6968455,30,35.125,281,11.457219,55,-4,-0.13333333,-3,-4,,,,,,,,,,,,,,14,0.0912,0.16,0.334835,0.17725,0.76553,0.183,1446.4989,906.22,5.9857,3.52,-0.86917972,0.49449632
1302603,2021-11-07,15,100,304.2,0,development,1,25,29,22,55,85,,24.75,99,6.8495742,30,30.125,241,10.204166,47,-10,-0.38461538,-6,-1.75,,,,,,,,,,,,,,7,0.18222222,0.26666667,0.334835,0.17725,0.76553,0.183,1446.4989,906.22,5.9857,3.52,-0.80348225,0.59532871
1302603,2021-11-14,15,114,304.2,0,development,1,15,25,30,47,61,,21,84,7.1180522,29,26.125,209,8.8226575,41,0,0,10,-3.75,,,,,,,,,,,,,,6,0.20888889,0.26666667,0.334835,0.17725,0.76553,0.183,1446.4989,906.22,5.9857,3.52,-0.72614769,0.68753875
1302603,2021-11-21,25,105,304.2,0,development,1,15,15,29,32,65,,20,80,5.7735027,25,25.25,202,8.4978989,41,10,0.625,10,-1,,,,,,,,,,,,,,14,0.0976,0.2,0.334835,0.17725,0.76553,0.183,1446.4989,906.22,5.9857,3.52,-0.63829609,0.76979095
1302603,2021-11-28,29,105,304.2,0,development,1,25,15,25,41,89,,21,84,7.1180522,29,23.75,190,6.0178306,30,4,0.15384615,-6,1,,,,,,,,,,,,,,13,0.10107015,0.20689655,0.334835,0.17725,0.76553,0.183,1446.4989,906.22,5.9857,3.52,-0.54119984,0.84089401
1302603,2021-12-05,31,93,304.2,0,development,1,29,25,15,22,56,,25,100,7.1180522,31,24.875,199,6.4683294,31,2,0.066666667,-2,4,,,,,,,,,,,,,,18,0.086368366,0.16129032,0.334835,0.17725,0.76553,0.183,1446.4989,906.22,5.9857,3.52,-0.43626522,0.89981813
1302603,2021-12-12,29,93,304.2,0,development,1,31,29,15,30,55,,28.5,114,2.5166115,31,24.75,198,6.363961,31,-2,-0.0625,-4,3.5,,,,,,,,,,,,,,15,0.091557669,0.17241379,0.334835,0.17725,0.76553,0.183,1446.4989,906.22,5.9857,3.52,-0.32501202,0.94570989
1302603,2021-12-19,16,93,304.2,0,development,1,29,31,25,29,47,,26.25,105,6.8980674,31,23.125,185,6.7704716,31,-13,-0.43333333,-11,-2.25,,,,,,,,,,,,,,9,0.1328125,0.1875,0.334835,0.17725,0.76553,0.183,1446.4989,906.22,5.9857,3.52,-0.20905157,0.97790462
1302603,2021-12-26,29,82,304.2,0,development,1,16,29,29,25,32,,26.25,105,6.8980674,31,23.625,189,7.069805,31,13,0.76470588,26,0,,,,,,,,,,,,,,12,0.14863258,0.27586207,0.334835,0.17725,0.76553,0.183,1446.4989,906.22,5.9857,3.52,-0.090063355,0.99593604
1302603,2022-01-02,19,108,304.2,0,development,1,29,16,31,15,41,19,23.25,93,6.751543,29,24.125,193,6.4903775,31,-10,-0.33333333,-23,-3,0,,,,,,,,,,,,,10,0.14127424,0.26315789,0.334835,0.17725,0.76553,0.183,1446.4989,906.22,5.9857,3.52,0.034398767,0.99940819
1302603,2022-01-09,29,114,304.2,0,development,1,19,29,29,15,22,52,23.25,93,6.751543,29,25.875,207,5.4886246,31,10,0.5,20,0,-23,,,,,,,,,,,,,11,0.12722949,0.17241379,0.334835,0.17725,0.76553,0.183,1446.4989,906.22,5.9857,3.52,0.15420719,0.98803853
1302603,2022-01-16,16,145,304.2,0,development,1,29,19,16,25,30,62,23.25,93,6.751543,29,24.75,198,6.5192024,31,-13,-0.43333333,-23,0,-46,,,,,,,,,,,,,9,0.234375,0.4375,0.334835,0.17725,0.76553,0.183,1446.4989,906.22,5.9857,3.52,0.27178218,0.96235879
1302603,2022-01-23,18,162,304.2,0,development,1,16,29,29,29,29,75,20.5,82,5.8022984,29,23.375,187,6.6534094,31,2,0.11764706,15,-2.75,-57,,,,,,,,,,,,,7,0.22839506,0.38888889,0.334835,0.17725,0.76553,0.183,1446.4989,906.22,5.9857,3.52,0.38542086,0.9227409
1302603,2022-01-30,45,153,304.2,0,development,1,18,16,19,31,25,82,27,108,13.291601,45,25.125,201,9.9633256,45,27,1.4210526,25,6.5,-37,,,,,,,,,,,,,16,0.11901235,0.22222222,0.334835,0.17725,0.76553,0.183,1446.4989,906.22,5.9857,3.52,0.49347736,0.86975864
1302603,2022-02-06,35,157,304.2,0,development,1,45,18,29,29,15,132,28.5,114,13.916417,45,25.875,207,10.50765,45,-10,-0.2173913,-37,1.5,-97,,,,,,,,,,,,,13,0.11346939,0.2,0.334835,0.17725,0.76553,0.183,1446.4989,906.22,5.9857,3.52,0.59438667,0.80417939
1302603,2022-02-13,47,161,304.2,0,development,1,35,45,16,16,15,137,36.25,145,13.250786,47,29.75,238,11.961247,47,12,0.33333333,22,7.75,-90,,,,,,,,,,,,,13,0.12630149,0.19148936,0.334835,0.17725,0.76553,0.183,1446.4989,906.22,5.9857,3.52,0.68668728,0.72695294
1302603,2022-02-20,35,168,304.2,0,development,1,47,35,18,29,25,154,40.5,162,6.4031242,47,30.5,244,12.094863,47,-12,-0.25,-24,4.25,-119,,,,,,,,,,,,,11,0.12326531,0.2,0.334835,0.17725,0.76553,0.183,1446.4989,906.22,5.9857,3.52,0.76904237,0.6391978
1302603,2022-02-27,36,183,304.2,0,development,1,35,47,45,19,29,211,38.25,153,5.85235,47,32.625,261,11.249603,47,1,0.027777778,13,-2.25,-175,,,,,,,,,,,,,11,0.14197531,0.22222222,0.334835,0.17725,0.76553,0.183,1446.4989,906.22,5.9857,3.52,0.84025918,0.54218494
1302603,2022-03-06,39,210,304.2,0,development,1,36,35,35,29,31,180,39.25,157,5.4390563,47,33.875,271,11.344445,47,3,0.081081081,2,1,-141,,,,,,,,,,,,,12,0.16370809,0.28205128,0.334835,0.17725,0.76553,0.183,1446.4989,906.22,5.9857,3.52,0.89930623,0.43731945
1302603,2022-03-13,51,203,304.2,0,development,1,39,36,47,16,29,268,40.25,161,7.3654599,51,38.25,306,10.15241,51,12,0.3,9,1,-217,,,,,,,,,,,,,10,0.15878508,0.2745098,0.334835,0.17725,0.76553,0.183,1446.4989,906.22,5.9857,3.52,0.94532834,0.32612011
1302603,2022-03-20,42,203,304.2,0,development,1,51,39,35,18,16,256,42,168,6.4807407,51,41.25,330,6.0178306,51,-9,-0.17307692,-21,1.75,-214,,,,,,,,,,,,,16,0.12244898,0.26190476,0.334835,0.17725,0.76553,0.183,1446.4989,906.22,5.9857,3.52,0.97765895,0.21019747
1302603,2022-03-27,51,186,304.2,0,development,1,42,51,36,45,29,290,45.75,183,6.1846584,51,42,336,6.8660656,51,9,0.20930233,18,3.75,-239,,,,,,,,,,,,,17,0.15109573,0.2745098,0.334835,0.17725,0.76553,0.183,1446.4989,906.22,5.9857,3.52,0.99582981,0.09123047
1302603,2022-04-03,66,156,304.2,0,development,1,51,42,39,35,19,283,52.5,210,9.9498744,66,45.875,367,10.260013,66,15,0.28846154,6,6.75,-217,,,,,,,,,,,,,18,0.12075298,0.24242424,0.334835,0.17725,0.76553,0.183,1446.4989,906.22,5.9857,3.52,0.99957773,-0.029057851
1302603,2022-04-10,44,145,304.2,0,development,1,66,51,51,47,29,248,50.75,203,10.874282,66,45.5,364,10.267842,66,-22,-0.32835821,-37,-1.75,-204,,,,,,,,,,,,,12,0.14256198,0.20454545,0.334835,0.17725,0.76553,0.183,1446.4989,906.22,5.9857,3.52,0.98884845,-0.14892532
1302603,2022-04-17,42,133,304.2,0,development,1,44,66,42,35,16,220,50.75,203,10.874282,66,46.375,371,9.515964,66,-2,-0.044444444,20,0,-178,,,,,,,,,,,,,13,0.13605442,0.21428571,0.334835,0.17725,0.76553,0.183,1446.4989,906.22,5.9857,3.52,0.96379735,-0.26663585
1302603,2022-04-24,34,125,304.2,0,development,1,42,44,51,36,18,199,46.5,186,13.699148,66,46.125,369,9.8479512,66,-8,-0.18604651,-6,-4.25,-165,,,,,,,,,,,,,11,0.23356401,0.44117647,0.334835,0.17725,0.76553,0.183,1446.4989,906.22,5.9857,3.52,0.92478725,-0.38048461
1302603,2022-05-01,36,122,304.2,0,development,1,34,42,66,39,45,200,39,156,4.7609523,44,45.75,366,10.20854,66,2,0.057142857,10,-7.5,-164,,,,,,,,,,,,,10,0.17746914,0.33333333,0.334835,0.17725,0.76553,0.183,1446.4989,906.22,5.9857,3.52,0.87238316,-0.48882268
1302603,2022-05-08,33,126,304.2,0,development,1,36,34,44,51,35,187,36.25,145,4.0311289,42,43.5,348,10.849621,66,-3,-0.081081081,-5,-2.75,-154,,,,,,,,,,,,,16,0.10192837,0.21212121,0.334835,0.17725,0.76553,0.183,1446.4989,906.22,5.9857,3.52,0.80734406,-0.59008098
1302603,2022-05-15,30,115,304.2,0,development,1,33,36,42,42,47,176,33.25,133,2.5,36,42,336,11.868325,66,-3,-0.088235294,0,-3,-146,,,,,,,,,,,,,12,0.16,0.3,0.334835,0.17725,0.76553,0.183,1446.4989,906.22,5.9857,3.52,0.73061194,-0.68279294
1302603,2022-05-22,26,106,304.2,0,development,1,30,33,34,51,35,184,31.25,125,4.2720019,36,38.875,311,12.437702,66,-4,-0.12903226,-1,-2,-158,,,,,,,,,,,,,10,0.13313609,0.19230769,0.334835,0.17725,0.76553,0.183,1446.4989,906.22,5.9857,3.52,0.64329812,-0.76561579
1302603,2022-05-29,33,84,304.2,0,development,1,26,30,36,66,36,152,30.5,122,3.3166248,33,34.75,278,5.9221135,44,7,0.25925926,11,-0.75,-119,,,,,,,,,,,,,16,0.085399449,0.15151515,0.334835,0.17725,0.76553,0.183,1446.4989,906.22,5.9857,3.52,0.5466672,-0.83734997
1302603,2022-06-05,37,59,304.2,0,development,1,33,26,33,44,39,146,31.5,126,4.6547467,37,33.875,271,4.7640769,42,4,0.11764706,-3,1,-109,,,,,,,,,,,,,17,0.079620161,0.16216216,0.334835,0.17725,0.76553,0.183,1446.4989,906.22,5.9857,3.52,0.44211873,-0.89695654
1302603,2022-06-12,19,55,304.2,0,development,1,37,33,30,42,51,159,28.75,115,7.9320027,37,31,248,5.9521905,37,-18,-0.47368421,-22,-2.75,-140,,,,,,,,,,,,,11,0.10803324,0.15789474,0.334835,0.17725,0.76553,0.183,1446.4989,906.22,5.9857,3.52,0.3311669,-0.94357219
1302603,2022-06-19,17,55,304.2,0,development,1,19,37,26,34,42,155,26.5,106,9.9833194,37,28.875,231,7.5486517,37,-2,-0.1,16,-2.25,-138,,,,,,,,,,,,,8,0.16955017,0.23529412,0.334835,0.17725,0.76553,0.183,1446.4989,906.22,5.9857,3.52,0.21541867,-0.97652178
1302603,2022-06-26,11,60,304.2,0,development,1,17,19,33,36,51,152,21,84,11.195237,37,25.75,206,9.1768342,37,-6,-0.33333333,-4,-5.5,-141,,,,,,,,,,,,,7,0.17355372,0.27272727,0.334835,0.17725,0.76553,0.183,1446.4989,906.22,5.9857,3.52,0.096550471,-0.99532809
1302603,2022-07-03,12,61,304.2,0,development,1,11,17,37,33,66,142,14.75,59,3.8622101,19,23.125,185,9.7897541,37,1,0.083333333,7,-6.25,-130,,,,,,,,,,,,,8,0.15277778,0.25,0.334835,0.17725,0.76553,0.183,1446.4989,906.22,5.9857,3.52,-0.023716105,-0.99971873
1302603,2022-07-10,15,57,304.2,0,development,1,12,11,19,30,44,140,13.75,55,2.7537853,17,21.25,170,9.721111,37,3,0.23076923,2,-1,-125,,,,,,,,,,,,,11,0.10222222,0.13333333,0.334835,0.17725,0.76553,0.183,1446.4989,906.22,5.9857,3.52,-0.14363919,-0.98963012
1302603,2022-07-17,17,51,304.2,0,development,1,15,12,17,26,42,112,13.75,55,2.7537853,17,20.125,161,9.6130492,37,2,0.125,-1,0,-95,,,,,,,,,,,,,7,0.2733564,0.47058824,0.334835,0.17725,0.76553,0.183,1446.4989,906.22,5.9857,3.52,-0.26148191,-0.96520838
1302603,2022-07-24,16,44,304.2,0,development,1,17,15,11,33,34,111,15,60,2.1602469,17,18,144,8.1240384,37,-1,-0.055555556,-3,1.25,-95,,,,,,,,,,,,,8,0.1796875,0.3125,0.334835,0.17725,0.76553,0.183,1446.4989,906.22,5.9857,3.52,-0.37553749,-0.9268072
1302603,2022-07-31,13,38,304.2,0,development,1,16,17,12,37,36,110,15.25,61,1.7078251,17,15,120,2.7774603,19,-3,-0.17647059,-2,0.25,-97,,,,,,,,,,,,,7,0.17159763,0.23076923,0.334835,0.17725,0.76553,0.183,1446.4989,906.22,5.9857,3.52,-0.48415405,-0.87498278
1302603,2022-08-07,11,31,304.2,0,development,1,13,16,15,19,33,85,14.25,57,2.7537853,17,14,112,2.5634798,17,-2,-0.14285714,1,-1,-74,,,,,,,,,,,,,6,0.27272727,0.45454545,0.334835,0.17725,0.76553,0.183,1446.4989,906.22,5.9857,3.52,-0.58575844,-0.81048569
1302603,2022-08-14,11,25,304.2,0,development,1,11,13,17,17,30,61,12.75,51,2.3629078,16,13.25,106,2.4348658,17,0,0,2,-1.5,-50,,,,,,,,,,,,,5,0.20661157,0.27272727,0.334835,0.17725,0.76553,0.183,1446.4989,906.22,5.9857,3.52,-0.6788791,-0.73425007
1302603,2022-08-21,9,26,304.2,0,development,1,11,11,16,11,26,65,11,44,1.6329932,13,13,104,2.7774603,17,-2,-0.16666667,-2,-1.75,-56,,,,,,,,,,,,,6,0.18518519,0.22222222,0.334835,0.17725,0.76553,0.183,1446.4989,906.22,5.9857,3.52,-0.76216734,-0.64738007
1302603,2022-08-28,7,28,304.2,0,development,1,9,11,13,12,33,89,9.5,38,1.9148542,11,12.375,99,3.5025501,17,-2,-0.2,0,-1.5,-82,,,,,,,,,,,,,5,0.26530612,0.42857143,0.334835,0.17725,0.76553,0.183,1446.4989,906.22,5.9857,3.52,-0.83441685,-0.55113385
1302603,2022-09-04,4,34,304.2,0,development,1,7,9,11,15,37,56,7.75,31,2.9860788,11,11,88,4.3752551,17,-3,-0.375,-1,-1.75,-52,,,,,,,,,,,,,4,0.25,0.25,0.334835,0.17725,0.76553,0.183,1446.4989,906.22,5.9857,3.52,-0.89458123,-0.44690538
1302603,2022-09-11,5,34,304.2,0,development,1,4,7,11,17,19,55,6.25,25,2.2173558,9,9.5,76,4.070802,16,1,0.2,4,-1.5,-50,,,,,,,,,,,,,4,0.28,0.4,0.334835,0.17725,0.76553,0.183,1446.4989,906.22,5.9857,3.52,-0.9417891,-0.33620423
1302603,2022-09-18,10,36,304.2,0,development,1,5,4,9,16,17,47,6.5,26,2.6457513,10,8.75,70,3.1509636,13,5,0.83333333,4,0.25,-37,,,,,,,,,,,,,7,0.16,0.2,0.334835,0.17725,0.76553,0.183,1446.4989,906.22,5.9857,3.52,-0.97535673,-0.22063373
1302603,2022-09-25,9,41,304.2,0,development,1,10,5,7,13,11,32,7,28,2.9439203,10,8.25,66,2.6592158,11,-1,-0.090909091,-6,0.5,-23,,,,,,,,,,,,,4,0.33333333,0.44444444,0.334835,0.17725,0.76553,0.183,1446.4989,906.22,5.9857,3.52,-0.99479795,-0.10186771
1302603,2022-10-02,10,42,304.2,0,development,1,9,10,4,11,12,41,8.5,34,2.3804761,10,8.125,65,2.5319388,11,1,0.1,2,1.5,-31,,,,,,,,,,,,,9,0.12,0.2,0.334835,0.17725,0.76553,0.183,1446.4989,906.22,5.9857,3.52,-0.99983119,0.018373682
1302603,2022-10-09,5,66,304.2,0,development,1,10,9,5,11,15,22,8.5,34,2.3804761,10,7.375,59,2.445842,10,-5,-0.45454545,-6,0,-17,,,,,,,,,,,,,5,0.2,0.2,0.334835,0.17725,0.76553,0.183,1446.4989,906.22,5.9857,3.52,-0.99038354,0.13834897
1302603,2022-10-16,12,68,304.2,0,development,1,5,10,10,9,17,30,9,36,2.9439203,12,7.75,62,2.9154759,12,7,1.1666667,12,0.5,-18,,,,,,,,,,,,,5,0.25,0.33333333,0.334835,0.17725,0.76553,0.183,1446.4989,906.22,5.9857,3.52,-0.96659185,0.2563205
1302603,2022-10-23,14,67,304.2,0,development,1,12,5,9,7,16,29,10.25,41,3.8622101,14,8.625,69,3.6228442,14,2,0.15384615,-5,1.25,-15,,,,,,,,,,,,,6,0.30612245,0.5,0.334835,0.17725,0.76553,0.183,1446.4989,906.22,5.9857,3.52,-0.92880069,0.37057966
1302603,2022-10-30,11,62,304.2,0,development,1,14,12,10,4,13,25,10.5,42,3.8729833,14,9.5,76,3.1622777,14,-3,-0.2,-5,0.25,-14,,,,,,,,,,,,,4,0.45454545,0.63636364,0.334835,0.17725,0.76553,0.183,1446.4989,906.22,5.9857,3.52,-0.8775574,0.47947159
1302603,2022-11-06,29,46,304.2,0,development,1,11,14,5,5,11,15,16.5,66,8.4261498,29,12.5,100,7.1514234,29,18,1.5,21,6,14,,,,,,,,,,,,,9,0.38168847,0.5862069,0.334835,0.17725,0.76553,0.183,1446.4989,906.22,5.9857,3.52,-0.81360417,0.58141918
1302603,2022-11-13,14,36,304.2,0,development,1,29,11,12,10,11,15,17,68,8.1240384,29,13,104,7.0912421,29,-15,-0.5,-33,0.5,-1,,,,,,,,,,,,,5,0.44897959,0.64285714,0.334835,0.17725,0.76553,0.183,1446.4989,906.22,5.9857,3.52,-0.73786724,0.67494588
1302603,2022-11-20,13,37,304.2,0,development,1,14,29,14,9,9,25,16.75,67,8.2613558,29,13.5,108,6.9075528,29,-1,-0.066666667,14,-0.25,-12,,,,,,,,,,,,,7,0.26627219,0.46153846,0.334835,0.17725,0.76553,0.183,1446.4989,906.22,5.9857,3.52,-0.65144353,0.75869712
1302603,2022-11-27,6,50,304.2,0,development,1,13,14,11,10,7,29,15.5,62,9.6781541,29,13,104,7.3290031,29,-7,-0.5,-6,-1.25,-23,,,,,,,,,,,,,2,0.55555556,0.66666667,0.334835,0.17725,0.76553,0.183,1446.4989,906.22,5.9857,3.52,-0.55558476,0.83145991
1302603,2022-12-04,13,47,304.2,0,development,1,6,13,29,5,4,31,11.5,46,3.6968455,14,14,112,6.5900358,29,7,1,14,-4,-18,,,,,,,,,,,,,4,0.36094675,0.53846154,0.334835,0.17725,0.76553,0.183,1446.4989,906.22,5.9857,3.52,-0.45167927,0.89218038
1302603,2022-12-11,4,53,304.2,0,development,1,13,6,14,12,5,29,9,36,4.6904158,13,13,104,7.4833148,29,-9,-0.64285714,-16,-2.5,-25,,,,,,,,,,,,,2,0.625,0.75,0.334835,0.17725,0.76553,0.183,1446.4989,906.22,5.9857,3.52,-0.34123196,0.93997912
1302603,2022-12-18,14,55,304.2,0,development,1,4,13,13,14,10,16,9.25,37,4.9916597,14,13,104,7.4833148,29,10,2,19,0.25,-2,,,,,,,,,,,,,7,0.35714286,0.57142857,0.334835,0.17725,0.76553,0.183,1446.4989,906.22,5.9857,3.52,-0.22584248,0.97416383
1302603,2022-12-25,19,41,304.2,0,development,1,14,4,6,11,9,29,12.5,50,6.244998,19,14,112,7.7089929,29,5,0.33333333,-5,3.25,-10,,,,,,,,,,,,,8,0.1800554,0.31578947,0.334835,0.17725,0.76553,0.183,1446.4989,906.22,5.9857,3.52,-0.10718205,0.99423941
1302603,2023-01-01,10,38,304.2,0,development,1,19,14,13,29,10,19,11.75,47,6.3442888,19,11.625,93,4.808846,19,-9,-0.45,-14,-0.75,-9,,,,,,,,,,,,,5,0.24,0.3,0.334835,0.17725,0.76553,0.183,1446.4989,906.22,5.9857,3.52,0.017201929,0.99985204
1302603,2023-01-08,10,44,304.2,0,development,1,10,19,4,14,5,29,13.25,53,4.2720019,19,11.125,89,4.7339956,19,0,0,9,1.5,-19,,,,,,,,,,,,,7,0.18,0.3,0.334835,0.17725,0.76553,0.183,1446.4989,906.22,5.9857,3.52,0.1371882,0.990545
1302603,2023-01-15,16,33,304.2,0,development,1,10,10,14,13,12,16,13.75,55,4.5,19,11.5,92,5.0142654,19,6,0.54545455,6,0.5,0,,,,,,,,,,,,,10,0.15625,0.3125,0.334835,0.17725,0.76553,0.183,1446.4989,906.22,5.9857,3.52,0.25518754,0.96689158
1302603,2023-01-22,5,36,304.2,0,development,1,16,10,19,6,14,18,10.25,41,4.5,16,11.375,91,5.1806646,19,-11,-0.64705882,-17,-3.5,-13,,,,,,,,,,,,,5,0.2,0.2,0.334835,0.17725,0.76553,0.183,1446.4989,906.22,5.9857,3.52,0.3694909,0.92923435
1302603,2023-01-29,7,53,304.2,0,development,1,5,16,10,13,11,45,9.5,38,4.7958315,16,10.625,85,5.3435542,19,2,0.33333333,13,-0.75,-38,,,,,,,,,,,,,7,0.14285714,0.14285714,0.334835,0.17725,0.76553,0.183,1446.4989,906.22,5.9857,3.52,0.47844282,0.87811871
1302603,2023-02-05,16,66,304.2,0,development,1,7,5,10,4,29,35,11,44,5.8309519,16,12.125,97,4.8825491,19,9,1.125,7,1.5,-19,,,,,,,,,,,,,7,0.2578125,0.4375,0.334835,0.17725,0.76553,0.183,1446.4989,906.22,5.9857,3.52,0.58046528,0.814285
1302603,2023-02-12,5,99,304.2,0,development,1,16,7,16,14,14,47,8.25,33,5.2519838,16,11,88,5.3984125,19,-11,-0.64705882,-20,-2.75,-42,,,,,,,,,,,,,5,0.2,0.2,0.334835,0.17725,0.76553,0.183,1446.4989,906.22,5.9857,3.52,0.67408068,0.73865773
1302603,2023-02-19,8,112,304.2,0,development,1,5,16,5,19,13,35,9,36,4.8304589,16,9.625,77,4.3732139,16,3,0.5,14,0.75,-27,,,,,,,,,,,,,6,0.1875,0.25,0.334835,0.17725,0.76553,0.183,1446.4989,906.22,5.9857,3.52,0.75793315,0.65233223
1302603,2023-02-26,24,116,304.2,0,development,1,8,5,7,10,6,36,13.25,53,8.5391256,24,11.375,91,6.7175144,24,16,1.7777778,13,4.25,-12,,,,,,,,,,,,,7,0.38194444,0.58333333,0.334835,0.17725,0.76553,0.183,1446.4989,906.22,5.9857,3.52,0.83080822,0.5565588
1302603,2023-03-05,29,116,304.2,0,development,1,24,8,16,10,13,39,16.5,66,11.789826,29,13.75,110,9.0986655,29,5,0.2,-11,3.25,-10,,,,,,,,,,,,,8,0.2175981,0.37931034,0.334835,0.17725,0.76553,0.183,1446.4989,906.22,5.9857,3.52,0.89165043,0.45272454
1302603,2023-03-12,38,95,304.2,0,development,1,29,24,5,16,4,51,24.75,99,12.579746,38,16.5,132,12.547054,38,9,0.3,4,8.25,-13,,,,,,,,,,,,,10,0.3199446,0.52631579,0.334835,0.17725,0.76553,0.183,1446.4989,906.22,5.9857,3.52,0.93957857,0.34233333
1302603,2023-03-19,21,95,304.2,0,development,1,38,29,8,5,14,42,28,112,7.4386379,38,18.5,148,11.698596,38,-17,-0.43589744,-26,3.25,-21,,,,,,,,,,,,,9,0.23356009,0.42857143,0.334835,0.17725,0.76553,0.183,1446.4989,906.22,5.9857,3.52,0.97389849,0.22698399
1302603,2023-03-26,28,116,304.2,0,development,1,21,38,24,7,19,51,29,116,6.9761498,38,21.125,169,11.089731,38,7,0.31818182,24,1,-23,,,,,,,,,,,,,11,0.22959184,0.42857143,0.334835,0.17725,0.76553,0.183,1446.4989,906.22,5.9857,3.52,0.99411312,0.10834716
1302603,2023-04-02,29,107,304.2,0,development,1,28,21,29,16,10,66,29,116,6.9761498,38,22.75,182,11.183534,38,1,0.034482759,-6,0,-37,,,,,,,,,,,,,10,0.44351962,0.65517241,0.334835,0.17725,0.76553,0.183,1446.4989,906.22,5.9857,3.52,0.99992968,-0.011858886
1302603,2023-04-09,17,118,304.2,0,development,1,29,28,38,5,10,44,23.75,95,5.7373048,29,24.25,194,9.0672094,38,-12,-0.4,-13,-5.25,-27,,,,,,,,,,,,,7,0.19723183,0.29411765,0.334835,0.17725,0.76553,0.183,1446.4989,906.22,5.9857,3.52,0.99126393,-0.13189318
1302603,2023-04-16,21,117,304.2,0,development,1,17,29,21,8,16,42,23.75,95,5.7373048,29,25.875,207,6.5560768,38,4,0.22222222,16,0,-21,,,,,,,,,,,,,8,0.24716553,0.42857143,0.334835,0.17725,0.76553,0.183,1446.4989,906.22,5.9857,3.52,0.96824139,-0.25001722
1302603,2023-04-23,49,94,304.2,0,development,1,21,17,28,24,5,34,29,116,14.236104,49,29,232,10.378549,49,28,1.2727273,24,5.25,15,,,,,,,,,,,,,14,0.20033319,0.3877551,0.334835,0.17725,0.76553,0.183,1446.4989,906.22,5.9857,3.52,0.93119549,-0.36452018
1302603,2023-04-30,20,90,304.2,0,development,1,49,21,29,29,7,36,26.75,107,14.930394,49,27.875,223,10.85538,49,-29,-0.58,-57,-2.25,-16,,,,,,,,,,,,,9,0.17,0.3,0.334835,0.17725,0.76553,0.183,1446.4989,906.22,5.9857,3.52,0.88066278,-0.47374368
1302603,2023-05-07,28,87,304.2,0,development,1,20,49,17,38,16,33,29.5,118,13.478378,49,26.625,213,10.070289,49,8,0.38095238,37,2.75,-5,,,,,,,,,,,,,12,0.15306122,0.32142857,0.334835,0.17725,0.76553,0.183,1446.4989,906.22,5.9857,3.52,0.81737514,-0.57610579
1302603,2023-05-14,20,97,304.2,0,development,1,28,20,21,21,5,30,29.25,117,13.696107,49,26.5,212,10.155927,49,-8,-0.27586207,-16,-0.25,-10,,,,,,,,,,,,,10,0.15,0.25,0.334835,0.17725,0.76553,0.183,1446.4989,906.22,5.9857,3.52,0.74224919,-0.67012398
1302603,2023-05-21,26,94,304.2,0,development,1,20,28,49,28,8,26,23.5,94,4.1231056,28,26.25,210,10.138329,49,6,0.28571429,14,-5.75,0,,,,,,,,,,,,,9,0.23372781,0.42307692,0.334835,0.17725,0.76553,0.183,1446.4989,906.22,5.9857,3.52,0.656373,-0.75443653
1302603,2023-05-28,16,91,304.2,0,development,1,26,20,20,29,24,33,22.5,90,5.5075705,28,24.625,197,10.662853,49,-10,-0.37037037,-16,-1,-17,,,,,,,,,,,,,9,0.203125,0.375,0.334835,0.17725,0.76553,0.183,1446.4989,906.22,5.9857,3.52,0.56099035,-0.82782234
1302603,2023-06-04,25,95,304.2,0,development,1,16,26,28,17,29,37,21.75,87,4.6457866,26,25.625,205,10.211163,49,9,0.52941176,19,-0.75,-12,,,,,,,,,,,,,8,0.4784,0.68,0.334835,0.17725,0.76553,0.183,1446.4989,906.22,5.9857,3.52,0.45748269,-0.88921853
1302603,2023-06-11,30,82,304.2,0,development,1,25,16,20,21,38,19,24.25,97,5.9090326,30,26.75,214,10.124228,49,5,0.19230769,-4,2.5,11,,,,,,,,,,,,,9,0.42222222,0.63333333,0.334835,0.17725,0.76553,0.183,1446.4989,906.22,5.9857,3.52,0.34734916,-0.93773587
1302603,2023-06-18,23,85,304.2,0,development,1,30,25,26,49,21,17,23.5,94,5.8022984,30,23.5,188,4.659859,30,-7,-0.22580645,-12,-0.75,6,,,,,,,,,,,,,5,0.6899811,0.82608696,0.334835,0.17725,0.76553,0.183,1446.4989,906.22,5.9857,3.52,0.23218486,-0.97267168
1302603,2023-06-25,13,91,304.2,0,development,1,23,30,16,20,28,11,22.75,91,7.1355915,30,22.625,181,5.9024813,30,-10,-0.41666667,-3,-0.75,2,,,,,,,,,,,,,4,0.5147929,0.69230769,0.334835,0.17725,0.76553,0.183,1446.4989,906.22,5.9857,3.52,0.11365775,-0.99351996
1302603,2023-07-02,29,95,304.2,0,development,1,13,23,25,28,29,12,23.75,95,7.804913,30,22.75,182,6.041523,30,16,1.1428571,26,1,17,,,,,,,,,,,,,9,0.4078478,0.62068966,0.334835,0.17725,0.76553,0.183,1446.4989,906.22,5.9857,3.52,-0.0065155057,-0.99997877
1302603,2023-07-09,17,85,304.2,0,development,1,29,13,30,20,17,15,20.5,82,7,29,22.375,179,6.3231434,30,-12,-0.4,-28,-3.25,2,,,,,,,,,,,,,5,0.59861592,0.76470588,0.334835,0.17725,0.76553,0.183,1446.4989,906.22,5.9857,3.52,-0.12659439,-0.99195457
1302603,2023-07-16,26,72,304.2,0,development,1,17,29,23,26,21,17,21.25,85,7.5,29,22.375,179,6.3231434,30,9,0.5,21,0.75,9,,,,,,,,,,,,,8,0.40236686,0.61538462,0.334835,0.17725,0.76553,0.183,1446.4989,906.22,5.9857,3.52,-0.24483977,-0.96956355
1302603,2023-07-23,19,65,304.2,0,development,1,26,17,13,16,49,16,22.75,91,5.6789083,29,22.75,182,5.9701639,30,-7,-0.25925926,-16,1.5,3,,,,,,,,,,,,,6,0.32963989,0.52631579,0.334835,0.17725,0.76553,0.183,1446.4989,906.22,5.9857,3.52,-0.35953906,-0.93313004
1302603,2023-07-30,33,59,304.2,0,development,1,19,26,29,25,20,13,23.75,95,7.2743843,33,23.75,190,6.9846771,33,14,0.7,21,1,20,,,,,,,,,,,,,8,0.6271809,0.78787879,0.334835,0.17725,0.76553,0.183,1446.4989,906.22,5.9857,3.52,-0.46903102,-0.88318169
1302603,2023-08-06,7,88,304.2,0,development,1,33,19,17,30,28,11,21.25,85,11.086779,33,20.875,167,8.5929789,33,-26,-0.76470588,-40,-2.5,-4,,,,,,,,,,,,,4,0.3877551,0.57142857,0.334835,0.17725,0.76553,0.183,1446.4989,906.22,5.9857,3.52,-0.57172985,-0.82044194
1302603,2023-08-13,13,105,304.2,0,development,1,7,33,26,23,20,11,18,72,11.135529,33,19.625,157,8.9592331,33,6,0.75,32,-3.25,2,,,,,,,,,,,,,5,0.42011834,0.61538462,0.334835,0.17725,0.76553,0.183,1446.4989,906.22,5.9857,3.52,-0.66614813,-0.74581946
1302603,2023-08-20,12,119,304.2,0,development,1,13,7,19,13,26,9,16.25,65,11.470978,33,19.5,156,9.0711474,33,-1,-0.071428571,-7,-1.75,3,,,,,,,,,,,,,4,0.48611111,0.66666667,0.334835,0.17725,0.76553,0.183,1446.4989,906.22,5.9857,3.52,-0.75091838,-0.66039503
1302603,2023-08-27,27,116,304.2,0,development,1,12,13,33,29,16,7,14.75,59,8.5780728,27,19.25,154,8.7952909,33,15,1.1538462,16,-1.5,20,,,,,,,,,,,,,7,0.34979424,0.48148148,0.334835,0.17725,0.76553,0.183,1446.4989,906.22,5.9857,3.52,-0.82481282,-0.56540588
1302603,2023-09-03,36,85,304.2,0,development,1,27,12,7,17,25,4,22,88,11.575837,36,21.625,173,10.50085,36,9,0.32142857,-6,7.25,32,,,,,,,,,,,,,6,0.65740741,0.80555556,0.334835,0.17725,0.76553,0.183,1446.4989,906.22,5.9857,3.52,-0.88676123,-0.46222778
1302603,2023-09-10,30,62,304.2,0,development,1,36,27,13,26,30,5,26.25,105,10.210289,36,22.125,177,10.829028,36,-6,-0.16216216,-15,4.25,25,,,,,,,,,,,,,5,0.75555556,0.86666667,0.334835,0.17725,0.76553,0.183,1446.4989,906.22,5.9857,3.52,-0.93586639,-0.35235507
1302603,2023-09-17,26,43,304.2,0,development,1,30,36,12,19,23,10,29.75,119,4.5,36,23,184,10.823255,36,-4,-0.12903226,2,3.5,16,,,,,,,,,,,,,7,0.5,0.69230769,0.334835,0.17725,0.76553,0.183,1446.4989,906.22,5.9857,3.52,-0.97141709,-0.2373791
1302603,2023-09-24,24,27,304.2,0,development,1,26,30,27,33,13,9,29,116,5.2915026,36,21.875,175,10.077379,36,-2,-0.074074074,2,-0.75,15,,,,,,,,,,,,,7,0.27777778,0.41666667,0.334835,0.17725,0.76553,0.183,1446.4989,906.22,5.9857,3.52,-0.99289844,-0.11896509
1302603,2023-10-01,5,24,304.2,0,development,1,24,26,36,7,29,10,21.25,85,11.116804,30,21.625,173,10.514446,36,-19,-0.76,-17,-7.75,-5,,,,,,,,,,,,,1,1,1,0.334835,0.17725,0.76553,0.183,1446.4989,906.22,5.9857,3.52,-0.99999931,0.0011719389
1302603,2023-10-08,7,21,304.2,0,development,1,5,24,30,13,17,5,15.5,62,11.030261,26,20.875,167,11.394704,36,2,0.33333333,21,-5.75,2,,,,,,,,,,,,,4,0.3877551,0.57142857,0.334835,0.17725,0.76553,0.183,1446.4989,906.22,5.9857,3.52,-0.99261687,0.12129199
1302603,2023-10-15,7,19,304.2,0,development,1,7,5,26,12,26,12,10.75,43,8.8835053,24,20.25,162,12.068258,36,0,0,-2,-4.75,-5,,,,,,,,,,,,,5,0.26530612,0.42857143,0.334835,0.17725,0.76553,0.183,1446.4989,906.22,5.9857,3.52,-0.97085803,0.23965533
1302603,2023-10-22,8,15,304.2,0,development,1,7,7,24,27,19,14,6.75,27,1.2583057,8,17.875,143,12.414709,36,1,0.125,1,-4,-6,,,,,,,,,,,,,4,0.3125,0.375,0.334835,0.17725,0.76553,0.183,1446.4989,906.22,5.9857,3.52,-0.93503794,0.35454766
1302603,2023-10-29,2,19,304.2,0,development,1,8,7,5,36,33,11,6,24,2.7080128,8,13.625,109,11.070392,30,-6,-0.66666667,-7,-0.75,-9,,,,,,,,,,,,,2,0.5,0.5,0.334835,0.17725,0.76553,0.183,1446.4989,906.22,5.9857,3.52,-0.88567539,0.46430496
1302603,2023-11-05,4,29,304.2,0,development,1,2,8,7,30,7,29,5.25,21,2.7537853,8,10.375,83,9.2417917,26,2,0.66666667,8,-0.75,-25,,,,,,,,,,,,,4,0.25,0.25,0.334835,0.17725,0.76553,0.183,1446.4989,906.22,5.9857,3.52,-0.82348531,0.56733759
1302603,2023-11-12,5,62,304.2,0,development,1,4,2,7,26,13,14,4.75,19,2.5,8,7.75,62,6.8400084,24,1,0.2,-1,-0.5,-9,,,,,,,,,,,,,4,0.28,0.4,0.334835,0.17725,0.76553,0.183,1446.4989,906.22,5.9857,3.52,-0.74936843,0.66215327
1302603,2023-11-19,4,165,304.2,0,development,1,5,4,8,24,12,13,3.75,15,1.2583057,5,5.25,42,1.9820624,8,-1,-0.16666667,-2,-1,-9,,,,,,,,,,,,,4,0.25,0.25,0.334835,0.17725,0.76553,0.183,1446.4989,906.22,5.9857,3.52,-0.6643982,0.74737878
1302603,2023-11-26,6,288,304.2,0,development,1,4,5,2,5,27,6,4.75,19,0.95742711,6,5.375,43,1.9955307,8,2,0.4,3,1,0,,,,,,,,,,,,,4,0.33333333,0.5,0.334835,0.17725,0.76553,0.183,1446.4989,906.22,5.9857,3.52,-0.56980527,0.82177975
1302603,2023-12-03,14,463,304.2,1,development,1,6,4,4,7,36,13,7.25,29,4.5734742,14,6.25,50,3.6547425,14,8,1.1428571,6,2.5,1,,,,,,,,,,,,,5,0.37755102,0.57142857,0.334835,0.17725,0.76553,0.183,1446.4989,906.22,5.9857,3.52,-0.46695966,0.88427862
1302603,2023-12-10,38,691,304.2,1,development,1,14,6,5,7,30,4,15.5,62,15.609826,38,10.125,81,11.837441,38,24,1.6,16,8.25,34,,,,,,,,,,,,,10,0.29778393,0.5,0.334835,0.17725,0.76553,0.183,1446.4989,906.22,5.9857,3.52,-0.35735093,0.93397019
1302603,2023-12-17,107,881,304.2,1,development,1,38,14,4,8,26,14,41.25,165,45.893899,107,22.5,180,36.126761,107,69,1.7692308,45,25.75,93,,,,,,,,,,,,,19,0.15783038,0.27102804,0.334835,0.17725,0.76553,0.183,1446.4989,906.22,5.9857,3.52,-0.24256656,0.97013477
1302603,2023-12-24,129,959,304.2,1,development,1,107,38,6,2,24,19,72,288,54.753995,129,38.375,307,50.768206,129,22,0.2037037,-47,30.75,110,,,,,,,,,,,,,23,0.26951505,0.48837209,0.334835,0.17725,0.76553,0.183,1446.4989,906.22,5.9857,3.52,-0.12426903,0.99224856
1302603,2023-12-31,189,894,304.2,1,development,1,129,107,14,4,5,10,115.75,463,62.350488,189,61.5,492,70.982895,189,60,0.46153846,38,43.75,179,,,,,,,,,,,,,32,0.11833375,0.24867725,0.334835,0.17725,0.76553,0.183,1446.4989,906.22,5.9857,3.52,-0.0041716613,0.9999913
1302603,2024-01-07,266,793,304.2,1,development,1,189,129,38,5,7,10,172.75,691,71.172912,266,94.125,753,96.6458,266,77,0.40526316,17,57,256,,,,,,,,,,,,,49,0.10000565,0.26691729,0.334835,0.17725,0.76553,0.183,1446.4989,906.22,5.9857,3.52,0.12012862,0.99275834
1302603,2024-01-14,297,640,304.2,1,development,1,266,189,107,4,7,16,220.25,881,75.909486,297,130.75,1046,111.92312,297,31,0.11610487,-46,47.5,281,,,,,,,,,,,,,53,0.10630435,0.23569024,0.334835,0.17725,0.76553,0.183,1446.4989,906.22,5.9857,3.52,0.23851738,0.97113823
1302603,2024-01-21,207,545,304.2,1,development,1,297,266,129,6,8,5,239.75,959,50.381048,297,155.875,1247,102.04262,297,-90,-0.30201342,-121,19.5,202,,,,,,,,,,,,,37,0.075731056,0.21256039,0.334835,0.17725,0.76553,0.183,1446.4989,906.22,5.9857,3.52,0.35345161,0.93545281
1302603,2024-01-28,124,543,304.2,1,development,1,207,297,189,14,2,7,223.5,894,76.116139,297,169.625,1357,86.407568,297,-83,-0.39903846,7,-16.25,117,,,,,,,,,,,,,33,0.12526015,0.27419355,0.334835,0.17725,0.76553,0.183,1446.4989,906.22,5.9857,3.52,0.46326669,0.88621892
1302603,2024-02-04,165,475,304.2,1,development,1,124,207,266,38,4,16,198.25,793,74.042218,297,185.5,1484,68.602374,297,41,0.328,124,-25.25,149,,,,,,,,,,,,,39,0.10178145,0.25454545,0.334835,0.17725,0.76553,0.183,1446.4989,906.22,5.9857,3.52,0.56637212,0.82414963
1302603,2024-02-11,144,398,304.2,1,development,1,165,124,297,107,5,5,160,640,35.524639,207,190.125,1521,63.620386,297,-21,-0.12650602,-62,-38.25,139,,,,,,,,,,,,,23,0.25385802,0.47222222,0.334835,0.17725,0.76553,0.183,1446.4989,906.22,5.9857,3.52,0.6612746,0.75014392
1302603,2024-02-18,112,354,304.2,1,development,1,144,165,207,129,4,8,136.25,545,23.271943,165,188,1504,66.185885,297,-32,-0.22068966,-11,-23.75,104,,,,,,,,,,,,,23,0.096460459,0.23214286,0.334835,0.17725,0.76553,0.183,1446.4989,906.22,5.9857,3.52,0.74659963,0.66527362
1302603,2024-02-25,122,267,304.2,0,development,1,112,144,124,189,6,24,135.75,543,23.641418,165,179.625,1437,70.160912,297,10,0.088495575,42,-0.5,98,,,,,,,,,,,,,20,0.18892771,0.32786885,0.334835,0.17725,0.76553,0.183,1446.4989,906.22,5.9857,3.52,0.82111141,0.57076795
1302603,2024-03-03,97,238,304.2,0,development,1,122,112,165,266,14,29,118.75,475,19.72097,144,158.5,1268,65.74192,297,-25,-0.20325203,-35,-17,68,,,,,,,,,,,,,21,0.16165374,0.35051546,0.334835,0.17725,0.76553,0.183,1446.4989,906.22,5.9857,3.52,0.88373076,0.46799566
1302603,2024-03-10,67,243,304.2,0,development,1,97,122,144,297,38,38,99.5,398,23.979158,122,129.75,1038,42.814383,207,-30,-0.30612245,-5,-19.25,29,,,,,,,,,,,,,20,0.15170417,0.26865672,0.334835,0.17725,0.76553,0.183,1446.4989,906.22,5.9857,3.52,0.93355075,0.35844524
1302603,2024-03-17,68,224,304.2,0,development,1,67,97,112,207,107,21,88.5,354,26.312228,122,112.375,899,34.355027,165,1,0.014705882,31,-11,47,,,,,,,,,,,,,17,0.23486159,0.45588235,0.334835,0.17725,0.76553,0.183,1446.4989,906.22,5.9857,3.52,0.96984983,0.24370333
1302603,2024-03-24,35,212,304.2,0,development,1,68,67,122,124,129,28,66.75,267,25.329495,97,101.25,810,43.298796,165,-33,-0.47826087,-34,-21.75,7,,,,,,,,,,,,,10,0.13469388,0.22857143,0.334835,0.17725,0.76553,0.183,1446.4989,906.22,5.9857,3.52,0.99210225,0.1254318
1302603,2024-03-31,68,164,304.2,0,development,1,35,68,97,165,189,29,59.5,238,16.340135,68,89.125,713,35.83469,144,33,0.91666667,66,-7.25,39,,,,,,,,,,,,,20,0.22967128,0.45588235,0.334835,0.17725,0.76553,0.183,1446.4989,906.22,5.9857,3.52,0.99998572,0.0053435872
1302603,2024-04-07,72,111,304.2,0,development,1,68,35,67,144,266,17,60.75,243,17.269916,72,80.125,641,28.34198,122,4,0.057971014,-29,1.25,55,,,,,,,,,,,,,22,0.19675926,0.41666667,0.334835,0.17725,0.76553,0.183,1446.4989,906.22,5.9857,3.52,0.99338608,-0.11482201
1302603,2024-04-14,49,87,304.2,0,development,1,72,68,68,112,297,21,56,224,17.224014,72,72.25,578,26.937759,122,-23,-0.31506849,-27,-4.75,28,,,,,,,,,,,,,12,0.24364848,0.44897959,0.334835,0.17725,0.76553,0.183,1446.4989,906.22,5.9857,3.52,0.9723989,-0.23332461
1302603,2024-04-21,23,80,304.2,0,development,1,49,72,35,122,207,49,53,212,22.375582,72,59.875,479,23.314235,97,-26,-0.52,-3,-3,-26,,,,,,,,,,,,,9,0.24007561,0.43478261,0.334835,0.17725,0.76553,0.183,1446.4989,906.22,5.9857,3.52,0.93732815,-0.34844789
1302603,2024-04-28,20,77,304.2,0,development,1,23,49,68,97,124,20,41,164,24.426761,72,50.25,402,21.631657,72,-3,-0.125,23,-12,0,,,,,,,,,,,,,14,0.085,0.15,0.334835,0.17725,0.76553,0.183,1446.4989,906.22,5.9857,3.52,0.88868177,-0.45852449
1302603,2024-05-05,19,79,304.2,0,development,1,20,23,72,67,165,28,27.75,111,14.268263,49,44.25,354,22.939361,72,-1,-0.047619048,2,-13.25,-9,,,,,,,,,,,,,14,0.10249307,0.21052632,0.334835,0.17725,0.76553,0.183,1446.4989,906.22,5.9857,3.52,0.82716433,-0.56196012
1302603,2024-05-12,25,71,304.2,0,development,1,19,20,49,68,144,20,21.75,87,2.7537853,25,38.875,311,21.57669,72,6,0.3,7,-6,5,,,,,,,,,,,,,16,0.088,0.16,0.334835,0.17725,0.76553,0.183,1446.4989,906.22,5.9857,3.52,0.75366679,-0.6572567
1302603,2024-05-19,16,77,304.2,0,development,1,25,19,23,35,112,26,20,80,3.7416574,25,36.5,292,23.058931,72,-9,-0.34615385,-15,-1.75,-10,,,,,,,,,,,,,11,0.1484375,0.3125,0.334835,0.17725,0.76553,0.183,1446.4989,906.22,5.9857,3.52,0.66925364,-0.74303402
1302603,2024-05-26,17,74,304.2,0,development,1,16,25,20,68,122,16,19.25,77,4.0311289,25,30.125,241,19.945909,72,1,0.058823529,10,-0.75,1,,,,,,,,,,,,,11,0.10726644,0.17647059,0.334835,0.17725,0.76553,0.183,1446.4989,906.22,5.9857,3.52,0.57514748,-0.81804974
1302603,2024-06-02,21,79,304.2,0,development,1,17,16,19,72,97,25,19.75,79,4.1129876,25,23.75,190,10.620062,49,4,0.22222222,3,0.5,-4,,,,,,,,,,,,,11,0.13378685,0.23809524,0.334835,0.17725,0.76553,0.183,1446.4989,906.22,5.9857,3.52,0.47271127,-0.88121737
1302603,2024-06-09,17,81,304.2,0,development,1,21,17,25,49,67,30,17.75,71,2.2173558,21,19.75,158,3.1509636,25,-4,-0.18181818,-8,-2,-13,,,,,,,,,,,,,10,0.1349481,0.23529412,0.334835,0.17725,0.76553,0.183,1446.4989,906.22,5.9857,3.52,0.36342863,-0.93162204
1302603,2024-06-16,22,73,304.2,0,development,1,17,21,16,23,68,23,19.25,77,2.6299556,22,19.625,157,3.0207615,25,5,0.27777778,9,1.5,-1,,,,,,,,,,,,,11,0.16115702,0.27272727,0.334835,0.17725,0.76553,0.183,1446.4989,906.22,5.9857,3.52,0.24888233,-0.96853373
1302603,2024-06-23,14,77,304.2,0,development,1,22,17,17,20,35,13,18.5,74,3.6968455,22,18.875,151,3.6030741,25,-8,-0.34782609,-13,-0.75,1,,,,,,,,,,,,,10,0.12244898,0.21428571,0.334835,0.17725,0.76553,0.183,1446.4989,906.22,5.9857,3.52,0.13073139,-0.99141783
1302603,2024-06-30,26,65,304.2,0,development,1,14,22,21,19,68,29,19.75,79,5.3150729,26,19.75,158,4.3996753,26,12,0.8,20,1.25,-3,,,,,,,,,,,,,12,0.10946746,0.19230769,0.334835,0.17725,0.76553,0.183,1446.4989,906.22,5.9857,3.52,0.010687022,-0.99994289
1302603,2024-07-07,19,64,304.2,0,development,1,26,14,17,25,72,17,20.25,81,5.057997,26,19,152,3.8544964,26,-7,-0.25925926,-19,0.5,2,,,,,,,,,,,,,8,0.20775623,0.36842105,0.334835,0.17725,0.76553,0.183,1446.4989,906.22,5.9857,3.52,-0.10951213,-0.99398546
1302603,2024-07-14,14,73,304.2,0,development,1,19,26,22,16,49,26,18.25,73,5.6789083,26,18.75,150,4.1317585,26,-5,-0.25,2,-2,-12,,,,,,,,,,,,,6,0.31632653,0.5,0.334835,0.17725,0.76553,0.183,1446.4989,906.22,5.9857,3.52,-0.22812518,-0.97363181
1302603,2024-07-21,18,65,304.2,0,development,1,14,19,14,17,23,19,19.25,77,4.9916597,26,18.875,151,4.0861264,26,4,0.26666667,9,1,-1,,,,,,,,,,,,,9,0.17901235,0.33333333,0.334835,0.17725,0.76553,0.183,1446.4989,906.22,5.9857,3.52,-0.34343422,-0.93917673
1302603,2024-07-28,14,58,304.2,0,development,1,18,14,26,21,20,33,16.25,65,2.6299556,19,18,144,4.309458,26,-4,-0.21052632,-8,-3,-19,,,,,,,,,,,,,9,0.15306122,0.28571429,0.334835,0.17725,0.76553,0.183,1446.4989,906.22,5.9857,3.52,-0.45376919,-0.89111925
1302603,2024-08-04,18,45,304.2,0,development,1,14,18,19,17,19,7,16,64,2.3094011,18,18.125,145,4.2907708,26,4,0.26666667,8,-0.25,11,,,,,,,,,,,,,6,0.25925926,0.38888889,0.334835,0.17725,0.76553,0.183,1446.4989,906.22,5.9857,3.52,-0.55753207,-0.8301554
1302603,2024-08-11,23,29,304.2,0,development,1,18,14,14,22,25,13,18.25,73,3.6855574,23,18.25,146,4.4320263,26,5,0.26315789,1,2.25,10,,,,,,,,,,,,,11,0.19848771,0.39130435,0.334835,0.17725,0.76553,0.183,1446.4989,906.22,5.9857,3.52,-0.65322004,-0.75716814
1302603,2024-08-18,10,34,304.2,0,development,1,23,18,18,14,16,12,16.25,65,5.5602758,23,17.75,142,5.1478151,26,-13,-0.54166667,-18,-2,-2,,,,,,,,,,,,,6,0.2,0.3,0.334835,0.17725,0.76553,0.183,1446.4989,906.22,5.9857,3.52,-0.7394472,-0.67321456
1302603,2024-08-25,7,33,304.2,0,development,1,10,23,14,26,17,27,14.5,58,7.3257537,23,15.375,123,5.1806646,23,-3,-0.27272727,10,-1.75,-20,,,,,,,,,,,,,5,0.2244898,0.28571429,0.334835,0.17725,0.76553,0.183,1446.4989,906.22,5.9857,3.52,-0.81496471,-0.57951059
1302603,2024-09-01,5,36,304.2,0,development,1,7,10,18,19,21,36,11.25,45,8.0983537,23,13.625,109,6.0695375,23,-2,-0.25,1,-3.25,-31,,,,,,,,,,,,,5,0.2,0.2,0.334835,0.17725,0.76553,0.183,1446.4989,906.22,5.9857,3.52,-0.87867881,-0.47741339
1302603,2024-09-08,7,35,304.2,0,development,1,5,7,23,14,17,30,7.25,29,2.0615528,10,12.75,102,6.4972522,23,2,0.33333333,4,-4,-23,,,,,,,,,,,,,6,0.18367347,0.28571429,0.334835,0.17725,0.76553,0.183,1446.4989,906.22,5.9857,3.52,-0.92966673,-0.36840165
1302603,2024-09-15,15,29,304.2,0,development,1,7,5,10,18,22,26,8.5,34,4.4347116,15,12.375,99,6.2321173,23,8,1,6,1.25,-11,,,,,,,,,,,,,5,0.36888889,0.53333333,0.334835,0.17725,0.76553,0.183,1446.4989,906.22,5.9857,3.52,-0.96718998,-0.25405422
1302603,2024-09-22,6,28,304.2,0,development,1,15,7,7,14,14,24,8.25,33,4.5734742,15,11.375,91,6.5669628,23,-9,-0.5625,-17,-0.25,-18,,,,,,,,,,,,,5,0.22222222,0.33333333,0.334835,0.17725,0.76553,0.183,1446.4989,906.22,5.9857,3.52,-0.9907051,-0.13602725
1302603,2024-09-29,8,26,304.2,0,development,1,6,15,5,18,26,5,9,36,4.0824829,15,10.125,81,6.0577577,23,2,0.28571429,11,0.75,3,,,,,,,,,,,,,6,0.1875,0.25,0.334835,0.17725,0.76553,0.183,1446.4989,906.22,5.9857,3.52,-0.99987151,-0.016030151
1302603,2024-10-06,6,40,304.2,0,development,1,8,6,7,23,19,7,8.75,35,4.2720019,15,8,64,3.2071349,15,-2,-0.22222222,-4,-0.25,-1,,,,,,,,,,,,,5,0.22222222,0.33333333,0.334835,0.17725,0.76553,0.183,1446.4989,906.22,5.9857,3.52,-0.99455646,0.10419912
1302603,2024-10-13,9,41,304.2,0,development,1,6,8,15,10,14,7,7.25,29,1.5,9,7.875,63,3.1367636,15,3,0.42857143,5,-1.5,2,,,,,,,,,,,,,6,0.25925926,0.44444444,0.334835,0.17725,0.76553,0.183,1446.4989,906.22,5.9857,3.52,-0.97483692,0.22291924
1302603,2024-10-20,5,47,304.2,0,development,1,9,6,6,7,18,8,7,28,1.8257419,9,7.625,61,3.2923071,15,-4,-0.4,-7,-0.25,-3,,,,,,,,,,,,,5,0.2,0.2,0.334835,0.17725,0.76553,0.183,1446.4989,906.22,5.9857,3.52,-0.9409985,0.33841075
1302603,2024-10-27,6,58,304.2,0,development,1,5,9,8,5,14,2,6.5,26,1.7320508,9,7.75,62,3.1959796,15,1,0.16666667,5,-0.5,4,,,,,,,,,,,,,4,0.33333333,0.5,0.334835,0.17725,0.76553,0.183,1446.4989,906.22,5.9857,3.52,-0.89353128,0.44900094
1302603,2024-11-03,20,49,304.2,0,development,1,6,5,6,7,18,4,10,40,6.8799225,20,9.375,75,5.3435542,20,14,2,13,3.5,16,,,,,,,,,,,,,8,0.205,0.35,0.334835,0.17725,0.76553,0.183,1446.4989,906.22,5.9857,3.52,-0.83312277,0.55308811
1302603,2024-11-10,10,57,304.2,0,development,1,20,6,9,15,23,5,10.25,41,6.8495742,20,8.75,70,4.8623921,20,-10,-0.47619048,-24,0.25,5,,,,,,,,,,,,,7,0.18,0.3,0.334835,0.17725,0.76553,0.183,1446.4989,906.22,5.9857,3.52,-0.76064786,0.64916472
1302603,2024-11-17,11,61,304.2,0,development,1,10,20,5,6,10,4,11.75,47,5.9090326,20,9.375,75,4.7790465,20,1,0.090909091,11,1.5,7,,,,,,,,,,,,,6,0.27272727,0.45454545,0.334835,0.17725,0.76553,0.183,1446.4989,906.22,5.9857,3.52,-0.67715625,0.73583926
1302603,2024-11-24,17,61,304.2,0,development,1,11,10,6,8,7,6,14.5,58,4.7958315,20,10.5,84,5.4248107,20,6,0.5,5,2.75,11,,,,,,,,,,,,,7,0.183391,0.29411765,0.334835,0.17725,0.76553,0.183,1446.4989,906.22,5.9857,3.52,-0.58385715,0.81185641
1302603,2024-12-01,11,75,304.2,0,development,1,17,11,20,6,5,14,12.25,49,3.2015621,17,11.125,89,5.1112621,20,-6,-0.33333333,-12,-2.25,-3,,,,,,,,,,,,,6,0.2231405,0.36363636,0.334835,0.17725,0.76553,0.183,1446.4989,906.22,5.9857,3.52,-0.48210187,0.87611517
1302603,2024-12-08,18,117,304.2,0,purged,1,11,17,10,9,7,38,14.25,57,3.7749172,18,12.25,98,5.5484876,20,7,0.58333333,13,2,-20,,,,,,,,,,,,,7,0.20987654,0.33333333,0.334835,0.17725,0.76553,0.183,1446.4989,906.22,5.9857,3.52,-0.37336414,0.92768487
1302603,2024-12-15,15,162,304.2,0,purged,1,18,11,11,5,15,107,15.25,61,3.0956959,18,13.5,108,4.7509398,20,-3,-0.15789474,-10,1,-92,,,,,,,,,,,,,10,0.12888889,0.2,0.334835,0.17725,0.76553,0.183,1446.4989,906.22,5.9857,3.52,-0.25921886,0.96581861
1302603,2024-12-22,17,190,304.2,0,purged,1,15,18,17,6,6,129,15.25,61,3.0956959,18,14.875,119,3.7583241,20,2,0.125,5,0,-112,,,,,,,,,,,,,9,0.16262976,0.29411765,0.334835,0.17725,0.76553,0.183,1446.4989,906.22,5.9857,3.52,-0.14131923,0.98996408
1302603,2024-12-29,25,191,304.2,0,purged,1,17,15,11,20,8,189,18.75,75,4.3493295,25,15.5,124,4.9569576,25,8,0.44444444,6,3.5,-164,,,,,,,,,,,,,5,0.2928,0.36,0.334835,0.17725,0.76553,0.183,1446.4989,906.22,5.9857,3.52,-0.021372823,0.99977158
1302603,2025-01-05,60,169,304.2,0,evaluation,1,25,17,18,10,6,266,29.25,117,20.950338,60,21.75,174,16.077935,60,35,1.3461538,27,10.5,-206,,,,,,,,,,,,,14,0.17888889,0.33333333,0.334835,0.17725,0.76553,0.183,1446.4989,906.22,5.9857,3.52,0.085907864,0.99630309
1302603,2025-01-12,60,155,304.2,0,evaluation,1,60,25,15,11,9,297,40.5,162,22.752289,60,27.875,223,20.202104,60,0,0,-35,11.25,-237,,,,,,,,,,,,,16,0.175,0.36666667,0.334835,0.17725,0.76553,0.183,1446.4989,906.22,5.9857,3.52,0.20497026,0.9787682
1302603,2025-01-19,45,146,304.2,0,evaluation,1,60,60,17,17,5,207,47.5,190,16.583124,60,31.375,251,20.472543,60,-15,-0.24590164,-15,7,-162,,,,,,,,,,,,,17,0.16641975,0.35555556,0.334835,0.17725,0.76553,0.183,1446.4989,906.22,5.9857,3.52,0.32106401,0.9470575
1302603,2025-01-26,26,156,304.2,0,evaluation,1,45,60,25,11,6,124,47.75,191,16.132266,60,33.25,266,18.971784,60,-19,-0.41304348,-4,0.25,-98,,,,,,,,,,,,,8,0.31656805,0.5,0.334835,0.17725,0.76553,0.183,1446.4989,906.22,5.9857,3.52,0.43250768,0.90163025
1302603,2025-02-02,38,141,304.2,0,evaluation,1,26,45,60,18,20,165,42.25,169,14.198005,60,35.75,286,17.966238,60,12,0.44444444,31,-5.5,-127,,,,,,,,,,,,,12,0.1634349,0.31578947,0.334835,0.17725,0.76553,0.183,1446.4989,906.22,5.9857,3.52,0.53768721,0.84314439
1302603,2025-02-09,46,127,304.2,0,evaluation,1,38,26,60,15,10,144,38.75,155,9.215024,46,39.625,317,16.09736,60,8,0.20512821,-4,-3.5,-98,,,,,,,,,,,,,11,0.25708885,0.45652174,0.334835,0.17725,0.76553,0.183,1446.4989,906.22,5.9857,3.52,0.63507923,0.772447
1302603,2025-02-16,36,134,304.2,0,evaluation,1,46,38,45,17,11,112,36.5,146,8.2259751,46,42,336,13.469542,60,-10,-0.21276596,-18,-2.25,-76,,,,,,,,,,,,,17,0.091049383,0.16666667,0.334835,0.17725,0.76553,0.183,1446.4989,906.22,5.9857,3.52,0.72327319,0.69056201
1302603,2025-02-23,36,127,304.2,0,evaluation,1,36,46,26,25,17,122,39,156,4.7609523,46,43.375,347,11.963486,60,0,0,10,2.5,-86,,,,,,,,,,,,,14,0.12808642,0.27777778,0.334835,0.17725,0.76553,0.183,1446.4989,906.22,5.9857,3.52,0.80099175,0.59867538
1302603,2025-03-02,23,131,304.2,0,evaluation,1,36,36,38,60,11,97,35.25,141,9.4295634,46,38.75,310,11.768602,60,-13,-0.35135135,-13,-3.75,-74,,,,,,,,,,,,,11,0.14933837,0.30434783,0.334835,0.17725,0.76553,0.183,1446.4989,906.22,5.9857,3.52,0.86710929,0.49811794
1302603,2025-03-09,32,130,304.2,0,evaluation,1,23,36,46,60,18,67,31.75,127,6.1305247,36,35.25,282,8.1547532,46,9,0.375,22,-3.5,-35,,,,,,,,,,,,,11,0.22265625,0.40625,0.334835,0.17725,0.76553,0.183,1446.4989,906.22,5.9857,3.52,0.92066819,0.3903461
1302603,2025-03-16,43,119,304.2,0,evaluation,1,32,23,36,45,15,68,33.5,134,8.346656,43,35,280,7.8376381,46,11,0.33333333,2,1.75,-25,,,,,,,,,,,,,17,0.12385073,0.27906977,0.334835,0.17725,0.76553,0.183,1446.4989,906.22,5.9857,3.52,0.96089276,0.27692075
1302603,2025-03-23,29,123,304.2,0,evaluation,1,43,32,36,26,17,35,31.75,127,8.3815273,43,35.375,283,7.4053552,46,-14,-0.31818182,-25,-1.75,-6,,,,,,,,,,,,,13,0.14625446,0.31034483,0.334835,0.17725,0.76553,0.183,1446.4989,906.22,5.9857,3.52,0.98720041,0.15948466
1302603,2025-03-30,27,127,304.2,0,evaluation,1,29,43,23,38,25,68,32.75,131,7.1355915,43,34,272,7.855844,46,-2,-0.066666667,12,1,-41,,,,,,,,,,,,,15,0.1303155,0.2962963,0.334835,0.17725,0.76553,0.183,1446.4989,906.22,5.9857,3.52,0.99921011,0.0397387
1302603,2025-04-06,31,151,304.2,0,evaluation,1,27,29,32,46,60,72,32.5,130,7.1879529,43,32.125,257,6.1976378,43,4,0.14285714,6,-0.25,-41,,,,,,,,,,,,,9,0.21748179,0.35483871,0.334835,0.17725,0.76553,0.183,1446.4989,906.22,5.9857,3.52,0.99674792,-0.080582805
1302603,2025-04-13,32,152,304.2,0,evaluation,1,31,27,43,36,60,49,29.75,119,2.2173558,32,31.625,253,5.9985117,43,1,0.03125,-3,-2.75,-17,,,,,,,,,,,,,9,0.23632812,0.34375,0.334835,0.17725,0.76553,0.183,1446.4989,906.22,5.9857,3.52,0.9798495,-0.1997372
1302603,2025-04-20,33,147,304.2,0,evaluation,1,32,31,29,36,45,23,30.75,123,2.6299556,33,31.25,250,5.7755643,43,1,0.03030303,0,1,10,,,,,,,,,,,,,10,0.30578512,0.51515152,0.334835,0.17725,0.76553,0.183,1446.4989,906.22,5.9857,3.52,0.94875961,-0.31599874
1302603,2025-04-27,31,140,304.2,0,evaluation,1,33,32,27,23,26,20,31.75,127,0.95742711,33,32.25,258,4.7434165,43,-2,-0.058823529,-3,1,11,,,,,,,,,,,,,9,0.23413111,0.38709677,0.334835,0.17725,0.76553,0.183,1446.4989,906.22,5.9857,3.52,0.90392852,-0.42768357
1302603,2025-05-04,55,96,304.2,0,evaluation,1,31,33,31,32,38,19,37.75,151,11.528949,55,35.125,281,9.3264218,55,24,0.75,26,6,36,,,,,,,,,,,,,11,0.21123967,0.32727273,0.334835,0.17725,0.76553,0.183,1446.4989,906.22,5.9857,3.52,0.84600553,-0.53317411
1302603,2025-05-11,33,75,304.2,0,evaluation,1,55,31,32,43,46,25,38,152,11.372481,55,33.875,271,8.7739468,55,-22,-0.39285714,-46,0.25,8,,,,,,,,,,,,,9,0.20844812,0.33333333,0.334835,0.17725,0.76553,0.183,1446.4989,906.22,5.9857,3.52,0.77582958,-0.63094252
1302603,2025-05-18,28,56,304.2,0,evaluation,1,33,55,33,29,36,16,36.75,147,12.338963,55,33.75,270,8.8600226,55,-5,-0.14705882,17,-1.25,12,,,,,,,,,,,,,9,0.23469388,0.32142857,0.334835,0.17725,0.76553,0.183,1446.4989,906.22,5.9857,3.52,0.69441703,-0.71957279
1302603,2025-05-25,24,42,304.2,0,evaluation,1,28,33,31,27,36,17,35,140,13.832329,55,33.375,267,9.2417917,55,-4,-0.13793103,1,-1.75,7,,,,,,,,,,,,,12,0.14930556,0.29166667,0.334835,0.17725,0.76553,0.183,1446.4989,906.22,5.9857,3.52,0.60294701,-0.79778124
1302603,2025-06-01,11,41,304.2,0,evaluation,1,24,28,55,31,23,21,24,96,9.4162979,33,30.875,247,12.205824,55,-13,-0.52,-9,-11,-10,,,,,,,,,,,,,5,0.2892562,0.45454545,0.334835,0.17725,0.76553,0.183,1446.4989,906.22,5.9857,3.52,0.50274431,-0.86443517
1302603,2025-06-08,12,50,304.2,0,evaluation,1,11,24,33,32,32,17,18.75,75,8.5391256,28,28.375,227,13.876367,55,1,0.083333333,14,-5.25,-5,,,,,,,,,,,,,8,0.15277778,0.25,0.334835,0.17725,0.76553,0.183,1446.4989,906.22,5.9857,3.52,0.3952602,-0.9185692
1302603,2025-06-15,9,58,304.2,0,evaluation,1,12,11,28,33,43,22,14,56,6.78233,24,25.375,203,15.259072,55,-3,-0.23076923,-4,-4.75,-13,,,,,,,,,,,,,5,0.2345679,0.33333333,0.334835,0.17725,0.76553,0.183,1446.4989,906.22,5.9857,3.52,0.28205141,-0.95939929
1302603,2025-06-22,10,61,304.2,0,evaluation,1,9,12,24,31,29,14,10.5,42,1.2909944,12,22.75,182,15.944099,55,1,0.1,4,-3.5,-4,,,,,,,,,,,,,9,0.12,0.2,0.334835,0.17725,0.76553,0.183,1446.4989,906.22,5.9857,3.52,0.16475757,-0.98633409
1302603,2025-06-29,10,78,304.2,0,evaluation,1,10,9,11,55,27,26,10.25,41,1.2583057,12,17.125,137,9.6278985,33,0,0,-1,-0.25,-16,,,,,,,,,,,,,4,0.3,0.4,0.334835,0.17725,0.76553,0.183,1446.4989,906.22,5.9857,3.52,0.045077499,-0.99898349
1302603,2025-07-06,21,79,304.2,0,evaluation,1,10,10,12,33,31,19,12.5,50,5.6862407,21,15.625,125,7.5011904,28,11,1,11,2.25,2,,,,,,,,,,,,,11,0.12471655,0.19047619,0.334835,0.17725,0.76553,0.183,1446.4989,906.22,5.9857,3.52,-0.075255445,-0.99716429
1302603,2025-07-13,17,74,304.2,0,evaluation,1,21,10,9,28,32,14,14.5,58,5.4467115,21,14.25,114,5.7008771,24,-4,-0.18181818,-15,2,3,,,,,,,,,,,,,11,0.14186851,0.29411765,0.334835,0.17725,0.76553,0.183,1446.4989,906.22,5.9857,3.52,-0.19449844,-0.98090283
1302603,2025-07-20,13,74,304.2,0,evaluation,1,17,21,10,24,33,18,15.25,61,4.7871355,21,12.875,103,4.1209396,21,-4,-0.22222222,0,0.75,-5,,,,,,,,,,,,,8,0.20710059,0.38461538,0.334835,0.17725,0.76553,0.183,1446.4989,906.22,5.9857,3.52,-0.31092445,-0.95043463
1302603,2025-07-27,27,63,304.2,0,evaluation,1,13,17,10,11,31,14,19.5,78,5.9721576,27,14.875,119,6.3569422,27,14,1,18,4.25,13,,,,,,,,,,,,,10,0.14677641,0.25925926,0.334835,0.17725,0.76553,0.183,1446.4989,906.22,5.9857,3.52,-0.42284724,-0.90620098
1302603,2025-08-03,22,64,304.2,0,evaluation,1,27,13,21,12,55,18,19.75,79,6.0759087,27,16.125,129,6.6855388,27,-5,-0.17857143,-19,0.25,4,,,,,,,,,,,,,14,0.10743802,0.22727273,0.334835,0.17725,0.76553,0.183,1446.4989,906.22,5.9857,3.52,-0.5286458,-0.84884252
1302603,2025-08-10,12,77,304.2,0,evaluation,1,22,27,17,9,33,23,18.5,74,7.2341781,27,16.5,132,6.3019271,27,-10,-0.43478261,-5,-1.25,-11,,,,,,,,,,,,,9,0.13888889,0.25,0.334835,0.17725,0.76553,0.183,1446.4989,906.22,5.9857,3.52,-0.6267878,-0.77919
1302603,2025-08-17,13,84,304.2,0,evaluation,1,12,22,13,10,28,10,18.5,74,7.2341781,27,16.875,135,5.9386747,27,1,0.076923077,11,0,3,,,,,,,,,,,,,7,0.21893491,0.38461538,0.334835,0.17725,0.76553,0.183,1446.4989,906.22,5.9857,3.52,-0.71585183,-0.69825221
1302603,2025-08-24,16,87,304.2,0,evaluation,1,13,12,27,10,24,7,15.75,63,4.5,22,17.625,141,5.289815,27,3,0.21428571,2,-2.75,9,,,,,,,,,,,,,8,0.1640625,0.25,0.334835,0.17725,0.76553,0.183,1446.4989,906.22,5.9857,3.52,-0.79454795,-0.60720141
1302603,2025-08-31,23,77,304.2,0,evaluation,1,16,13,22,21,11,5,16,64,4.9665548,23,17.875,143,5.514591,27,7,0.41176471,4,0.25,18,,,,,,,,,,,,,10,0.16068053,0.26086957,0.334835,0.17725,0.76553,0.183,1446.4989,906.22,5.9857,3.52,-0.86173637,-0.50735631
1302603,2025-09-07,25,70,304.2,0,evaluation,1,23,16,12,17,12,7,19.25,77,5.6789083,25,18.875,151,6.0341291,27,2,0.083333333,-5,3.25,18,,,,,,,,,,,,,8,0.2032,0.32,0.334835,0.17725,0.76553,0.183,1446.4989,906.22,5.9857,3.52,-0.91644398,-0.40016301
1302603,2025-09-14,20,68,304.2,0,evaluation,1,25,23,13,13,9,15,21,84,3.91578,25,19.75,158,5.5484876,27,-5,-0.19230769,-7,1.75,5,,,,,,,,,,,,,9,0.155,0.2,0.334835,0.17725,0.76553,0.183,1446.4989,906.22,5.9857,3.52,-0.95787843,-0.28717401
1302603,2025-09-21,19,63,304.2,0,evaluation,1,20,25,16,27,10,6,21.75,87,2.7537853,25,18.75,150,4.7132033,25,-1,-0.047619048,4,0.75,13,,,,,,,,,,,,,11,0.11911357,0.21052632,0.334835,0.17725,0.76553,0.183,1446.4989,906.22,5.9857,3.52,-0.98543961,-0.17002578
1302603,2025-09-28,13,65,304.2,0,evaluation,1,19,20,23,22,10,8,19.25,77,4.9244289,25,17.625,141,4.8971566,25,-6,-0.3,-5,-2.5,5,,,,,,,,,,,,,8,0.13609467,0.15384615,0.334835,0.17725,0.76553,0.183,1446.4989,906.22,5.9857,3.52,-0.99872835,-0.050415011
1302603,2025-10-05,18,62,304.2,0,evaluation,1,13,19,25,12,21,6,17.5,70,3.1091264,20,18.375,147,4.3404246,25,5,0.35714286,11,-1.75,12,,,,,,,,,,,,,8,0.16666667,0.27777778,0.334835,0.17725,0.76553,0.183,1446.4989,906.22,5.9857,3.52,-0.99755219,0.069925936
1302603,2025-10-12,18,68,304.2,0,evaluation,1,18,13,20,13,17,9,17,68,2.7080128,19,19,152,3.7796447,25,0,0,-5,-0.5,9,,,,,,,,,,,,,10,0.17283951,0.33333333,0.334835,0.17725,0.76553,0.183,1446.4989,906.22,5.9857,3.52,-0.98192814,0.18925412
1302603,2025-10-19,14,78,304.2,0,evaluation,1,18,18,19,16,13,5,15.75,63,2.6299556,18,18.75,150,4.0620192,25,-4,-0.21052632,-4,-1.25,9,,,,,,,,,,,,,6,0.24489796,0.35714286,0.334835,0.17725,0.76553,0.183,1446.4989,906.22,5.9857,3.52,-0.95208251,0.30584128
1302603,2025-10-26,15,83,304.2,0,evaluation,1,14,18,13,23,27,6,16.25,65,2.0615528,18,17.75,142,3.8452197,25,1,0.066666667,5,0.5,9,,,,,,,,,,,,,8,0.21777778,0.4,0.334835,0.17725,0.76553,0.183,1446.4989,906.22,5.9857,3.52,-0.90844756,0.41799884
1302603,2025-11-02,15,95,304.2,0,evaluation,1,15,14,18,25,22,20,15.5,62,1.7320508,18,16.5,132,2.5634798,20,0,0,-1,-0.75,-5,,,,,,,,,,,,,8,0.16444444,0.26666667,0.334835,0.17725,0.76553,0.183,1446.4989,906.22,5.9857,3.52,-0.85165526,0.52410239
1302603,2025-11-09,24,84,304.2,0,evaluation,1,15,15,18,20,12,10,17,68,4.6904158,24,17,136,3.545621,24,9,0.5625,9,1.5,14,,,,,,,,,,,,,13,0.125,0.20833333,0.334835,0.17725,0.76553,0.183,1446.4989,906.22,5.9857,3.52,-0.78252817,0.62261518
1302603,2025-11-16,24,73,304.2,0,evaluation,1,24,15,14,19,13,11,19.5,78,5.1961524,24,17.625,141,4.3073857,24,0,0,-9,2.5,13,,,,,,,,,,,,,9,0.29513889,0.5,0.334835,0.17725,0.76553,0.183,1446.4989,906.22,5.9857,3.52,-0.70206746,0.71211044
1302603,2025-11-23,20,66,304.2,0,evaluation,1,24,24,15,13,16,17,20.75,83,4.2720019,24,18.5,148,3.927922,24,-4,-0.16,-4,1.25,3,,,,,,,,,,,,,7,0.21,0.3,0.334835,0.17725,0.76553,0.183,1446.4989,906.22,5.9857,3.52,-0.61143848,0.79129197
1302603,2025-11-30,27,63,304.2,0,evaluation,1,20,24,15,18,23,11,23.75,95,2.8722813,27,19.625,157,4.9262417,27,7,0.33333333,11,3,16,,,,,,,,,,,,,13,0.10288066,0.18518519,0.334835,0.17725,0.76553,0.183,1446.4989,906.22,5.9857,3.52,-0.51195383,0.85901296
1302603,2025-12-07,13,64,304.2,0,evaluation,1,27,20,24,18,25,18,21,84,6.0553007,27,19,152,5.4510812,27,-14,-0.5,-21,-2.75,-5,,,,,,,,,,,,,8,0.15976331,0.23076923,0.334835,0.17725,0.76553,0.183,1446.4989,906.22,5.9857,3.52,-0.40505439,0.91429259
1302603,2025-12-14,13,72,304.2,0,evaluation,1,13,27,24,14,20,15,18.25,73,6.7019898,27,18.875,151,5.5917669,27,0,0,14,-2.75,-2,,,,,,,,,,,,,7,0.21893491,0.38461538,0.334835,0.17725,0.76553,0.183,1446.4989,906.22,5.9857,3.52,-0.29228842,0.95633021
1302603,2025-12-21,13,79,304.2,0,evaluation,1,13,13,20,15,19,17,16.5,66,7,27,18.625,149,5.8294205,27,0,0,0,-1.75,-4,,,,,,,,,,,,,9,0.15976331,0.30769231,0.334835,0.17725,0.76553,0.183,1446.4989,906.22,5.9857,3.52,-0.17528914,0.984517
1302603,2025-12-28,24,72,304.2,0,evaluation,1,13,13,27,15,13,25,15.75,63,5.5,24,19.75,158,5.8979415,27,11,0.78571429,11,-0.75,-1,,,,,,,,,,,,,8,0.18402778,0.29166667,0.334835,0.17725,0.76553,0.183,1446.4989,906.22,5.9857,3.52,-0.055751083,0.9984447
1302603,2026-01-04,14,82,304.2,0,outside_evaluation,1,24,13,13,24,18,60,16,64,5.3541261,24,18.5,148,5.9281411,27,-10,-0.4,-21,0.25,-46,,,,,,,,,,,,,10,0.13265306,0.21428571,0.334835,0.17725,0.76553,0.183,1446.4989,906.22,5.9857,3.52,0.068756818,0.99763345
1302603,2026-01-11,21,77,304.2,0,outside_evaluation,1,14,24,13,24,18,60,18,72,5.3541261,24,18.125,145,5.6172566,27,7,0.46666667,17,2,-39,,,,,,,,,,,,,7,0.21088435,0.33333333,0.334835,0.17725,0.76553,0.183,1446.4989,906.22,5.9857,3.52,0.18810323,0.98214926
1302603,2026-01-18,20,77,304.2,0,outside_evaluation,1,21,14,13,20,14,45,19.75,79,4.1932485,24,18.125,145,5.6172566,27,-1,-0.045454545,-8,1.75,-25,,,,,,,,,,,,,12,0.11,0.2,0.334835,0.17725,0.76553,0.183,1446.4989,906.22,5.9857,3.52,0.30472529,0.95244029
1302603,2026-01-25,17,78,304.2,0,outside_evaluation,1,20,21,24,27,15,26,18,72,3.1622777,21,16.875,135,4.3239367,24,-3,-0.14285714,-2,-1.75,-9,,,,,,,,,,,,,8,0.23183391,0.41176471,0.334835,0.17725,0.76553,0.183,1446.4989,906.22,5.9857,3.52,0.41693391,0.90893681
1302603,2026-02-01,24,67,304.2,0,outside_evaluation,1,17,20,14,13,15,38,20.5,82,2.8867513,24,18.25,146,4.6521884,24,7,0.38888889,10,2.5,-14,,,,,,,,,,,,,10,0.14930556,0.25,0.334835,0.17725,0.76553,0.183,1446.4989,906.22,5.9857,3.52,0.52310394,0.8522689
1302603,2026-02-08,16,64,304.2,0,outside_evaluation,1,24,17,21,13,24,46,19.25,77,3.5939764,24,18.625,149,4.2740914,24,-8,-0.32,-15,-1.25,-30,,,,,,,,,,,,,7,0.1953125,0.3125,0.334835,0.17725,0.76553,0.183,1446.4989,906.22,5.9857,3.52,0.62169768,0.7832573
1302603,2026-02-15,20,63,304.2,0,outside_evaluation,1,16,24,20,13,24,36,19.25,77,3.5939764,24,19.5,156,3.6253079,24,4,0.23529412,12,0,-16,,,,,,,,,,,,,9,0.2,0.35,0.334835,0.17725,0.76553,0.183,1446.4989,906.22,5.9857,3.52,0.71128717,0.70290153
1302603,2026-02-22,18,57,304.2,0,outside_evaluation,1,20,16,17,24,20,36,19.5,78,3.4156503,24,18.75,150,3.1509636,24,-2,-0.095238095,-6,0.25,-18,,,,,,,,,,,,,8,0.19135802,0.27777778,0.334835,0.17725,0.76553,0.183,1446.4989,906.22,5.9857,3.52,0.79057486,0.6123654
1302603,2026-03-01,13,56,304.2,0,outside_evaluation,1,18,20,24,14,27,23,16.75,67,2.9860788,20,18.625,149,3.3779749,24,-5,-0.26315789,-3,-2.75,-10,,,,,,,,,,,,,8,0.20710059,0.38461538,0.334835,0.17725,0.76553,0.183,1446.4989,906.22,5.9857,3.52,0.8584124,0.51296019
1302603,2026-03-08,13,50,304.2,0,outside_evaluation,1,13,18,16,21,13,32,16,64,3.5590261,20,17.625,141,3.7392704,24,0,0,5,-0.75,-19,,,,,,,,,,,,,6,0.21893491,0.30769231,0.334835,0.17725,0.76553,0.183,1446.4989,906.22,5.9857,3.52,0.91381726,0.40612561
1302603,2026-03-15,19,43,304.2,0,outside_evaluation,1,13,13,20,20,13,43,15.75,63,3.2015621,19,17.5,140,3.6645015,24,6,0.42857143,6,-0.25,-24,,,,,,,,,,,,,10,0.1634349,0.31578947,0.334835,0.17725,0.76553,0.183,1446.4989,906.22,5.9857,3.52,0.95598701,0.29340898
1302603,2026-03-22,12,43,304.2,0,outside_evaluation,1,19,13,18,17,13,29,14.25,57,3.2015621,19,16.875,135,4.1554611,24,-7,-0.35,-13,-1.5,-17,,,,,,,,,,,,,7,0.20833333,0.33333333,0.334835,0.17725,0.76553,0.183,1446.4989,906.22,5.9857,3.52,0.98431089,0.17644281
1302603,2026-03-29,12,51,304.2,0,outside_evaluation,1,12,19,13,24,24,27,14,56,3.3665016,19,15.375,123,3.2923071,20,0,0,7,-0.25,-15,,,,,,,,,,,,,8,0.18055556,0.33333333,0.334835,0.17725,0.76553,0.183,1446.4989,906.22,5.9857,3.52,0.99837868,0.056921161
1302603,2026-04-05,7,73,304.2,0,outside_evaluation,1,12,12,13,16,14,31,12.5,50,4.9328829,19,14.25,114,4.3996753,20,-5,-0.38461538,-5,-1.5,-24,,,,,,,,,,,,,5,0.26530612,0.42857143,0.334835,0.17725,0.76553,0.183,1446.4989,906.22,5.9857,3.52,0.99798661,-0.063424895
1302603,2026-04-12,12,89,304.2,0,outside_evaluation,1,7,12,19,20,21,32,10.75,43,2.5,12,13.25,106,3.7701838,19,5,0.625,10,-1.75,-20,,,,,,,,,,,,,8,0.15277778,0.25,0.334835,0.17725,0.76553,0.183,1446.4989,906.22,5.9857,3.52,0.98314039,-0.18285235
1302603,2026-04-19,12,92,304.2,0,outside_evaluation,1,12,7,12,18,20,33,10.75,43,2.5,12,12.5,100,3.2513733,19,0,0,-5,0,-21,,,,,,,,,,,,,8,0.15277778,0.25,0.334835,0.17725,0.76553,0.183,1446.4989,906.22,5.9857,3.52,0.95405501,-0.29963149
1302603,2026-04-26,20,101,304.2,0,outside_evaluation,1,12,12,12,13,17,31,12.75,51,5.3774219,20,13.375,107,4.2067123,20,8,0.61538462,8,2,-11,,,,,,,,,,,,,11,0.105,0.15,0.334835,0.17725,0.76553,0.183,1446.4989,906.22,5.9857,3.52,0.91115175,-0.41207097
1302603,2026-05-03,29,99,304.2,0,outside_evaluation,1,20,12,7,13,24,55,18.25,73,8.0983537,29,15.375,123,6.9269144,29,9,0.42857143,1,5.5,-26,,,,,,,,,,,,,11,0.14149822,0.27586207,0.334835,0.17725,0.76553,0.183,1446.4989,906.22,5.9857,3.52,0.85505198,-0.5185423
1302603,2026-05-10,28,110,304.2,0,outside_evaluation,1,29,20,12,19,16,33,22.25,89,7.9320027,29,16.5,132,8.2114902,29,-1,-0.033333333,-10,4,-5,,,,,,,,,,,,,15,0.13265306,0.25,0.334835,0.17725,0.76553,0.183,1446.4989,906.22,5.9857,3.52,0.78656821,-0.6175034
1302603,2026-05-17,15,158,304.2,0,outside_evaluation,1,28,29,12,12,20,28,23,92,6.6833126,29,16.875,135,8.043409,29,-13,-0.44827586,-12,0.75,-13,,,,,,,,,,,,,9,0.17333333,0.33333333,0.334835,0.17725,0.76553,0.183,1446.4989,906.22,5.9857,3.52,0.70669232,-0.707521
1302603,2026-05-24,29,169,304.2,0,outside_evaluation,1,15,28,20,12,18,24,25.25,101,6.8495742,29,19,152,8.7831007,29,14,0.875,27,2.25,5,,,,,,,,,,,,,10,0.17479191,0.31034483,0.334835,0.17725,0.76553,0.183,1446.4989,906.22,5.9857,3.52,0.61658117,-0.78729135
1302603,2026-05-31,27,,304.2,,incomplete_horizon,1,29,15,29,7,13,11,24.75,99,6.5510813,29,21.5,172,7.6531973,29,-2,-0.066666667,-16,-0.5,16,,,,,,,,,,,,,10,0.22633745,0.40740741,0.334835,0.17725,0.76553,0.183,1446.4989,906.22,5.9857,3.52,0.51753987,-0.85565909
1302603,2026-06-07,39,,304.2,,incomplete_horizon,1,27,29,28,12,13,12,27.5,110,9.8488578,39,24.875,199,8.7413222,39,12,0.42857143,14,2.75,27,,,,,,,,,,,,,12,0.14135437,0.25641026,0.334835,0.17725,0.76553,0.183,1446.4989,906.22,5.9857,3.52,0.41100288,-0.91163405
1302603,2026-06-14,63,,304.2,,incomplete_horizon,1,39,27,15,12,19,9,39.5,158,16.522712,63,31.25,250,14.626297,63,24,0.6,12,12,54,,,,,,,,,,,,,15,0.12219703,0.20634921,0.334835,0.17725,0.76553,0.183,1446.4989,906.22,5.9857,3.52,0.29851319,-0.95440551
1302603,2026-06-21,40,,304.2,,incomplete_horizon,1,63,39,29,20,12,10,42.25,169,15.041609,63,33.75,270,14.129503,63,-23,-0.359375,-47,2.75,30,,,,,,,,,,,,,10,0.17625,0.325,0.334835,0.17725,0.76553,0.183,1446.4989,906.22,5.9857,3.52,0.18170004,-0.983354
2611606,2021-01-03,9,167,602.2,0,development,1,,,,,,,,,,,,,,,,,,,,,,,,,,,,,,,,6,0.18518519,0.22222222,0.29823196,0.1635,0.76051546,0.1745,997.80732,812.8825,2.2023196,3.04,0.051585425,0.99866859
2611606,2021-01-10,36,170,602.2,0,development,1,9,,,,,,,,,,,,,,27,2.7,,,,,,,,,,,,,,,,17,0.14506173,0.33333333,0.29823196,0.1635,0.76051546,0.1745,997.80732,812.8825,2.2023196,3.04,0.17118054,0.98523968
2611606,2021-01-17,34,192,602.2,0,development,1,36,9,,,,,,,,,,,,,-2,-0.054054054,-29,,,,,,,,,,,,,,,14,0.10899654,0.20588235,0.29823196,0.1635,0.76051546,0.1745,997.80732,812.8825,2.2023196,3.04,0.28829639,0.95754122
2611606,2021-01-24,43,219,602.2,0,development,1,34,36,,,,,30.5,122,14.843629,43,,,,,9,0.25714286,11,,,,,,,,,,,,,,,16,0.082747431,0.11627907,0.29823196,0.1635,0.76051546,0.1745,997.80732,812.8825,2.2023196,3.04,0.40123675,0.91597438
2611606,2021-01-31,54,221,602.2,0,development,1,43,34,9,,,,41.75,167,9.0323493,54,,,,,11,0.25,2,11.25,,,,,,,,,,,,,,17,0.14540466,0.25925926,0.29823196,0.1635,0.76051546,0.1745,997.80732,812.8825,2.2023196,3.04,0.50836587,0.86114119
2611606,2021-02-07,39,297,602.2,0,development,1,54,43,36,,,,42.5,170,8.5049005,54,,,,,-15,-0.27272727,-26,0.75,,,,,,,,,,,,,,18,0.097961867,0.17948718,0.29823196,0.1635,0.76051546,0.1745,997.80732,812.8825,2.2023196,3.04,0.60813216,0.7938358
2611606,2021-02-14,56,310,602.2,0,development,1,39,54,34,,,,48,192,8.2865353,56,,,,,17,0.425,32,5.5,,,,,,,,,,,,,,19,0.09247449,0.17857143,0.29823196,0.1635,0.76051546,0.1745,997.80732,812.8825,2.2023196,3.04,0.69909067,0.71503303
2611606,2021-02-21,70,303,602.2,0,development,1,56,39,43,,,,54.75,219,12.685293,70,42.625,341,18.204689,70,14,0.24561404,-3,6.75,,,,,,,,,,,,,,22,0.11102041,0.24285714,0.29823196,0.1635,0.76051546,0.1745,997.80732,812.8825,2.2023196,3.04,0.77992402,0.62587421
2611606,2021-02-28,56,336,602.2,0,development,1,70,56,54,9,,,55.25,221,12.685293,70,48.5,388,12.489996,70,-14,-0.1971831,-28,0.5,,,,,,,,,,,,,,20,0.16326531,0.35714286,0.29823196,0.1635,0.76051546,0.1745,997.80732,812.8825,2.2023196,3.04,0.84946148,0.52765064
2611606,2021-03-07,115,330,602.2,0,development,1,56,70,39,36,,,74.25,297,27.956812,115,58.375,467,25.573075,115,59,1.0350877,73,19,,,,,,,,,,,,,,24,0.11803403,0.28695652,0.29823196,0.1635,0.76051546,0.1745,997.80732,812.8825,2.2023196,3.04,0.90669591,0.42178494
2611606,2021-03-14,69,395,602.2,0,development,1,115,56,56,34,,,77.5,310,25.800517,115,62.75,502,23.735146,115,-46,-0.39655172,-105,3.25,,,,,,,,,,,,,,20,0.09094728,0.14492754,0.29823196,0.1635,0.76051546,0.1745,997.80732,812.8825,2.2023196,3.04,0.95079836,0.30981039
2611606,2021-03-21,63,489,602.2,0,development,1,69,115,70,43,,,75.75,303,26.700499,115,65.25,522,22.371857,115,-6,-0.085714286,40,-1.75,,,,,,,,,,,,,,19,0.094482237,0.17460317,0.29823196,0.1635,0.76051546,0.1745,997.80732,812.8825,2.2023196,3.04,0.98113009,0.19334875
2611606,2021-03-28,89,700,602.2,1,development,1,63,69,56,54,,,84,336,23.466288,115,69.625,557,23.262094,115,26,0.40625,32,8.25,,,,,,,,,,,,,,24,0.075369272,0.16853933,0.29823196,0.1635,0.76051546,0.1745,997.80732,812.8825,2.2023196,3.04,0.9972518,0.074086778
2611606,2021-04-04,109,928,602.2,1,development,1,89,63,115,39,9,,82.5,330,20.87263,109,78.375,627,23.262094,115,20,0.22222222,-6,-1.5,,,,,,,,,,,,,,29,0.062200152,0.1559633,0.29823196,0.1635,0.76051546,0.1745,997.80732,812.8825,2.2023196,3.04,0.99892998,-0.046248216
2611606,2021-04-11,134,1164,602.2,1,development,1,109,89,69,56,36,,98.75,395,30.115057,134,88.125,705,28.33694,134,25,0.22727273,5,16.25,,,,,,,,,,,,,,29,0.059478726,0.10447761,0.29823196,0.1635,0.76051546,0.1745,997.80732,812.8825,2.2023196,3.04,0.98614033,-0.16591338
2611606,2021-04-18,157,1660,602.2,1,development,1,134,109,63,70,34,,122.25,489,29.590257,157,99,792,36.035697,157,23,0.17037037,-2,23.5,,,,,,,,,,,,,,28,0.070225973,0.13375796,0.29823196,0.1635,0.76051546,0.1745,997.80732,812.8825,2.2023196,3.04,0.95906809,-0.28317557
2611606,2021-04-25,300,2224,602.2,1,development,1,157,134,89,56,43,,175,700,85.607632,300,129.5,1036,75.781641,300,143,0.90506329,120,52.75,,,,,,,,,,,,,,39,0.067888889,0.15666667,0.29823196,0.1635,0.76051546,0.1745,997.80732,812.8825,2.2023196,3.04,0.91810535,-0.39633643
2611606,2021-05-02,337,2814,602.2,1,development,1,300,157,109,115,54,,232,928,101.45278,337,157.25,1258,104.80288,337,37,0.12292359,-106,57,,,,,,,,,,,,,,43,0.070098354,0.14243323,0.29823196,0.1635,0.76051546,0.1745,997.80732,812.8825,2.2023196,3.04,0.86384539,-0.50375703
2611606,2021-05-09,370,3424,602.2,1,development,1,337,300,134,69,39,,291,1164,93.797655,370,194.875,1559,121.32299,370,33,0.097633136,-4,59,,,,,,,,,,,,,,46,0.093864134,0.21081081,0.29823196,0.1635,0.76051546,0.1745,997.80732,812.8825,2.2023196,3.04,0.79707408,-0.60388154
2611606,2021-05-16,653,3568,602.2,1,development,1,370,337,157,63,56,,415,1660,161.22241,653,268.625,2149,189.74038,653,283,0.76280323,250,124,,,,,,,,,,,,,,60,0.10500013,0.2863706,0.29823196,0.1635,0.76051546,0.1745,997.80732,812.8825,2.2023196,3.04,0.71875848,-0.69525984
2611606,2021-05-23,864,3241,602.2,1,development,1,653,370,300,89,70,,556,2224,249.55293,864,365.5,2924,267.03076,864,211,0.32262997,-72,141,,,,,,,,,,,,,,62,0.089653528,0.21990741,0.29823196,0.1635,0.76051546,0.1745,997.80732,812.8825,2.2023196,3.04,0.63003286,-0.77656847
2611606,2021-05-30,927,3086,602.2,1,development,1,864,653,337,109,56,,703.5,2814,251.31985,927,467.75,3742,308.2178,927,63,0.07283237,-148,147.5,,,,,,,,,,,,,,60,0.092850352,0.25026969,0.29823196,0.1635,0.76051546,0.1745,997.80732,812.8825,2.2023196,3.04,0.53218228,-0.8466298
2611606,2021-06-06,980,2761,602.2,1,development,1,927,864,370,134,115,,856,3424,143.39921,980,573.5,4588,322.16544,980,53,0.057112069,-10,152.5,,,,,,,,,,,,,,60,0.078067472,0.21326531,0.29823196,0.1635,0.76051546,0.1745,997.80732,812.8825,2.2023196,3.04,0.42662393,-0.90442912
2611606,2021-06-13,797,2631,602.2,1,development,1,980,927,653,157,69,,892,3568,79.115949,980,653.5,5228,280.76782,980,-183,-0.18654434,-236,36,,,,,,,,,,,,,,55,0.049667117,0.10664994,0.29823196,0.1635,0.76051546,0.1745,997.80732,812.8825,2.2023196,3.04,0.31488664,-0.94912929
2611606,2021-06-20,537,2756,602.2,1,development,1,797,980,864,300,63,,810.25,3241,197.72603,980,683.125,5465,248.82664,980,-260,-0.32581454,-77,-81.75,,,,,,,,,,,,,,46,0.059392653,0.12849162,0.29823196,0.1635,0.76051546,0.1745,997.80732,812.8825,2.2023196,3.04,0.19858874,-0.98008291
2611606,2021-06-27,772,2453,602.2,1,development,1,537,797,927,337,89,,771.5,3086,181.76267,980,737.5,5900,206.27513,980,235,0.43680297,495,-38.75,,,,,,,,,,,,,,61,0.053686005,0.12953368,0.29823196,0.1635,0.76051546,0.1745,997.80732,812.8825,2.2023196,3.04,0.079414622,-0.99684167
2611606,2021-07-04,655,2220,602.2,1,development,1,772,537,980,370,109,,690.25,2761,119.45257,797,773.125,6185,150.92234,980,-117,-0.15135834,-352,-81.25,,,,,,,,,,,,,,58,0.04328186,0.10076336,0.29823196,0.1635,0.76051546,0.1745,997.80732,812.8825,2.2023196,3.04,-0.040909686,-0.99916285
2611606,2021-07-11,667,1961,602.2,1,development,1,655,772,797,653,134,,657.75,2631,96.136622,772,774.875,6199,149.40399,980,12,0.018292683,129,-32.5,,,,,,,,,,,,,,58,0.049902335,0.11844078,0.29823196,0.1635,0.76051546,0.1745,997.80732,812.8825,2.2023196,3.04,-0.16064149,-0.98701282
2611606,2021-07-18,662,1706,602.2,1,development,1,667,655,537,864,157,,689,2756,55.551778,772,749.625,5997,149.25906,980,-5,-0.0074850299,-17,31.25,,,,,,,,,,,,,,55,0.048689771,0.1163142,0.29823196,0.1635,0.76051546,0.1745,997.80732,812.8825,2.2023196,3.04,-0.27804666,-0.96056757
2611606,2021-07-25,469,1603,602.2,1,development,1,662,667,772,927,300,,613.25,2453,96.292523,667,692.375,5539,159.02195,980,-193,-0.29110106,-188,-75.75,,,,,,,,,,,,,,44,0.050004319,0.1108742,0.29823196,0.1635,0.76051546,0.1745,997.80732,812.8825,2.2023196,3.04,-0.3914248,-0.9202101
2611606,2021-08-01,422,1473,602.2,1,development,1,469,662,655,980,337,,555,2220,127.90361,667,622.625,4981,135.47265,797,-47,-0.1,146,-58.25,,,,,,,,,,,,,,49,0.052660542,0.11374408,0.29823196,0.1635,0.76051546,0.1745,997.80732,812.8825,2.2023196,3.04,-0.4991338,-0.86652493
2611606,2021-08-08,408,1250,602.2,1,development,1,422,469,667,797,370,,490.25,1961,117.43473,662,574,4592,133.74389,772,-14,-0.033096927,33,-64.75,,,,,,,,,,,,,,50,0.065599769,0.16421569,0.29823196,0.1635,0.76051546,0.1745,997.80732,812.8825,2.2023196,3.04,-0.59961369,-0.80028959
2611606,2021-08-15,407,1057,602.2,1,development,1,408,422,662,537,653,,426.5,1706,29.149042,469,557.75,4462,146.19923,772,-1,-0.0024449878,13,-63.75,,,,,,,,,,,,,,48,0.063127456,0.14004914,0.29823196,0.1635,0.76051546,0.1745,997.80732,812.8825,2.2023196,3.04,-0.69140917,-0.7224634
2611606,2021-08-22,366,861,602.2,1,development,1,407,408,469,772,864,,400.75,1603,24.15747,422,507,4056,130.86525,667,-41,-0.1004902,-40,-25.75,,,,,,,,,,,,,,39,0.069380991,0.16939891,0.29823196,0.1635,0.76051546,0.1745,997.80732,812.8825,2.2023196,3.04,-0.77319075,-0.63417353
2611606,2021-08-29,292,685,602.2,1,development,1,366,407,422,655,927,,368.25,1473,54.46941,408,461.625,3693,135.08192,667,-74,-0.20163488,-33,-32.5,,,,,,,,,,,,,,42,0.059180897,0.11643836,0.29823196,0.1635,0.76051546,0.1745,997.80732,812.8825,2.2023196,3.04,-0.84377395,-0.53669872
2611606,2021-09-05,185,609,602.2,1,development,1,292,366,408,667,980,,312.5,1250,97.41492,407,401.375,3211,137.857,662,-107,-0.36518771,-33,-55.75,,,,,,,,,,,,,,31,0.057823229,0.11891892,0.29823196,0.1635,0.76051546,0.1745,997.80732,812.8825,2.2023196,3.04,-0.9021365,-0.43145073
2611606,2021-09-12,214,494,602.2,0,development,1,185,292,407,662,797,,264.25,1057,81.50409,366,345.375,2763,103.59804,469,29,0.15591398,136,-48.25,,,,,,,,,,,,,,31,0.060310944,0.12616822,0.29823196,0.1635,0.76051546,0.1745,997.80732,812.8825,2.2023196,3.04,-0.94743311,-0.3199539
2611606,2021-09-19,170,433,602.2,0,development,1,214,185,366,469,537,,215.25,861,54.328476,292,308,2464,106.52029,422,-44,-0.20465116,-73,-49,,,,,,,,,,,,,,33,0.063460208,0.12352941,0.29823196,0.1635,0.76051546,0.1745,997.80732,812.8825,2.2023196,3.04,-0.97900774,-0.20382307
2611606,2021-09-26,116,426,602.2,0,development,1,170,214,292,422,772,,171.25,685,41.11265,214,269.75,2158,114.38625,408,-54,-0.31578947,-10,-44,,,,,,,,,,,,,,25,0.069560048,0.11206897,0.29823196,0.1635,0.76051546,0.1745,997.80732,812.8825,2.2023196,3.04,-0.99640308,-0.084740199
2611606,2021-10-03,109,380,602.2,0,development,1,116,170,185,408,655,,152.25,609,49.371888,214,232.375,1859,111.57437,407,-7,-0.05982906,47,-19,,,,,,,,,,,,,,23,0.073310327,0.11926606,0.29823196,0.1635,0.76051546,0.1745,997.80732,812.8825,2.2023196,3.04,-0.99936719,0.035569988
2611606,2021-10-10,99,368,602.2,0,development,1,109,116,214,407,667,,123.5,494,31.775252,170,193.875,1551,94.550723,366,-10,-0.090909091,-3,-28.75,,,,,,,,,,,,,,20,0.078257321,0.15151515,0.29823196,0.1635,0.76051546,0.1745,997.80732,812.8825,2.2023196,3.04,-0.98785713,0.155365
2611606,2021-10-17,109,309,602.2,0,development,1,99,109,170,366,662,,108.25,433,6.9940451,116,161.75,1294,67.506084,292,10,0.1,20,-15.25,,,,,,,,,,,,,,28,0.095194007,0.21100917,0.29823196,0.1635,0.76051546,0.1745,997.80732,812.8825,2.2023196,3.04,-0.96203962,0.27290982
2611606,2021-10-24,109,259,602.2,0,development,1,109,99,116,292,469,,106.5,426,5,109,138.875,1111,43.965693,214,0,0,-10,-1.75,,,,,,,,,,,,,,23,0.086777207,0.20183486,0.29823196,0.1635,0.76051546,0.1745,997.80732,812.8825,2.2023196,3.04,-0.92228857,0.38650199
2611606,2021-10-31,63,257,602.2,0,development,1,109,109,109,185,422,,95,380,21.847959,109,123.625,989,46.751432,214,-46,-0.41818182,-46,-11.5,,,,,,,,,,,,,,15,0.09952129,0.17460317,0.29823196,0.1635,0.76051546,0.1745,997.80732,812.8825,2.2023196,3.04,-0.86917972,0.49449632
2611606,2021-11-07,87,263,602.2,0,development,1,63,109,99,214,408,,92,368,21.93931,109,107.75,862,30.372685,170,24,0.375,70,-3,,,,,,,,,,,,,,24,0.093407319,0.2183908,0.29823196,0.1635,0.76051546,0.1745,997.80732,812.8825,2.2023196,3.04,-0.80348225,0.59532871
2611606,2021-11-14,50,282,602.2,0,development,1,87,63,109,170,407,,77.25,309,26.132674,109,92.75,742,24.253129,116,-37,-0.42045455,-61,-14.75,,,,,,,,,,,,,,20,0.0992,0.2,0.29823196,0.1635,0.76051546,0.1745,997.80732,812.8825,2.2023196,3.04,-0.72614769,0.68753875
2611606,2021-11-21,59,286,602.2,0,development,1,50,87,109,116,366,,64.75,259,15.798207,87,85.625,685,24.813231,109,9,0.17647059,46,-12.5,,,,,,,,,,,,,,18,0.096811261,0.20338983,0.29823196,0.1635,0.76051546,0.1745,997.80732,812.8825,2.2023196,3.04,-0.63829609,0.76979095
2611606,2021-11-28,61,257,602.2,0,development,1,59,50,63,109,292,,64.25,257,15.903354,87,79.625,637,24.147981,109,2,0.033333333,-7,-0.5,,,,,,,,,,,,,,21,0.12227896,0.26229508,0.29823196,0.1635,0.76051546,0.1745,997.80732,812.8825,2.2023196,3.04,-0.54119984,0.84089401
2611606,2021-12-05,93,172,602.2,0,development,1,61,59,87,99,185,,65.75,263,18.786076,93,78.875,631,23.545928,109,32,0.51612903,30,1.5,,,,,,,,,,,,,,19,0.26789224,0.49462366,0.29823196,0.1635,0.76051546,0.1745,997.80732,812.8825,2.2023196,3.04,-0.43626522,0.89981813
2611606,2021-12-12,69,110,602.2,0,development,1,93,61,50,109,214,,70.5,282,15.609826,93,73.875,591,20.251543,109,-24,-0.25531915,-56,4.75,,,,,,,,,,,,,,23,0.06784289,0.14492754,0.29823196,0.1635,0.76051546,0.1745,997.80732,812.8825,2.2023196,3.04,-0.32501202,0.94570989
2611606,2021-12-19,63,52,602.2,0,development,1,69,93,59,109,170,,71.5,286,14.73092,93,68.125,545,14.593908,93,-6,-0.085714286,18,1,,,,,,,,,,,,,,19,0.092970522,0.15873016,0.29823196,0.1635,0.76051546,0.1745,997.80732,812.8825,2.2023196,3.04,-0.20905157,0.97790462
2611606,2021-12-26,32,30,602.2,0,development,1,63,69,61,63,116,,64.25,257,25.10478,93,64.25,514,19.455076,93,-31,-0.484375,-25,-7.25,,,,,,,,,,,,,,11,0.13476562,0.1875,0.29823196,0.1635,0.76051546,0.1745,997.80732,812.8825,2.2023196,3.04,-0.090063355,0.99593604
2611606,2022-01-02,8,29,602.2,0,development,1,32,63,93,87,109,9,43,172,28.413612,69,54.375,435,25.399311,93,-24,-0.72727273,7,-21.25,-1,,,,,,,,,,,,,4,0.34375,0.5,0.29823196,0.1635,0.76051546,0.1745,997.80732,812.8825,2.2023196,3.04,0.034398767,0.99940819
2611606,2022-01-09,7,41,602.2,0,development,1,8,32,69,50,99,36,27.5,110,26.337552,63,49,392,30.495901,93,-1,-0.11111111,23,-15.5,-29,,,,,,,,,,,,,3,0.42857143,0.57142857,0.29823196,0.1635,0.76051546,0.1745,997.80732,812.8825,2.2023196,3.04,0.15420719,0.98803853
2611606,2022-01-16,5,47,602.2,0,development,1,7,8,63,59,109,34,13,52,12.727922,32,42.25,338,33.767059,93,-2,-0.25,-1,-14.5,-29,,,,,,,,,,,,,3,0.36,0.4,0.29823196,0.1635,0.76051546,0.1745,997.80732,812.8825,2.2023196,3.04,0.27178218,0.96235879
2611606,2022-01-23,10,50,602.2,0,development,1,5,7,32,61,109,43,7.5,30,2.081666,10,35.875,287,34.527163,93,5,0.83333333,7,-5.5,-33,,,,,,,,,,,,,7,0.18,0.3,0.29823196,0.1635,0.76051546,0.1745,997.80732,812.8825,2.2023196,3.04,0.38542086,0.9227409
2611606,2022-01-30,7,76,602.2,0,development,1,10,5,8,93,63,54,7.25,29,2.0615528,10,25.125,201,26.701725,69,-3,-0.27272727,-8,-0.25,-47,,,,,,,,,,,,,7,0.14285714,0.14285714,0.29823196,0.1635,0.76051546,0.1745,997.80732,812.8825,2.2023196,3.04,0.49347736,0.86975864
2611606,2022-02-06,19,78,602.2,0,development,1,7,10,7,69,87,39,10.25,41,6.1846584,19,18.875,151,19.967384,63,12,1.5,15,3,-20,,,,,,,,,,,,,9,0.15789474,0.26315789,0.29823196,0.1635,0.76051546,0.1745,997.80732,812.8825,2.2023196,3.04,0.59438667,0.80417939
2611606,2022-02-13,11,85,602.2,0,development,1,19,7,5,63,50,56,11.75,47,5.1234754,19,12.375,99,9.0069418,32,-8,-0.4,-20,1.5,-45,,,,,,,,,,,,,8,0.15702479,0.27272727,0.29823196,0.1635,0.76051546,0.1745,997.80732,812.8825,2.2023196,3.04,0.68668728,0.72695294
2611606,2022-02-20,13,95,602.2,0,development,1,11,19,10,32,59,70,12.5,50,5,19,10,80,4.4400772,19,2,0.16666667,10,0.75,-57,,,,,,,,,,,,,11,0.10059172,0.15384615,0.29823196,0.1635,0.76051546,0.1745,997.80732,812.8825,2.2023196,3.04,0.76904237,0.6391978
2611606,2022-02-27,33,85,602.2,0,development,1,13,11,7,8,61,56,19,76,9.9331096,33,13.125,105,9.1407643,33,20,1.4285714,18,6.5,-23,,,,,,,,,,,,,14,0.10743802,0.21212121,0.29823196,0.1635,0.76051546,0.1745,997.80732,812.8825,2.2023196,3.04,0.84025918,0.54218494
2611606,2022-03-06,21,107,602.2,0,development,1,33,13,19,7,93,115,19.5,78,9.9833194,33,14.875,119,9.1407643,33,-12,-0.35294118,-32,0.5,-94,,,,,,,,,,,,,10,0.13378685,0.23809524,0.29823196,0.1635,0.76051546,0.1745,997.80732,812.8825,2.2023196,3.04,0.89930623,0.43731945
2611606,2022-03-13,18,116,602.2,0,development,1,21,33,11,5,69,69,21.25,85,8.5,33,16.5,132,8.2462113,33,-3,-0.13636364,9,1.75,-51,,,,,,,,,,,,,13,0.086419753,0.11111111,0.29823196,0.1635,0.76051546,0.1745,997.80732,812.8825,2.2023196,3.04,0.94532834,0.32612011
2611606,2022-03-20,23,133,602.2,0,development,1,18,21,13,10,63,63,23.75,95,6.5,33,18.125,145,8.0611502,33,5,0.26315789,8,2.5,-40,,,,,,,,,,,,,13,0.11909263,0.26086957,0.29823196,0.1635,0.76051546,0.1745,997.80732,812.8825,2.2023196,3.04,0.97765895,0.21019747
2611606,2022-03-27,23,156,602.2,0,development,1,23,18,33,7,32,89,21.25,85,2.3629078,23,20.125,161,6.7915389,33,0,0,-5,-2.5,-66,,,,,,,,,,,,,11,0.15311909,0.30434783,0.29823196,0.1635,0.76051546,0.1745,997.80732,812.8825,2.2023196,3.04,0.99582981,0.09123047
2611606,2022-04-03,43,194,602.2,0,development,1,23,23,21,19,8,109,26.75,107,11.086779,43,23.125,185,10.50765,43,20,0.83333333,20,5.5,-66,,,,,,,,,,,,,18,0.16062737,0.34883721,0.29823196,0.1635,0.76051546,0.1745,997.80732,812.8825,2.2023196,3.04,0.99957773,-0.029057851
2611606,2022-04-10,27,216,602.2,0,development,1,43,23,18,11,7,134,29,116,9.5219046,43,25.125,201,9.3264218,43,-16,-0.36363636,-36,2.25,-107,,,,,,,,,,,,,13,0.17146776,0.33333333,0.29823196,0.1635,0.76051546,0.1745,997.80732,812.8825,2.2023196,3.04,0.98884845,-0.14892532
2611606,2022-04-17,40,255,602.2,0,development,1,27,43,23,13,5,157,33.25,133,9.7425185,43,28.5,228,9.1962725,43,13,0.46428571,29,4.25,-117,,,,,,,,,,,,,15,0.085,0.125,0.29823196,0.1635,0.76051546,0.1745,997.80732,812.8825,2.2023196,3.04,0.96379735,-0.26663585
2611606,2022-04-24,46,264,602.2,0,development,1,40,27,23,33,10,300,39,156,8.3666003,46,30.125,241,11.063938,46,6,0.14634146,-7,5.75,-254,,,,,,,,,,,,,19,0.12192817,0.2826087,0.29823196,0.1635,0.76051546,0.1745,997.80732,812.8825,2.2023196,3.04,0.92478725,-0.38048461
2611606,2022-05-01,81,229,602.2,0,development,1,46,40,43,21,7,337,48.5,194,23.07235,81,37.625,301,20.39564,81,35,0.74468085,29,9.5,-256,,,,,,,,,,,,,19,0.25377229,0.48148148,0.29823196,0.1635,0.76051546,0.1745,997.80732,812.8825,2.2023196,3.04,0.87238316,-0.48882268
2611606,2022-05-08,49,249,602.2,0,development,1,81,46,27,18,19,370,54,216,18.384776,81,41.5,332,19.033805,81,-32,-0.3902439,-67,5.5,-321,,,,,,,,,,,,,17,0.095376926,0.18367347,0.29823196,0.1635,0.76051546,0.1745,997.80732,812.8825,2.2023196,3.04,0.80734406,-0.59008098
2611606,2022-05-15,79,232,602.2,0,development,1,49,81,40,23,11,653,63.75,255,18.82153,81,48.5,388,21.407609,81,30,0.6,62,9.75,-574,,,,,,,,,,,,,21,0.096939593,0.21518987,0.29823196,0.1635,0.76051546,0.1745,997.80732,812.8825,2.2023196,3.04,0.73061194,-0.68279294
2611606,2022-05-22,55,214,602.2,0,development,1,79,49,46,23,13,864,66,264,16.370706,81,52.5,420,18.792096,81,-24,-0.3,-54,2.25,-809,,,,,,,,,,,,,20,0.10743802,0.21818182,0.29823196,0.1635,0.76051546,0.1745,997.80732,812.8825,2.2023196,3.04,0.64329812,-0.76561579
2611606,2022-05-29,46,235,602.2,0,development,1,55,79,81,43,33,927,57.25,229,14.974979,79,52.875,423,18.604435,81,-9,-0.16071429,15,-8.75,-881,,,,,,,,,,,,,15,0.11153119,0.19565217,0.29823196,0.1635,0.76051546,0.1745,997.80732,812.8825,2.2023196,3.04,0.5466672,-0.83734997
2611606,2022-06-05,69,214,602.2,0,development,1,46,55,49,27,21,980,62.25,249,14.637281,79,58.125,465,16.003906,81,23,0.4893617,32,5,-911,,,,,,,,,,,,,22,0.085066163,0.1884058,0.29823196,0.1635,0.76051546,0.1745,997.80732,812.8825,2.2023196,3.04,0.44211873,-0.89695654
2611606,2022-06-12,62,222,602.2,0,development,1,69,46,79,40,18,797,58,232,9.8319208,69,60.875,487,14.23715,81,-7,-0.1,-30,-4.25,-735,,,,,,,,,,,,,22,0.065556712,0.14516129,0.29823196,0.1635,0.76051546,0.1745,997.80732,812.8825,2.2023196,3.04,0.3311669,-0.94357219
2611606,2022-06-19,37,294,602.2,0,development,1,62,69,55,46,23,537,53.5,214,14.617341,69,59.75,478,15.845234,81,-25,-0.3968254,-18,-4.5,-500,,,,,,,,,,,,,21,0.07815924,0.18918919,0.29823196,0.1635,0.76051546,0.1745,997.80732,812.8825,2.2023196,3.04,0.21541867,-0.97652178
2611606,2022-06-26,67,307,602.2,0,development,1,37,62,46,81,23,772,58.75,235,14.795833,69,58,464,13.804761,79,30,0.78947368,55,5.25,-705,,,,,,,,,,,,,24,0.10715081,0.23880597,0.29823196,0.1635,0.76051546,0.1745,997.80732,812.8825,2.2023196,3.04,0.096550471,-0.99532809
2611606,2022-07-03,48,344,602.2,0,development,1,67,37,69,49,43,655,53.5,214,13.625956,67,57.875,463,13.902081,79,-19,-0.27941176,-49,-5.25,-607,,,,,,,,,,,,,21,0.088541667,0.1875,0.29823196,0.1635,0.76051546,0.1745,997.80732,812.8825,2.2023196,3.04,-0.023716105,-0.99971873
2611606,2022-07-10,70,396,602.2,0,development,1,48,67,62,79,27,667,55.5,222,15.716234,70,56.75,454,12.209481,70,22,0.44897959,41,2,-597,,,,,,,,,,,,,27,0.11265306,0.28571429,0.29823196,0.1635,0.76051546,0.1745,997.80732,812.8825,2.2023196,3.04,-0.14363919,-0.98963012
2611606,2022-07-17,109,349,602.2,0,development,1,70,48,37,55,40,662,73.5,294,25.592968,109,63.5,508,22.058364,109,39,0.54929577,17,18,-553,,,,,,,,,,,,,23,0.19266055,0.39449541,0.29823196,0.1635,0.76051546,0.1745,997.80732,812.8825,2.2023196,3.04,-0.26148191,-0.96520838
2611606,2022-07-24,80,373,602.2,0,development,1,109,70,67,46,46,469,76.75,307,25.316332,109,67.75,542,21.472574,109,-29,-0.26363636,-68,3.25,-389,,,,,,,,,,,,,25,0.1196875,0.2625,0.29823196,0.1635,0.76051546,0.1745,997.80732,812.8825,2.2023196,3.04,-0.37553749,-0.9268072
2611606,2022-07-31,85,364,602.2,0,development,1,80,109,48,69,81,422,86,344,16.552945,109,69.75,558,22.333511,109,5,0.061728395,34,9.25,-337,,,,,,,,,,,,,22,0.12193772,0.25882353,0.29823196,0.1635,0.76051546,0.1745,997.80732,812.8825,2.2023196,3.04,-0.48415405,-0.87498278
2611606,2022-08-07,122,282,602.2,0,development,1,85,80,70,62,49,408,99,396,19.882991,122,77.25,618,28.564463,122,37,0.43023256,32,13,-286,,,,,,,,,,,,,24,0.146466,0.27868852,0.29823196,0.1635,0.76051546,0.1745,997.80732,812.8825,2.2023196,3.04,-0.58575844,-0.81048569
2611606,2022-08-14,62,270,602.2,0,development,1,122,85,109,37,79,407,87.25,349,25.184321,122,80.375,643,24.628308,122,-60,-0.48780488,-97,-11.75,-345,,,,,,,,,,,,,14,0.18002081,0.33870968,0.29823196,0.1635,0.76051546,0.1745,997.80732,812.8825,2.2023196,3.04,-0.6788791,-0.73425007
2611606,2022-08-21,104,209,602.2,0,development,1,62,122,80,67,55,366,93.25,373,25.734218,122,85,680,25.224704,122,42,0.66666667,102,6,-262,,,,,,,,,,,,,24,0.12518491,0.22115385,0.29823196,0.1635,0.76051546,0.1745,997.80732,812.8825,2.2023196,3.04,-0.76216734,-0.64738007
2611606,2022-08-28,76,168,602.2,0,development,1,104,62,85,48,46,292,91,364,27.055499,122,88.5,708,20.935274,122,-28,-0.26666667,-70,-2.25,-216,,,,,,,,,,,,,25,0.09799169,0.18421053,0.29823196,0.1635,0.76051546,0.1745,997.80732,812.8825,2.2023196,3.04,-0.83441685,-0.55113385
2611606,2022-09-04,40,158,602.2,0,development,1,76,104,122,70,69,185,70.5,282,26.801741,104,84.75,678,26.633759,122,-36,-0.46753247,-8,-20.5,-145,,,,,,,,,,,,,15,0.16375,0.35,0.29823196,0.1635,0.76051546,0.1745,997.80732,812.8825,2.2023196,3.04,-0.89458123,-0.44690538
2611606,2022-09-11,50,134,602.2,0,development,1,40,76,62,109,62,214,67.5,270,28.676355,104,77.375,619,27.123724,122,10,0.24390244,46,-3,-164,,,,,,,,,,,,,21,0.0768,0.16,0.29823196,0.1635,0.76051546,0.1745,997.80732,812.8825,2.2023196,3.04,-0.9417891,-0.33620423
2611606,2022-09-18,43,140,602.2,0,development,1,50,40,104,80,37,170,52.25,209,16.378339,76,72.75,582,29.649139,122,-7,-0.1372549,-17,-15.25,-127,,,,,,,,,,,,,16,0.10221741,0.18604651,0.29823196,0.1635,0.76051546,0.1745,997.80732,812.8825,2.2023196,3.04,-0.97535673,-0.22063373
2611606,2022-09-25,35,148,602.2,0,development,1,43,50,76,85,67,116,42,168,6.2716292,50,66.5,532,31.883717,122,-8,-0.18181818,-1,-10.25,-81,,,,,,,,,,,,,13,0.15265306,0.25714286,0.29823196,0.1635,0.76051546,0.1745,997.80732,812.8825,2.2023196,3.04,-0.99479795,-0.10186771
2611606,2022-10-02,30,150,602.2,0,development,1,35,43,40,122,48,109,39.5,158,8.8128694,50,55,440,24.813591,104,-5,-0.13888889,3,-2.5,-79,,,,,,,,,,,,,13,0.11333333,0.2,0.29823196,0.1635,0.76051546,0.1745,997.80732,812.8825,2.2023196,3.04,-0.99983119,0.018373682
2611606,2022-10-09,26,167,602.2,0,development,1,30,35,50,62,70,99,33.5,134,7.3257537,43,50.5,404,26.565283,104,-4,-0.12903226,1,-6,-73,,,,,,,,,,,,,13,0.14497041,0.30769231,0.29823196,0.1635,0.76051546,0.1745,997.80732,812.8825,2.2023196,3.04,-0.99038354,0.13834897
2611606,2022-10-16,49,141,602.2,0,development,1,26,30,43,104,109,109,35,140,10.033278,49,43.625,349,15.592466,76,23,0.85185185,27,1.5,-60,,,,,,,,,,,,,18,0.092877968,0.20408163,0.29823196,0.1635,0.76051546,0.1745,997.80732,812.8825,2.2023196,3.04,-0.96659185,0.2563205
2611606,2022-10-23,43,120,602.2,0,development,1,49,26,35,76,80,109,37,148,10.801234,49,39.5,316,8.6023253,50,-6,-0.12,-29,2,-66,,,,,,,,,,,,,13,0.1563007,0.3255814,0.29823196,0.1635,0.76051546,0.1745,997.80732,812.8825,2.2023196,3.04,-0.92880069,0.37057966
2611606,2022-10-30,32,117,602.2,0,development,1,43,49,30,40,85,63,37.5,150,10.40833,49,38.5,308,8.99206,50,-11,-0.25,-5,0.5,-31,,,,,,,,,,,,,10,0.14453125,0.25,0.29823196,0.1635,0.76051546,0.1745,997.80732,812.8825,2.2023196,3.04,-0.8775574,0.47947159
2611606,2022-11-06,43,97,602.2,0,development,1,32,43,26,50,122,87,41.75,167,7.0887234,49,37.625,301,7.9988839,49,11,0.33333333,22,4.25,-44,,,,,,,,,,,,,16,0.12925906,0.27906977,0.29823196,0.1635,0.76051546,0.1745,997.80732,812.8825,2.2023196,3.04,-0.81360417,0.58141918
2611606,2022-11-13,23,99,602.2,0,development,1,43,32,49,43,62,50,35.25,141,9.6738479,43,35.125,281,9.1251223,49,-20,-0.45454545,-31,-6.5,-27,,,,,,,,,,,,,8,0.49716446,0.69565217,0.29823196,0.1635,0.76051546,0.1745,997.80732,812.8825,2.2023196,3.04,-0.73786724,0.67494588
2611606,2022-11-20,22,115,602.2,0,development,1,23,43,43,35,104,59,30,120,9.763879,43,33.5,268,10.239978,49,-1,-0.041666667,19,-5.25,-37,,,,,,,,,,,,,17,0.070247934,0.13636364,0.29823196,0.1635,0.76051546,0.1745,997.80732,812.8825,2.2023196,3.04,-0.65144353,0.75869712
2611606,2022-11-27,29,119,602.2,0,development,1,22,23,32,30,76,61,29.25,117,9.6738479,43,33.375,267,10.294763,49,7,0.30434783,8,-0.75,-32,,,,,,,,,,,,,12,0.16527943,0.31034483,0.29823196,0.1635,0.76051546,0.1745,997.80732,812.8825,2.2023196,3.04,-0.55558476,0.83145991
2611606,2022-12-04,23,99,602.2,0,development,1,29,22,43,26,40,93,24.25,97,3.2015621,29,33,264,10.650285,49,-6,-0.2,-13,-5,-70,,,,,,,,,,,,,10,0.18714556,0.34782609,0.29823196,0.1635,0.76051546,0.1745,997.80732,812.8825,2.2023196,3.04,-0.45167927,0.89218038
2611606,2022-12-11,25,84,602.2,0,development,1,23,29,23,49,50,69,24.75,99,3.0956959,29,30,240,8.7013956,43,2,0.083333333,8,0.5,-44,,,,,,,,,,,,,13,0.1104,0.2,0.29823196,0.1635,0.76051546,0.1745,997.80732,812.8825,2.2023196,3.04,-0.34123196,0.93997912
2611606,2022-12-18,38,59,602.2,0,development,1,25,23,22,43,43,63,28.75,115,6.6520673,38,29.375,235,7.7632375,43,13,0.5,11,4,-25,,,,,,,,,,,,,14,0.12188366,0.23684211,0.29823196,0.1635,0.76051546,0.1745,997.80732,812.8825,2.2023196,3.04,-0.22584248,0.97416383
2611606,2022-12-25,33,64,602.2,0,development,1,38,25,29,32,35,32,29.75,119,6.9940451,38,29.5,236,7.8193898,43,-5,-0.12820513,-18,1,1,,,,,,,,,,,,,11,0.1533517,0.27272727,0.29823196,0.1635,0.76051546,0.1745,997.80732,812.8825,2.2023196,3.04,-0.10718205,0.99423941
2611606,2023-01-01,3,94,602.2,0,development,1,33,38,23,43,30,8,24.75,99,15.456929,38,24.5,196,10.337173,38,-30,-0.88235294,-25,-5,-5,,,,,,,,,,,,,3,0.33333333,0.33333333,0.29823196,0.1635,0.76051546,0.1745,997.80732,812.8825,2.2023196,3.04,0.017201929,0.99985204
2611606,2023-01-08,10,110,602.2,0,development,1,3,33,25,23,26,7,21,84,17.107503,38,22.875,183,11.556538,38,7,1.75,37,-3.75,3,,,,,,,,,,,,,8,0.16,0.3,0.29823196,0.1635,0.76051546,0.1745,997.80732,812.8825,2.2023196,3.04,0.1371882,0.990545
2611606,2023-01-15,13,108,602.2,0,development,1,10,3,38,22,49,5,14.75,59,12.867919,33,21.75,174,12.08009,38,3,0.27272727,-4,-6.25,8,,,,,,,,,,,,,6,0.23076923,0.38461538,0.29823196,0.1635,0.76051546,0.1745,997.80732,812.8825,2.2023196,3.04,0.25518754,0.96689158
2611606,2023-01-22,38,92,602.2,0,development,1,13,10,33,29,43,10,16,64,15.253415,38,22.875,183,13.217278,38,25,1.7857143,22,1.25,28,,,,,,,,,,,,,15,0.20221607,0.39473684,0.29823196,0.1635,0.76051546,0.1745,997.80732,812.8825,2.2023196,3.04,0.3694909,0.92923435
2611606,2023-01-29,33,119,602.2,0,development,1,38,13,3,23,32,7,23.5,94,14.059398,38,24.125,193,13.69502,38,-5,-0.12820513,-30,7.5,26,,,,,,,,,,,,,14,0.17539027,0.36363636,0.29823196,0.1635,0.76051546,0.1745,997.80732,812.8825,2.2023196,3.04,0.47844282,0.87811871
2611606,2023-02-05,26,125,602.2,0,development,1,33,38,10,25,43,19,27.5,110,10.847427,38,24.25,194,13.708704,38,-7,-0.20588235,-2,4,7,,,,,,,,,,,,,12,0.10946746,0.19230769,0.29823196,0.1635,0.76051546,0.1745,997.80732,812.8825,2.2023196,3.04,0.58046528,0.814285
2611606,2023-02-12,11,229,602.2,0,development,1,26,33,13,38,23,11,27,108,11.74734,38,20.875,167,13.152268,38,-15,-0.55555556,-8,-0.5,0,,,,,,,,,,,,,8,0.14049587,0.18181818,0.29823196,0.1635,0.76051546,0.1745,997.80732,812.8825,2.2023196,3.04,0.67408068,0.73865773
2611606,2023-02-19,22,302,602.2,0,development,1,11,26,38,33,22,13,23,92,9.2014492,33,19.5,156,12.247449,38,11,0.91666667,26,-4,9,,,,,,,,,,,,,11,0.14876033,0.27272727,0.29823196,0.1635,0.76051546,0.1745,997.80732,812.8825,2.2023196,3.04,0.75793315,0.65233223
2611606,2023-02-26,60,337,602.2,0,development,1,22,11,33,3,29,33,29.75,119,21.140404,60,26.625,213,16.953192,60,38,1.6521739,27,6.75,27,,,,,,,,,,,,,19,0.15,0.31666667,0.29823196,0.1635,0.76051546,0.1745,997.80732,812.8825,2.2023196,3.04,0.83080822,0.5565588
2611606,2023-03-05,32,370,602.2,0,development,1,60,22,26,10,23,21,31.25,125,20.998016,60,29.375,235,15.601625,60,-28,-0.45901639,-66,1.5,11,,,,,,,,,,,,,17,0.10351562,0.21875,0.29823196,0.1635,0.76051546,0.1745,997.80732,812.8825,2.2023196,3.04,0.89165043,0.45272454
2611606,2023-03-12,115,320,602.2,0,development,1,32,60,11,13,25,18,57.25,229,41.724293,115,42.125,337,32.660319,115,83,2.5151515,111,26,97,,,,,,,,,,,,,20,0.18230624,0.31304348,0.29823196,0.1635,0.76051546,0.1745,997.80732,812.8825,2.2023196,3.04,0.93957857,0.34233333
2611606,2023-03-19,95,270,602.2,0,development,1,115,32,22,38,38,23,75.5,302,36.846529,115,49.25,394,37.491904,115,-20,-0.17241379,-103,18.25,72,,,,,,,,,,,,,25,0.091634349,0.2,0.29823196,0.1635,0.76051546,0.1745,997.80732,812.8825,2.2023196,3.04,0.97389849,0.22698399
2611606,2023-03-26,95,258,602.2,0,development,1,95,115,60,33,33,23,84.25,337,36.086701,115,57,456,39.978566,115,0,0,20,8.75,72,,,,,,,,,,,,,24,0.074792244,0.17894737,0.29823196,0.1635,0.76051546,0.1745,997.80732,812.8825,2.2023196,3.04,0.99411312,0.10834716
2611606,2023-04-02,65,232,602.2,0,development,1,95,95,32,26,3,43,92.5,370,20.615528,115,61.875,495,37.986605,115,-30,-0.3125,-30,8.25,22,,,,,,,,,,,,,18,0.12662722,0.21538462,0.29823196,0.1635,0.76051546,0.1745,997.80732,812.8825,2.2023196,3.04,0.99992968,-0.011858886
2611606,2023-04-09,65,209,602.2,0,development,1,65,95,115,11,10,27,80,320,17.320508,95,68.625,549,31.977392,115,0,0,30,-12.5,38,,,,,,,,,,,,,19,0.084497041,0.16923077,0.29823196,0.1635,0.76051546,0.1745,997.80732,812.8825,2.2023196,3.04,0.99126393,-0.13189318
2611606,2023-04-16,45,217,602.2,0,development,1,65,65,95,22,13,40,67.5,270,20.615528,95,71.5,572,27.969371,115,-20,-0.3030303,-20,-12.5,5,,,,,,,,,,,,,15,0.15555556,0.31111111,0.29823196,0.1635,0.76051546,0.1745,997.80732,812.8825,2.2023196,3.04,0.96824139,-0.25001722
2611606,2023-04-23,83,177,602.2,0,development,1,45,65,95,60,38,46,64.5,258,15.524175,83,74.375,595,27.799987,115,38,0.82608696,58,-3,37,,,,,,,,,,,,,21,0.096530701,0.15662651,0.29823196,0.1635,0.76051546,0.1745,997.80732,812.8825,2.2023196,3.04,0.93119549,-0.36452018
2611606,2023-04-30,39,176,602.2,0,development,1,83,45,65,32,33,81,58,232,20.033306,83,75.25,602,26.347947,115,-44,-0.52380952,-82,-6.5,-42,,,,,,,,,,,,,19,0.10322156,0.23076923,0.29823196,0.1635,0.76051546,0.1745,997.80732,812.8825,2.2023196,3.04,0.88066278,-0.47374368
2611606,2023-05-07,42,163,602.2,0,development,1,39,83,65,115,26,49,52.25,209,20.645823,83,66.125,529,23.049249,95,3,0.075,47,-5.75,-7,,,,,,,,,,,,,16,0.12585034,0.23809524,0.29823196,0.1635,0.76051546,0.1745,997.80732,812.8825,2.2023196,3.04,0.81737514,-0.57610579
2611606,2023-05-14,53,137,602.2,0,development,1,42,39,45,95,11,79,54.25,217,20.089384,83,60.875,487,20.131266,95,11,0.25581395,8,2,-26,,,,,,,,,,,,,18,0.088643645,0.16981132,0.29823196,0.1635,0.76051546,0.1745,997.80732,812.8825,2.2023196,3.04,0.74224919,-0.67012398
2611606,2023-05-21,43,131,602.2,0,development,1,53,42,83,95,22,55,44.25,177,6.0759087,53,54.375,435,15.371007,83,-10,-0.18518519,-21,-10,-12,,,,,,,,,,,,,21,0.098972418,0.23255814,0.29823196,0.1635,0.76051546,0.1745,997.80732,812.8825,2.2023196,3.04,0.656373,-0.75443653
2611606,2023-05-28,38,138,602.2,0,development,1,43,53,39,65,60,46,44,176,6.3770422,53,51,408,15.66616,83,-5,-0.11363636,5,-0.25,-8,,,,,,,,,,,,,17,0.091412742,0.18421053,0.29823196,0.1635,0.76051546,0.1745,997.80732,812.8825,2.2023196,3.04,0.56099035,-0.82782234
2611606,2023-06-04,29,150,602.2,0,development,1,38,43,42,65,32,69,40.75,163,10.012492,53,46.5,372,16.230483,83,-9,-0.23076923,-4,-3.25,-40,,,,,,,,,,,,,13,0.12722949,0.20689655,0.29823196,0.1635,0.76051546,0.1745,997.80732,812.8825,2.2023196,3.04,0.45748269,-0.88921853
2611606,2023-06-11,27,180,602.2,0,development,1,29,38,53,45,115,62,34.25,137,7.5443135,43,44.25,354,17.653409,83,-2,-0.066666667,7,-6.5,-35,,,,,,,,,,,,,10,0.20164609,0.37037037,0.29823196,0.1635,0.76051546,0.1745,997.80732,812.8825,2.2023196,3.04,0.34734916,-0.93773587
2611606,2023-06-18,37,198,602.2,0,development,1,27,29,43,83,95,37,32.75,131,5.5602758,38,38.5,308,8.1766217,53,10,0.35714286,12,-1.5,0,,,,,,,,,,,,,12,0.1541271,0.24324324,0.29823196,0.1635,0.76051546,0.1745,997.80732,812.8825,2.2023196,3.04,0.23218486,-0.97267168
2611606,2023-06-25,45,179,602.2,0,development,1,37,27,38,39,95,67,34.5,138,8.2259751,45,39.25,314,8.4978989,53,8,0.21052632,-2,1.75,-22,,,,,,,,,,,,,17,0.11901235,0.24444444,0.29823196,0.1635,0.76051546,0.1745,997.80732,812.8825,2.2023196,3.04,0.11365775,-0.99351996
2611606,2023-07-02,41,185,602.2,0,development,1,45,37,29,42,65,48,37.5,150,7.7244202,45,39.125,313,8.4589344,53,-4,-0.086956522,-12,3,-7,,,,,,,,,,,,,19,0.11600238,0.24390244,0.29823196,0.1635,0.76051546,0.1745,997.80732,812.8825,2.2023196,3.04,-0.0065155057,-0.99997877
2611606,2023-07-09,57,176,602.2,0,development,1,41,45,27,53,65,70,45,180,8.6409876,57,39.625,317,9.4557239,57,16,0.38095238,20,7.5,-13,,,,,,,,,,,,,18,0.11234226,0.19298246,0.29823196,0.1635,0.76051546,0.1745,997.80732,812.8825,2.2023196,3.04,-0.12659439,-0.99195457
2611606,2023-07-16,55,209,602.2,0,development,1,57,41,37,43,45,109,49.5,198,7.7244202,57,41.125,329,10.907894,57,-2,-0.034482759,-18,4.5,-54,,,,,,,,,,,,,18,0.11801653,0.2,0.29823196,0.1635,0.76051546,0.1745,997.80732,812.8825,2.2023196,3.04,-0.24483977,-0.96956355
2611606,2023-07-23,26,243,602.2,0,development,1,55,57,45,38,83,80,44.75,179,14.384598,57,39.625,317,12.153042,57,-29,-0.51785714,-27,-4.75,-54,,,,,,,,,,,,,15,0.10059172,0.19230769,0.29823196,0.1635,0.76051546,0.1745,997.80732,812.8825,2.2023196,3.04,-0.35953906,-0.93313004
2611606,2023-07-30,47,246,602.2,0,development,1,26,55,41,29,39,85,46.25,185,14.174508,57,41.875,335,11.556538,57,21,0.77777778,50,1.5,-38,,,,,,,,,,,,,18,0.11724762,0.23404255,0.29823196,0.1635,0.76051546,0.1745,997.80732,812.8825,2.2023196,3.04,-0.46903102,-0.88318169
2611606,2023-08-06,48,234,602.2,0,development,1,47,26,57,27,42,122,44,176,12.516656,55,44.5,356,9.9713876,57,1,0.020833333,-20,-2.25,-74,,,,,,,,,,,,,18,0.109375,0.22916667,0.29823196,0.1635,0.76051546,0.1745,997.80732,812.8825,2.2023196,3.04,-0.57172985,-0.82044194
2611606,2023-08-13,88,206,602.2,0,development,1,48,47,55,37,53,62,52.25,209,25.902059,88,50.875,407,17.755784,88,40,0.81632653,39,8.25,26,,,,,,,,,,,,,18,0.15444215,0.31818182,0.29823196,0.1635,0.76051546,0.1745,997.80732,812.8825,2.2023196,3.04,-0.66614813,-0.74581946
2611606,2023-08-20,60,199,602.2,0,development,1,88,48,26,45,43,104,60.75,243,19.102792,88,52.75,422,17.838562,88,-28,-0.31460674,-68,8.5,-44,,,,,,,,,,,,,18,0.14,0.31666667,0.29823196,0.1635,0.76051546,0.1745,997.80732,812.8825,2.2023196,3.04,-0.75091838,-0.66039503
2611606,2023-08-27,50,201,602.2,0,development,1,60,88,47,41,38,76,61.5,246,18.430048,88,53.875,431,17.266297,88,-10,-0.16393443,18,0.75,-26,,,,,,,,,,,,,19,0.0824,0.16,0.29823196,0.1635,0.76051546,0.1745,997.80732,812.8825,2.2023196,3.04,-0.82481282,-0.56540588
2611606,2023-09-03,36,208,602.2,0,development,1,50,60,48,57,29,40,58.5,234,21.992423,88,51.25,410,18.289341,88,-14,-0.2745098,-4,-3,-4,,,,,,,,,,,,,14,0.10339506,0.16666667,0.29823196,0.1635,0.76051546,0.1745,997.80732,812.8825,2.2023196,3.04,-0.88676123,-0.46222778
2611606,2023-09-10,60,200,602.2,0,development,1,36,50,88,55,27,50,51.5,206,11.357817,60,51.875,415,18.519777,88,24,0.64864865,38,-7,10,,,,,,,,,,,,,20,0.10611111,0.2,0.29823196,0.1635,0.76051546,0.1745,997.80732,812.8825,2.2023196,3.04,-0.93586639,-0.35235507
2611606,2023-09-17,53,217,602.2,0,development,1,60,36,60,26,37,43,49.75,199,10.078856,60,55.25,442,15.313393,88,-7,-0.1147541,-31,-1.75,10,,,,,,,,,,,,,16,0.12210751,0.24528302,0.29823196,0.1635,0.76051546,0.1745,997.80732,812.8825,2.2023196,3.04,-0.97141709,-0.2373791
2611606,2023-09-24,52,197,602.2,0,development,1,53,60,50,47,45,35,50.25,201,10.144785,60,55.875,447,15.02795,88,-1,-0.018518519,6,0.5,17,,,,,,,,,,,,,19,0.10576923,0.23076923,0.29823196,0.1635,0.76051546,0.1745,997.80732,812.8825,2.2023196,3.04,-0.99289844,-0.11896509
2611606,2023-10-01,43,196,602.2,0,development,1,52,53,36,48,41,30,52,208,6.9761498,60,55.25,442,15.498848,88,-9,-0.16981132,-8,1.75,13,,,,,,,,,,,,,11,0.13683072,0.25581395,0.29823196,0.1635,0.76051546,0.1745,997.80732,812.8825,2.2023196,3.04,-0.99999931,0.0011719389
2611606,2023-10-08,52,198,602.2,0,development,1,43,52,60,88,57,26,50,200,4.6904158,53,50.75,406,8.0843765,60,9,0.20454545,18,-2,26,,,,,,,,,,,,,16,0.11686391,0.17307692,0.29823196,0.1635,0.76051546,0.1745,997.80732,812.8825,2.2023196,3.04,-0.99261687,0.12129199
2611606,2023-10-15,70,163,602.2,0,development,1,52,43,53,60,55,49,54.25,217,11.324752,70,52,416,10.212038,70,18,0.33962264,9,4.25,21,,,,,,,,,,,,,21,0.10040816,0.24285714,0.29823196,0.1635,0.76051546,0.1745,997.80732,812.8825,2.2023196,3.04,-0.97085803,0.23965533
2611606,2023-10-22,32,188,602.2,0,development,1,70,52,52,50,26,43,49.25,197,16.070159,70,49.75,398,12.452768,70,-38,-0.53521127,-56,-5,-11,,,,,,,,,,,,,14,0.095703125,0.15625,0.29823196,0.1635,0.76051546,0.1745,997.80732,812.8825,2.2023196,3.04,-0.93503794,0.35454766
2611606,2023-10-29,42,182,602.2,0,development,1,32,70,43,36,47,32,49,196,16.206994,70,50.5,404,11.661904,70,10,0.3030303,48,-0.25,10,,,,,,,,,,,,,16,0.19614512,0.38095238,0.29823196,0.1635,0.76051546,0.1745,997.80732,812.8825,2.2023196,3.04,-0.88567539,0.46430496
2611606,2023-11-05,54,170,602.2,0,development,1,42,32,52,60,48,43,49.5,198,16.360522,70,49.75,398,11.145146,70,12,0.27906977,2,0.5,11,,,,,,,,,,,,,11,0.14197531,0.25925926,0.29823196,0.1635,0.76051546,0.1745,997.80732,812.8825,2.2023196,3.04,-0.82348531,0.56733759
2611606,2023-11-12,35,177,602.2,0,development,1,54,42,70,53,88,23,40.75,163,9.7766729,54,47.5,380,12.165525,70,-19,-0.34545455,-31,-8.75,12,,,,,,,,,,,,,16,0.11510204,0.25714286,0.29823196,0.1635,0.76051546,0.1745,997.80732,812.8825,2.2023196,3.04,-0.74936843,0.66215327
2611606,2023-11-19,57,175,602.2,0,development,1,35,54,32,52,60,22,47,188,10.29563,57,48.125,385,12.552035,70,22,0.61111111,41,6.25,35,,,,,,,,,,,,,14,0.16158818,0.29824561,0.29823196,0.1635,0.76051546,0.1745,997.80732,812.8825,2.2023196,3.04,-0.6643982,0.74737878
2611606,2023-11-26,36,177,602.2,0,development,1,57,35,42,43,50,29,45.5,182,11.61895,57,47.25,378,13.188198,70,-21,-0.36206897,-43,-1.5,7,,,,,,,,,,,,,16,0.11728395,0.22222222,0.29823196,0.1635,0.76051546,0.1745,997.80732,812.8825,2.2023196,3.04,-0.56980527,0.82177975
2611606,2023-12-03,42,137,602.2,0,development,1,36,57,54,52,36,23,42.5,170,10.148892,57,46,368,13.147515,70,6,0.16216216,27,-3,19,,,,,,,,,,,,,17,0.10430839,0.21428571,0.29823196,0.1635,0.76051546,0.1745,997.80732,812.8825,2.2023196,3.04,-0.46695966,0.88427862
2611606,2023-12-10,42,105,602.2,0,development,1,42,36,35,70,60,25,44.25,177,8.9582364,57,42.5,340,8.8801544,57,0,0,-6,1.75,17,,,,,,,,,,,,,17,0.13038549,0.26190476,0.29823196,0.1635,0.76051546,0.1745,997.80732,812.8825,2.2023196,3.04,-0.35735093,0.93397019
2611606,2023-12-17,55,63,602.2,0,development,1,42,42,57,32,53,38,43.75,175,8.0156098,55,45.375,363,8.7167736,57,13,0.30232558,13,-0.5,17,,,,,,,,,,,,,19,0.10016529,0.2,0.29823196,0.1635,0.76051546,0.1745,997.80732,812.8825,2.2023196,3.04,-0.24256656,0.97013477
2611606,2023-12-24,38,56,602.2,0,development,1,55,42,36,42,52,33,44.25,177,7.410578,55,44.875,359,9.0465068,57,-17,-0.30357143,-30,0.5,5,,,,,,,,,,,,,18,0.10387812,0.21052632,0.29823196,0.1635,0.76051546,0.1745,997.80732,812.8825,2.2023196,3.04,-0.12426903,0.99224856
2611606,2023-12-31,2,68,602.2,0,development,1,38,55,42,54,43,3,34.25,137,22.691775,55,38.375,307,16.860245,57,-36,-0.92307692,-19,-10,-1,,,,,,,,,,,,,2,0.5,0.5,0.29823196,0.1635,0.76051546,0.1745,997.80732,812.8825,2.2023196,3.04,-0.0041716613,0.9999913
2611606,2024-01-07,10,102,602.2,0,development,1,2,38,42,35,52,10,26.25,105,24.608603,55,35.25,282,19.659603,57,8,2.6666667,44,-8,0,,,,,,,,,,,,,6,0.2,0.3,0.29823196,0.1635,0.76051546,0.1745,997.80732,812.8825,2.2023196,3.04,0.12012862,0.99275834
2611606,2024-01-14,13,143,602.2,0,development,1,10,2,55,57,70,13,15.75,63,15.542951,38,29.75,238,18.843339,55,3,0.27272727,-5,-10.5,0,,,,,,,,,,,,,7,0.18343195,0.30769231,0.29823196,0.1635,0.76051546,0.1745,997.80732,812.8825,2.2023196,3.04,0.23851738,0.97113823
2611606,2024-01-21,31,249,602.2,0,development,1,13,10,38,36,32,38,14,56,12.247449,31,29.125,233,18.688709,55,18,1.2857143,15,-1.75,-7,,,,,,,,,,,,,9,0.30072841,0.51612903,0.29823196,0.1635,0.76051546,0.1745,997.80732,812.8825,2.2023196,3.04,0.35345161,0.93545281
2611606,2024-01-28,14,428,602.2,0,development,1,31,13,2,42,42,33,17,68,9.486833,31,25.625,205,18.554457,55,-17,-0.53125,-35,3,-19,,,,,,,,,,,,,7,0.18367347,0.28571429,0.29823196,0.1635,0.76051546,0.1745,997.80732,812.8825,2.2023196,3.04,0.46326669,0.88621892
2611606,2024-02-04,44,615,602.2,1,development,1,14,31,10,42,54,26,25.5,102,14.843629,44,25.875,207,18.818209,55,30,2,47,8.5,18,,,,,,,,,,,,,14,0.13533058,0.22727273,0.29823196,0.1635,0.76051546,0.1745,997.80732,812.8825,2.2023196,3.04,0.56637212,0.82414963
2611606,2024-02-11,54,844,602.2,1,development,1,44,14,13,55,35,11,35.75,143,17.289207,54,25.75,206,18.599155,54,10,0.22222222,-20,10.25,43,,,,,,,,,,,,,19,0.10631001,0.2037037,0.29823196,0.1635,0.76051546,0.1745,997.80732,812.8825,2.2023196,3.04,0.6612746,0.75014392
2611606,2024-02-18,137,951,602.2,1,development,1,54,44,31,38,57,22,62.25,249,52.65216,137,38.125,305,43.78988,137,83,1.5090909,73,26.5,115,,,,,,,,,,,,,34,0.079972295,0.16788321,0.29823196,0.1635,0.76051546,0.1745,997.80732,812.8825,2.2023196,3.04,0.74659963,0.66527362
2611606,2024-02-25,193,888,602.2,1,development,1,137,54,14,2,36,60,107,428,70.884883,193,62,496,67.128874,193,56,0.4057971,-27,44.75,133,,,,,,,,,,,,,38,0.068109211,0.13471503,0.29823196,0.1635,0.76051546,0.1745,997.80732,812.8825,2.2023196,3.04,0.82111141,0.57076795
2611606,2024-03-03,231,875,602.2,1,development,1,193,137,44,10,42,32,153.75,615,76.895492,231,89.625,717,85.603634,231,38,0.19587629,-18,46.75,199,,,,,,,,,,,,,35,0.078165702,0.19047619,0.29823196,0.1635,0.76051546,0.1745,997.80732,812.8825,2.2023196,3.04,0.88373076,0.46799566
2611606,2024-03-10,283,863,602.2,1,development,1,231,193,54,13,42,115,211,844,61.600866,283,123.375,987,102.61292,283,52,0.22413793,14,57.25,168,,,,,,,,,,,,,40,0.082945223,0.18021201,0.29823196,0.1635,0.76051546,0.1745,997.80732,812.8825,2.2023196,3.04,0.93355075,0.35844524
2611606,2024-03-17,244,830,602.2,1,development,1,283,231,137,31,55,95,237.75,951,37.12479,283,150,1200,102.85357,283,-39,-0.13732394,-91,26.75,149,,,,,,,,,,,,,42,0.089928783,0.24590164,0.29823196,0.1635,0.76051546,0.1745,997.80732,812.8825,2.2023196,3.04,0.96984983,0.24370333
2611606,2024-03-24,130,863,602.2,1,development,1,244,283,193,14,38,95,222,888,65.192024,283,164.5,1316,88.053555,283,-114,-0.46530612,-75,-15.75,35,,,,,,,,,,,,,32,0.091715976,0.25384615,0.29823196,0.1635,0.76051546,0.1745,997.80732,812.8825,2.2023196,3.04,0.99210225,0.1254318
2611606,2024-03-31,218,836,602.2,1,development,1,130,244,231,44,2,65,218.75,875,64.917255,283,186.25,1490,74.480582,283,88,0.67175573,202,-3.25,153,,,,,,,,,,,,,38,0.089302247,0.24311927,0.29823196,0.1635,0.76051546,0.1745,997.80732,812.8825,2.2023196,3.04,0.99998572,0.0053435872
2611606,2024-04-07,271,672,602.2,1,development,1,218,130,283,54,10,65,215.75,863,61.124872,271,213.375,1707,56.868112,283,53,0.24200913,-35,-3,206,,,,,,,,,,,,,34,0.08190248,0.18450185,0.29823196,0.1635,0.76051546,0.1745,997.80732,812.8825,2.2023196,3.04,0.99338608,-0.11482201
2611606,2024-04-14,211,602,602.2,0,development,1,271,218,244,137,13,45,207.5,830,58.197938,271,222.625,1781,47.996838,283,-60,-0.22058824,-113,-8.25,166,,,,,,,,,,,,,35,0.088340334,0.23222749,0.29823196,0.1635,0.76051546,0.1745,997.80732,812.8825,2.2023196,3.04,0.9723989,-0.23332461
2611606,2024-04-21,163,606,602.2,1,development,1,211,271,130,193,31,83,215.75,863,44.2069,271,218.875,1751,51.673252,283,-48,-0.22641509,12,8.25,80,,,,,,,,,,,,,36,0.063495051,0.13496933,0.29823196,0.1635,0.76051546,0.1745,997.80732,812.8825,2.2023196,3.04,0.93732815,-0.34844789
2611606,2024-04-28,191,551,602.2,0,development,1,163,211,218,231,14,39,209,836,45.782093,271,213.875,1711,52.264267,283,28,0.17073171,76,-6.75,152,,,,,,,,,,,,,39,0.09070475,0.17277487,0.29823196,0.1635,0.76051546,0.1745,997.80732,812.8825,2.2023196,3.04,0.88868177,-0.45852449
2611606,2024-05-05,107,603,602.2,1,development,1,191,163,271,283,44,42,168,672,45.181117,211,191.875,1535,55.924535,271,-84,-0.4375,-112,-41,65,,,,,,,,,,,,,27,0.098960608,0.19626168,0.29823196,0.1635,0.76051546,0.1745,997.80732,812.8825,2.2023196,3.04,0.82716433,-0.56196012
2611606,2024-05-12,141,636,602.2,1,development,1,107,191,211,244,54,53,150.5,602,35.491783,191,179,1432,54.034381,271,34,0.31481481,118,-17.5,88,,,,,,,,,,,,,35,0.069664504,0.14893617,0.29823196,0.1635,0.76051546,0.1745,997.80732,812.8825,2.2023196,3.04,0.75366679,-0.6572567
2611606,2024-05-19,167,644,602.2,1,development,1,141,107,163,130,137,43,151.5,606,36.013886,191,183.625,1469,50.723163,271,26,0.18309859,-8,1,124,,,,,,,,,,,,,31,0.096274517,0.19760479,0.29823196,0.1635,0.76051546,0.1745,997.80732,812.8825,2.2023196,3.04,0.66925364,-0.74303402
2611606,2024-05-26,136,636,602.2,1,development,1,167,141,191,218,193,38,137.75,551,24.595054,167,173.375,1387,51.068407,271,-31,-0.18452381,-57,-13.75,98,,,,,,,,,,,,,34,0.082288062,0.16911765,0.29823196,0.1635,0.76051546,0.1745,997.80732,812.8825,2.2023196,3.04,0.57514748,-0.81804974
2611606,2024-06-02,159,619,602.2,1,development,1,136,167,107,271,231,29,150.75,603,14.660036,167,159.375,1275,32.434274,211,23,0.16788321,54,13,130,,,,,,,,,,,,,29,0.10691824,0.26415094,0.29823196,0.1635,0.76051546,0.1745,997.80732,812.8825,2.2023196,3.04,0.47271127,-0.88121737
2611606,2024-06-09,174,625,602.2,1,development,1,159,136,141,211,283,27,159,636,16.512621,174,154.75,1238,26.026086,191,15,0.09375,-8,8.25,147,,,,,,,,,,,,,32,0.14863258,0.34482759,0.29823196,0.1635,0.76051546,0.1745,997.80732,812.8825,2.2023196,3.04,0.36342863,-0.93162204
2611606,2024-06-16,175,529,602.2,0,development,1,174,159,167,163,244,37,161,644,18.202564,175,156.25,1250,26.900611,191,1,0.0057142857,-14,2,138,,,,,,,,,,,,,36,0.099755102,0.22285714,0.29823196,0.1635,0.76051546,0.1745,997.80732,812.8825,2.2023196,3.04,0.24888233,-0.96853373
2611606,2024-06-23,128,504,602.2,0,development,1,175,174,136,191,130,45,159,636,21.924112,175,148.375,1187,24.37761,175,-47,-0.26704545,-48,-2,83,,,,,,,,,,,,,32,0.076049805,0.1640625,0.29823196,0.1635,0.76051546,0.1745,997.80732,812.8825,2.2023196,3.04,0.13073139,-0.99141783
2611606,2024-06-30,142,472,602.2,0,development,1,128,175,159,107,218,41,154.75,619,23.51418,175,152.75,1222,18.265893,175,14,0.10852713,61,-4.25,101,,,,,,,,,,,,,32,0.070521722,0.14788732,0.29823196,0.1635,0.76051546,0.1745,997.80732,812.8825,2.2023196,3.04,0.010687022,-0.99994289
2611606,2024-07-07,180,383,602.2,0,development,1,142,128,174,141,271,57,156.25,625,25.276801,180,157.625,1261,19.820174,180,38,0.26573427,24,1.5,123,,,,,,,,,,,,,33,0.2262963,0.45555556,0.29823196,0.1635,0.76051546,0.1745,997.80732,812.8825,2.2023196,3.04,-0.10951213,-0.99398546
2611606,2024-07-14,79,382,602.2,0,development,1,180,142,175,167,211,55,132.25,529,41.748253,180,146.625,1173,33.542883,180,-101,-0.55801105,-139,-24,24,,,,,,,,,,,,,25,0.066816215,0.13924051,0.29823196,0.1635,0.76051546,0.1745,997.80732,812.8825,2.2023196,3.04,-0.22812518,-0.97363181
2611606,2024-07-21,103,391,602.2,0,development,1,79,180,128,136,163,26,126,504,44.384682,180,142.5,1140,36.897542,180,24,0.3,125,-6.25,77,,,,,,,,,,,,,30,0.061174475,0.10679612,0.29823196,0.1635,0.76051546,0.1745,997.80732,812.8825,2.2023196,3.04,-0.34343422,-0.93917673
2611606,2024-07-28,110,395,602.2,0,development,1,103,79,142,159,191,47,118,472,43.412748,180,136.375,1091,37.822659,180,7,0.067307692,-17,-8,63,,,,,,,,,,,,,29,0.064297521,0.16363636,0.29823196,0.1635,0.76051546,0.1745,997.80732,812.8825,2.2023196,3.04,-0.45376919,-0.89111925
2611606,2024-08-04,91,362,602.2,0,development,1,110,103,180,174,107,48,95.75,383,13.647344,110,126,1008,37.408937,180,-19,-0.17117117,-26,-22.25,43,,,,,,,,,,,,,31,0.081511895,0.17582418,0.29823196,0.1635,0.76051546,0.1745,997.80732,812.8825,2.2023196,3.04,-0.55753207,-0.8301554
2611606,2024-08-11,78,347,602.2,0,development,1,91,110,79,175,141,88,95.5,382,14.059398,110,113.875,911,34.89346,180,-13,-0.14130435,6,-0.25,-10,,,,,,,,,,,,,31,0.058842867,0.12820513,0.29823196,0.1635,0.76051546,0.1745,997.80732,812.8825,2.2023196,3.04,-0.65322004,-0.75716814
2611606,2024-08-18,112,280,602.2,0,development,1,78,91,103,128,167,60,97.75,391,16.214705,112,111.875,895,34.42357,180,34,0.43037975,47,2.25,52,,,,,,,,,,,,,29,0.097098214,0.25,0.29823196,0.1635,0.76051546,0.1745,997.80732,812.8825,2.2023196,3.04,-0.7394472,-0.67321456
2611606,2024-08-25,114,240,602.2,0,development,1,112,78,110,142,136,50,98.75,395,17.308476,114,108.375,867,32.279748,180,2,0.017699115,-32,1,64,,,,,,,,,,,,,30,0.15420129,0.35964912,0.29823196,0.1635,0.76051546,0.1745,997.80732,812.8825,2.2023196,3.04,-0.81496471,-0.57951059
2611606,2024-09-01,58,257,602.2,0,development,1,114,112,91,180,159,36,90.5,362,27.245795,114,93.125,745,20.145453,114,-56,-0.48695652,-58,-8.25,22,,,,,,,,,,,,,20,0.10404281,0.15517241,0.29823196,0.1635,0.76051546,0.1745,997.80732,812.8825,2.2023196,3.04,-0.87867881,-0.47741339
2611606,2024-09-08,63,242,602.2,0,development,1,58,114,78,79,174,60,86.75,347,30.390514,114,91.125,729,22.41452,114,5,0.084745763,61,-3.75,3,,,,,,,,,,,,,24,0.077349458,0.15873016,0.29823196,0.1635,0.76051546,0.1745,997.80732,812.8825,2.2023196,3.04,-0.92966673,-0.36840165
2611606,2024-09-15,45,268,602.2,0,development,1,63,58,112,103,175,53,70,280,30.298515,114,83.875,671,26.946707,114,-18,-0.28125,-23,-16.75,-8,,,,,,,,,,,,,24,0.059753086,0.11111111,0.29823196,0.1635,0.76051546,0.1745,997.80732,812.8825,2.2023196,3.04,-0.96718998,-0.25405422
2611606,2024-09-22,74,266,602.2,0,development,1,45,63,114,110,128,52,60,240,12.027746,74,79.375,635,24.887963,114,29,0.63043478,47,-10,22,,,,,,,,,,,,,22,0.12856099,0.31081081,0.29823196,0.1635,0.76051546,0.1745,997.80732,812.8825,2.2023196,3.04,-0.9907051,-0.13602725
2611606,2024-09-29,75,268,602.2,0,development,1,74,45,58,91,142,43,64.25,257,13.93736,75,77.375,619,24.459515,114,1,0.013333333,-28,4.25,32,,,,,,,,,,,,,24,0.095466667,0.22666667,0.29823196,0.1635,0.76051546,0.1745,997.80732,812.8825,2.2023196,3.04,-0.99987151,-0.016030151
2611606,2024-10-06,48,328,602.2,0,development,1,75,74,63,78,180,52,60.5,242,16.217275,75,73.625,589,26.559569,114,-27,-0.35526316,-28,-3.75,-4,,,,,,,,,,,,,22,0.073784722,0.16666667,0.29823196,0.1635,0.76051546,0.1745,997.80732,812.8825,2.2023196,3.04,-0.99455646,0.10419912
2611606,2024-10-13,71,338,602.2,0,development,1,48,75,45,112,79,70,67,268,12.780193,75,68.5,548,21.587033,114,23,0.46938776,50,6.5,1,,,,,,,,,,,,,21,0.1049395,0.22535211,0.29823196,0.1635,0.76051546,0.1745,997.80732,812.8825,2.2023196,3.04,-0.97483692,0.22291924
2611606,2024-10-20,72,382,602.2,0,development,1,71,48,74,114,103,32,66.5,266,12.4499,75,63.25,506,11.85327,75,1,0.013888889,-22,-0.5,40,,,,,,,,,,,,,26,0.054398148,0.11111111,0.29823196,0.1635,0.76051546,0.1745,997.80732,812.8825,2.2023196,3.04,-0.9409985,0.33841075
2611606,2024-10-27,77,409,602.2,0,development,1,72,71,75,58,110,42,67,268,12.935739,77,65.625,525,12.534951,77,5,0.068493151,4,0.5,35,,,,,,,,,,,,,23,0.10811267,0.27272727,0.29823196,0.1635,0.76051546,0.1745,997.80732,812.8825,2.2023196,3.04,-0.89353128,0.44900094
2611606,2024-11-03,108,395,602.2,0,development,1,77,72,48,63,91,54,82,328,17.530925,108,71.25,570,19.403608,108,31,0.3974359,26,15,54,,,,,,,,,,,,,28,0.083161866,0.17592593,0.29823196,0.1635,0.76051546,0.1745,997.80732,812.8825,2.2023196,3.04,-0.83312277,0.55308811
2611606,2024-11-10,81,403,602.2,0,development,1,108,77,71,45,78,35,84.5,338,16.093477,108,75.75,606,16.38597,108,-27,-0.24770642,-58,2.5,46,,,,,,,,,,,,,23,0.092211553,0.20987654,0.29823196,0.1635,0.76051546,0.1745,997.80732,812.8825,2.2023196,3.04,-0.76064786,0.64916472
2611606,2024-11-17,116,379,602.2,0,development,1,81,108,72,74,112,57,95.5,382,19.399313,116,81,648,21.633308,116,35,0.42682927,62,11,59,,,,,,,,,,,,,26,0.081599287,0.18103448,0.29823196,0.1635,0.76051546,0.1745,997.80732,812.8825,2.2023196,3.04,-0.67715625,0.73583926
2611606,2024-11-24,104,364,602.2,0,development,1,116,81,77,75,114,36,102.25,409,15.019432,116,84.625,677,22.878171,116,-12,-0.1025641,-47,6.75,68,,,,,,,,,,,,,24,0.12222633,0.25961538,0.29823196,0.1635,0.76051546,0.1745,997.80732,812.8825,2.2023196,3.04,-0.58385715,0.81185641
2611606,2024-12-01,94,295,602.2,0,development,1,104,116,108,48,58,42,98.75,395,14.863266,116,90.375,723,17.508671,116,-10,-0.095238095,2,-3.5,52,,,,,,,,,,,,,26,0.08601177,0.18085106,0.29823196,0.1635,0.76051546,0.1745,997.80732,812.8825,2.2023196,3.04,-0.48210187,0.87611517
2611606,2024-12-08,89,310,602.2,0,purged,1,94,104,81,71,63,42,100.75,403,11.92686,116,92.625,741,15.729295,116,-5,-0.052631579,5,2,47,,,,,,,,,,,,,26,0.094558768,0.23595506,0.29823196,0.1635,0.76051546,0.1745,997.80732,812.8825,2.2023196,3.04,-0.37336414,0.92768487
2611606,2024-12-15,92,340,602.2,0,purged,1,89,94,116,72,45,55,94.75,379,6.5,104,95.125,761,13.39976,116,3,0.033333333,8,-6,37,,,,,,,,,,,,,21,0.11909263,0.23913043,0.29823196,0.1635,0.76051546,0.1745,997.80732,812.8825,2.2023196,3.04,-0.25921886,0.96581861
2611606,2024-12-22,89,309,602.2,0,purged,1,92,89,104,77,74,38,91,364,2.4494897,94,96.625,773,11.636611,116,-3,-0.032258065,-6,-3.75,51,,,,,,,,,,,,,20,0.13445272,0.26966292,0.29823196,0.1635,0.76051546,0.1745,997.80732,812.8825,2.2023196,3.04,-0.14131923,0.98996408
2611606,2024-12-29,25,355,602.2,0,purged,1,89,92,94,108,75,2,73.75,295,32.530755,92,86.25,690,26.958964,116,-64,-0.71111111,-61,-17.25,23,,,,,,,,,,,,,11,0.2032,0.4,0.29823196,0.1635,0.76051546,0.1745,997.80732,812.8825,2.2023196,3.04,-0.021372823,0.99977158
2611606,2025-01-05,104,345,602.2,0,evaluation,1,25,89,89,81,48,10,77.5,310,35.594943,104,89.125,713,27.539258,116,79,3.0384615,143,3.75,94,,,,,,,,,,,,,26,0.11945266,0.28846154,0.29823196,0.1635,0.76051546,0.1745,997.80732,812.8825,2.2023196,3.04,0.085907864,0.99630309
2611606,2025-01-12,122,307,602.2,0,evaluation,1,104,25,92,116,71,13,85,340,42.213742,122,89.875,719,28.442611,122,18,0.17142857,-61,7.5,109,,,,,,,,,,,,,31,0.097688793,0.19672131,0.29823196,0.1635,0.76051546,0.1745,997.80732,812.8825,2.2023196,3.04,0.20497026,0.9787682
2611606,2025-01-19,58,346,602.2,0,evaluation,1,122,104,89,104,72,31,77.25,309,44.040701,122,84.125,673,29.796632,122,-64,-0.5203252,-82,-7.75,27,,,,,,,,,,,,,18,0.1450654,0.27586207,0.29823196,0.1635,0.76051546,0.1745,997.80732,812.8825,2.2023196,3.04,0.32106401,0.9470575
2611606,2025-01-26,71,364,602.2,0,evaluation,1,58,122,25,94,77,14,88.75,355,29.432125,122,81.25,650,29.817301,122,13,0.22033898,77,11.5,57,,,,,,,,,,,,,18,0.13588574,0.26760563,0.29823196,0.1635,0.76051546,0.1745,997.80732,812.8825,2.2023196,3.04,0.43250768,0.90163025
2611606,2025-02-02,94,296,602.2,0,evaluation,1,71,58,104,89,108,44,86.25,345,28.099526,122,81.875,655,30.054415,122,23,0.31944444,10,-2.5,50,,,,,,,,,,,,,26,0.17066546,0.37234043,0.29823196,0.1635,0.76051546,0.1745,997.80732,812.8825,2.2023196,3.04,0.53768721,0.84314439
2611606,2025-02-09,84,332,602.2,0,evaluation,1,94,71,122,92,81,54,76.75,307,15.649814,94,80.875,647,29.801426,122,-10,-0.10526316,-33,-9.5,30,,,,,,,,,,,,,24,0.10629252,0.22619048,0.29823196,0.1635,0.76051546,0.1745,997.80732,812.8825,2.2023196,3.04,0.63507923,0.772447
2611606,2025-02-16,97,362,602.2,0,evaluation,1,84,94,58,89,116,137,86.5,346,11.733144,97,81.875,655,30.243949,122,13,0.15294118,23,9.75,-40,,,,,,,,,,,,,25,0.14847486,0.32989691,0.29823196,0.1635,0.76051546,0.1745,997.80732,812.8825,2.2023196,3.04,0.72327319,0.69056201
2611606,2025-02-23,89,396,602.2,0,evaluation,1,97,84,71,25,104,193,91,364,5.7154761,97,89.875,719,19.664598,122,-8,-0.081632653,-21,4.5,-104,,,,,,,,,,,,,28,0.079914152,0.16853933,0.29823196,0.1635,0.76051546,0.1745,997.80732,812.8825,2.2023196,3.04,0.80099175,0.59867538
2611606,2025-03-02,26,510,602.2,0,evaluation,1,89,97,94,104,94,231,74,296,32.444825,97,80.125,641,28.851529,122,-63,-0.7,-55,-17,-205,,,,,,,,,,,,,12,0.11538462,0.23076923,0.29823196,0.1635,0.76051546,0.1745,997.80732,812.8825,2.2023196,3.04,0.86710929,0.49811794
2611606,2025-03-09,120,508,602.2,0,evaluation,1,26,89,84,122,89,283,83,332,40.207794,120,79.875,639,28.442611,120,94,3.4814815,157,9,-163,,,,,,,,,,,,,29,0.066666667,0.125,0.29823196,0.1635,0.76051546,0.1745,997.80732,812.8825,2.2023196,3.04,0.92066819,0.3903461
2611606,2025-03-16,127,488,602.2,0,evaluation,1,120,26,97,58,92,244,90.5,362,46.061553,127,88.5,708,31.190658,127,7,0.05785124,-87,7.5,-117,,,,,,,,,,,,,28,0.069502139,0.12598425,0.29823196,0.1635,0.76051546,0.1745,997.80732,812.8825,2.2023196,3.04,0.96089276,0.27692075
2611606,2025-03-23,123,528,602.2,0,evaluation,1,127,120,89,71,89,130,99,396,48.751068,127,95,760,32.416927,127,-4,-0.03125,-11,8.5,-7,,,,,,,,,,,,,29,0.089034305,0.17886179,0.29823196,0.1635,0.76051546,0.1745,997.80732,812.8825,2.2023196,3.04,0.98720041,0.15948466
2611606,2025-03-30,140,502,602.2,0,evaluation,1,123,127,26,94,25,218,127.5,510,8.8128694,140,100.75,806,36.086206,140,17,0.13709677,21,28.5,-78,,,,,,,,,,,,,29,0.06255102,0.11428571,0.29823196,0.1635,0.76051546,0.1745,997.80732,812.8825,2.2023196,3.04,0.99921011,0.0397387
2611606,2025-04-06,118,510,602.2,0,evaluation,1,140,123,120,84,104,271,127,508,9.4162979,140,105,840,35.832946,140,-22,-0.15602837,-39,-0.5,-153,,,,,,,,,,,,,33,0.052858374,0.12711864,0.29823196,0.1635,0.76051546,0.1745,997.80732,812.8825,2.2023196,3.04,0.99674792,-0.080582805
2611606,2025-04-13,107,500,602.2,0,evaluation,1,118,140,127,97,122,211,122,488,13.735599,140,106.25,850,35.688133,140,-11,-0.092436975,11,-5,-104,,,,,,,,,,,,,30,0.074679011,0.14018692,0.29823196,0.1635,0.76051546,0.1745,997.80732,812.8825,2.2023196,3.04,0.9798495,-0.1997372
2611606,2025-04-20,163,452,602.2,0,evaluation,1,107,118,123,89,58,163,132,528,24.805913,163,115.5,924,39.917773,163,56,0.51851852,67,10,0,,,,,,,,,,,,,32,0.070947345,0.14723926,0.29823196,0.1635,0.76051546,0.1745,997.80732,812.8825,2.2023196,3.04,0.94875961,-0.31599874
2611606,2025-04-27,114,422,602.2,0,evaluation,1,163,107,140,26,71,191,125.5,502,25.409972,163,126.5,1012,17.639242,163,-49,-0.29878049,-105,-6.5,-77,,,,,,,,,,,,,29,0.057094491,0.11403509,0.29823196,0.1635,0.76051546,0.1745,997.80732,812.8825,2.2023196,3.04,0.90392852,-0.42768357
2611606,2025-05-04,126,421,602.2,0,evaluation,1,114,163,118,120,94,107,127.5,510,24.933244,163,127.25,1018,17.449928,163,12,0.10434783,61,2,19,,,,,,,,,,,,,33,0.062484253,0.16666667,0.29823196,0.1635,0.76051546,0.1745,997.80732,812.8825,2.2023196,3.04,0.84600553,-0.53317411
2611606,2025-05-11,97,519,602.2,0,evaluation,1,126,114,107,127,84,141,125,500,27.988093,163,123.5,988,20.472979,163,-29,-0.22834646,-41,-2.5,-44,,,,,,,,,,,,,29,0.085981507,0.17525773,0.29823196,0.1635,0.76051546,0.1745,997.80732,812.8825,2.2023196,3.04,0.77582958,-0.63094252
2611606,2025-05-18,115,531,602.2,0,evaluation,1,97,126,163,123,97,167,113,452,11.97219,126,122.5,980,20.695065,163,18,0.18367347,47,-12,-52,,,,,,,,,,,,,26,0.083251418,0.2173913,0.29823196,0.1635,0.76051546,0.1745,997.80732,812.8825,2.2023196,3.04,0.69441703,-0.71957279
2611606,2025-05-25,84,562,602.2,0,evaluation,1,115,97,114,140,89,136,105.5,422,18.66369,126,115.5,924,23.244047,163,-31,-0.26724138,-49,-7.5,-52,,,,,,,,,,,,,34,0.050170068,0.10714286,0.29823196,0.1635,0.76051546,0.1745,997.80732,812.8825,2.2023196,3.04,0.60294701,-0.79778124
2611606,2025-06-01,125,591,602.2,0,evaluation,1,84,115,126,118,26,159,105.25,421,18.300729,125,116.375,931,23.482136,163,41,0.48235294,72,-0.25,-34,,,,,,,,,,,,,35,0.064704,0.152,0.29823196,0.1635,0.76051546,0.1745,997.80732,812.8825,2.2023196,3.04,0.50274431,-0.86443517
2611606,2025-06-08,195,607,602.2,1,evaluation,1,125,84,97,107,120,174,129.75,519,46.871278,195,127.375,1019,35.82871,195,70,0.55555556,29,24.5,21,,,,,,,,,,,,,36,0.070716634,0.16923077,0.29823196,0.1635,0.76051546,0.1745,997.80732,812.8825,2.2023196,3.04,0.3952602,-0.9185692
2611606,2025-06-15,127,690,602.2,1,evaluation,1,195,125,115,163,127,175,132.75,531,45.988223,195,122.875,983,32.852212,195,-68,-0.34693878,-138,3,-48,,,,,,,,,,,,,33,0.057722115,0.11811024,0.29823196,0.1635,0.76051546,0.1745,997.80732,812.8825,2.2023196,3.04,0.28205141,-0.95939929
2611606,2025-06-22,115,796,602.2,1,evaluation,1,127,195,84,114,123,128,140.5,562,36.71058,195,123,984,32.815502,195,-12,-0.09375,56,7.75,-13,,,,,,,,,,,,,30,0.062986767,0.15652174,0.29823196,0.1635,0.76051546,0.1745,997.80732,812.8825,2.2023196,3.04,0.16475757,-0.98633409
2611606,2025-06-29,154,861,602.2,1,evaluation,1,115,127,125,126,140,142,147.75,591,35.47182,195,126.5,1012,34.624516,195,39,0.3362069,51,7.25,12,,,,,,,,,,,,,32,0.072946534,0.17532468,0.29823196,0.1635,0.76051546,0.1745,997.80732,812.8825,2.2023196,3.04,0.045077499,-0.99898349
2611606,2025-07-06,211,934,602.2,1,evaluation,1,154,115,195,97,118,180,151.75,607,42.734646,211,140.75,1126,43.156691,211,57,0.36774194,18,4,31,,,,,,,,,,,,,37,0.068035309,0.13744076,0.29823196,0.1635,0.76051546,0.1745,997.80732,812.8825,2.2023196,3.04,-0.075255445,-0.99716429
2611606,2025-07-13,210,1065,602.2,1,evaluation,1,211,154,127,115,107,79,172.5,690,46.67976,211,152.625,1221,47.871666,211,-1,-0.0047169811,-58,20.75,131,,,,,,,,,,,,,39,0.071609977,0.17142857,0.29823196,0.1635,0.76051546,0.1745,997.80732,812.8825,2.2023196,3.04,-0.19449844,-0.98090283
2611606,2025-07-20,221,1167,602.2,1,evaluation,1,210,211,115,84,163,103,199,796,30.408332,221,169.75,1358,44.177402,221,11,0.052132701,12,26.5,118,,,,,,,,,,,,,33,0.13584898,0.2760181,0.29823196,0.1635,0.76051546,0.1745,997.80732,812.8825,2.2023196,3.04,-0.31092445,-0.95043463
2611606,2025-07-27,219,1230,602.2,1,evaluation,1,221,210,154,125,114,110,215.25,861,5.5602758,221,181.5,1452,43.061418,221,-2,-0.009009009,-13,16.25,109,,,,,,,,,,,,,33,0.080169304,0.19178082,0.29823196,0.1635,0.76051546,0.1745,997.80732,812.8825,2.2023196,3.04,-0.42284724,-0.90620098
2611606,2025-08-03,284,1206,602.2,1,evaluation,1,219,221,211,195,126,91,233.5,934,34.004902,284,192.625,1541,56.459689,284,65,0.29545455,67,18.25,193,,,,,,,,,,,,,43,0.083936719,0.17957746,0.29823196,0.1635,0.76051546,0.1745,997.80732,812.8825,2.2023196,3.04,-0.5286458,-0.84884252
2611606,2025-08-10,341,1044,602.2,1,evaluation,1,284,219,210,127,97,78,266.25,1065,58.260192,341,219.375,1755,69.997832,341,57,0.2,-8,32.75,263,,,,,,,,,,,,,43,0.06323475,0.13196481,0.29823196,0.1635,0.76051546,0.1745,997.80732,812.8825,2.2023196,3.04,-0.6267878,-0.77919
2611606,2025-08-17,323,953,602.2,1,evaluation,1,341,284,221,115,115,112,291.75,1167,54.020829,341,245.375,1963,64.06902,341,-18,-0.052631579,-75,25.5,211,,,,,,,,,,,,,46,0.077610252,0.17956656,0.29823196,0.1635,0.76051546,0.1745,997.80732,812.8825,2.2023196,3.04,-0.71585183,-0.69825221
2611606,2025-08-24,282,917,602.2,1,evaluation,1,323,341,219,154,84,114,307.5,1230,29.240383,341,261.375,2091,53.020043,341,-41,-0.12654321,-23,15.75,168,,,,,,,,,,,,,42,0.077435743,0.18794326,0.29823196,0.1635,0.76051546,0.1745,997.80732,812.8825,2.2023196,3.04,-0.79454795,-0.60720141
2611606,2025-08-31,260,848,602.2,1,evaluation,1,282,323,284,211,125,58,301.5,1206,37.080992,341,267.5,2140,49.050994,341,-22,-0.077738516,19,-6,202,,,,,,,,,,,,,38,0.075088757,0.16153846,0.29823196,0.1635,0.76051546,0.1745,997.80732,812.8825,2.2023196,3.04,-0.86173637,-0.50735631
2611606,2025-09-07,179,804,602.2,1,evaluation,1,260,282,341,210,195,63,261,1044,60.580525,323,263.625,2109,55.094562,341,-81,-0.31034483,-59,-40.5,116,,,,,,,,,,,,,37,0.085921164,0.17318436,0.29823196,0.1635,0.76051546,0.1745,997.80732,812.8825,2.2023196,3.04,-0.91644398,-0.40016301
2611606,2025-09-14,232,805,602.2,1,evaluation,1,179,260,323,221,127,45,238.25,953,44.485016,282,265,2120,54.005291,341,53,0.29444444,134,-22.75,187,,,,,,,,,,,,,45,0.067219084,0.15517241,0.29823196,0.1635,0.76051546,0.1745,997.80732,812.8825,2.2023196,3.04,-0.95787843,-0.28717401
2611606,2025-09-21,246,736,602.2,1,evaluation,1,232,179,282,219,115,74,229.25,917,35.396563,260,268.375,2147,51.505721,341,14,0.060085837,-39,-9,172,,,,,,,,,,,,,36,0.071187785,0.12195122,0.29823196,0.1635,0.76051546,0.1745,997.80732,812.8825,2.2023196,3.04,-0.98543961,-0.17002578
2611606,2025-09-28,191,686,602.2,1,evaluation,1,246,232,260,284,154,75,212,848,32.072834,246,256.75,2054,57.608903,341,-55,-0.22267206,-69,-17.25,116,,,,,,,,,,,,,38,0.054357063,0.10471204,0.29823196,0.1635,0.76051546,0.1745,997.80732,812.8825,2.2023196,3.04,-0.99872835,-0.050415011
2611606,2025-10-05,135,664,602.2,1,evaluation,1,191,246,179,341,211,48,201,804,49.806291,246,231,1848,60.535704,323,-56,-0.29166667,-1,-11,87,,,,,,,,,,,,,35,0.064142661,0.16296296,0.29823196,0.1635,0.76051546,0.1745,997.80732,812.8825,2.2023196,3.04,-0.99755219,0.069925936
2611606,2025-10-12,233,551,602.2,0,evaluation,1,135,191,232,323,210,71,201.25,805,50.015831,246,219.75,1758,48.076576,282,98,0.72058824,154,0.25,162,,,,,,,,,,,,,37,0.082613421,0.21030043,0.29823196,0.1635,0.76051546,0.1745,997.80732,812.8825,2.2023196,3.04,-0.98192814,0.18925412
2611606,2025-10-19,177,477,602.2,0,evaluation,1,233,135,246,282,221,72,184,736,40.414519,233,206.625,1653,42.684683,260,-56,-0.23931624,-154,-17.25,105,,,,,,,,,,,,,30,0.089597498,0.16949153,0.29823196,0.1635,0.76051546,0.1745,997.80732,812.8825,2.2023196,3.04,-0.95208251,0.30584128
2611606,2025-10-26,141,451,602.2,0,evaluation,1,177,233,191,260,219,77,171.5,686,45,233,191.75,1534,42.158714,246,-36,-0.20224719,20,-12.5,64,,,,,,,,,,,,,25,0.082943514,0.15602837,0.29823196,0.1635,0.76051546,0.1745,997.80732,812.8825,2.2023196,3.04,-0.90844756,0.41799884
2611606,2025-11-02,113,413,602.2,0,evaluation,1,141,177,135,179,284,108,166,664,51.781593,233,183.5,1468,50.619025,246,-28,-0.1971831,8,-5.5,5,,,,,,,,,,,,,25,0.068995223,0.11504425,0.29823196,0.1635,0.76051546,0.1745,997.80732,812.8825,2.2023196,3.04,-0.85165526,0.52410239
2611606,2025-11-09,120,364,602.2,0,evaluation,1,113,141,233,232,341,81,137.75,551,28.744565,177,169.5,1356,50.776823,246,7,0.061403509,35,-28.25,39,,,,,,,,,,,,,24,0.08625,0.16666667,0.29823196,0.1635,0.76051546,0.1745,997.80732,812.8825,2.2023196,3.04,-0.78252817,0.62261518
2611606,2025-11-16,103,350,602.2,0,evaluation,1,120,113,177,246,323,116,119.25,477,16.090888,141,151.625,1213,44.820077,233,-17,-0.14049587,-24,-18.5,-13,,,,,,,,,,,,,21,0.07606749,0.12621359,0.29823196,0.1635,0.76051546,0.1745,997.80732,812.8825,2.2023196,3.04,-0.70206746,0.71211044
2611606,2025-11-23,115,269,602.2,0,evaluation,1,103,120,141,191,282,104,112.75,451,7.1355915,120,142.125,1137,43.31096,233,12,0.11538462,29,-6.5,11,,,,,,,,,,,,,28,0.06147448,0.11304348,0.29823196,0.1635,0.76051546,0.1745,997.80732,812.8825,2.2023196,3.04,-0.61143848,0.79129197
2611606,2025-11-30,75,241,602.2,0,evaluation,1,115,103,113,135,260,94,103.25,413,20.1391,120,134.625,1077,49.477087,233,-40,-0.34482759,-52,-9.5,-19,,,,,,,,,,,,,19,0.094044444,0.14666667,0.29823196,0.1635,0.76051546,0.1745,997.80732,812.8825,2.2023196,3.04,-0.51195383,0.85901296
2611606,2025-12-07,71,259,602.2,0,evaluation,1,75,115,120,233,179,89,91,364,21.416505,115,114.375,915,34.280096,177,-4,-0.052631579,36,-12.25,-18,,,,,,,,,,,,,23,0.063677842,0.098591549,0.29823196,0.1635,0.76051546,0.1745,997.80732,812.8825,2.2023196,3.04,-0.40505439,0.91429259
2611606,2025-12-14,89,257,602.2,0,evaluation,1,71,75,103,177,232,92,87.5,350,19.891372,115,103.375,827,23.844361,141,18,0.25,22,-3.5,-3,,,,,,,,,,,,,25,0.076884232,0.14606742,0.29823196,0.1635,0.76051546,0.1745,997.80732,812.8825,2.2023196,3.04,-0.29228842,0.95633021
2611606,2025-12-21,34,283,602.2,0,evaluation,1,89,71,115,141,246,89,67.25,269,23.471614,89,90,720,29.144958,120,-55,-0.61111111,-73,-20.25,-55,,,,,,,,,,,,,15,0.089965398,0.14705882,0.29823196,0.1635,0.76051546,0.1745,997.80732,812.8825,2.2023196,3.04,-0.17528914,0.984517
2611606,2025-12-28,47,320,602.2,0,evaluation,1,34,89,75,113,191,25,60.25,241,24.540782,89,81.75,654,30.987325,120,13,0.37142857,68,-7,22,,,,,,,,,,,,,17,0.12449072,0.27659574,0.29823196,0.1635,0.76051546,0.1745,997.80732,812.8825,2.2023196,3.04,-0.055751083,0.9984447
2611606,2026-01-04,89,339,602.2,0,outside_evaluation,1,47,34,71,120,135,104,64.75,259,28.5,89,77.875,623,27.231481,115,42,0.875,29,4.5,-15,,,,,,,,,,,,,27,0.060724656,0.1011236,0.29823196,0.1635,0.76051546,0.1745,997.80732,812.8825,2.2023196,3.04,0.068756818,0.99763345
2611606,2026-01-11,87,408,602.2,0,outside_evaluation,1,89,47,89,103,233,122,64.25,257,27.944886,89,75.875,607,25.665082,115,-2,-0.022222222,-44,-0.5,-35,,,,,,,,,,,,,25,0.074118113,0.14942529,0.29823196,0.1635,0.76051546,0.1745,997.80732,812.8825,2.2023196,3.04,0.18810323,0.98214926
2611606,2026-01-18,60,466,602.2,0,outside_evaluation,1,87,89,34,115,177,58,70.75,283,20.629671,89,69,552,20.542639,89,-27,-0.30681818,-25,6.5,2,,,,,,,,,,,,,23,0.075,0.15,0.29823196,0.1635,0.76051546,0.1745,997.80732,812.8825,2.2023196,3.04,0.30472529,0.95244029
2611606,2026-01-25,84,517,602.2,0,outside_evaluation,1,60,87,47,75,141,71,80,320,13.490738,89,70.125,561,21.155462,89,24,0.39344262,51,9.25,13,,,,,,,,,,,,,24,0.13265306,0.29761905,0.29823196,0.1635,0.76051546,0.1745,997.80732,812.8825,2.2023196,3.04,0.41693391,0.90893681
2611606,2026-02-01,108,497,602.2,0,outside_evaluation,1,84,60,89,71,113,94,84.75,339,19.653244,108,74.75,598,25.058503,108,24,0.28235294,0,4.75,14,,,,,,,,,,,,,25,0.10768176,0.21296296,0.29823196,0.1635,0.76051546,0.1745,997.80732,812.8825,2.2023196,3.04,0.52310394,0.8522689
2611606,2026-02-08,156,439,602.2,0,outside_evaluation,1,108,84,87,89,120,84,102,408,40.987803,156,83.125,665,38.234007,156,48,0.44036697,24,17.25,72,,,,,,,,,,,,,28,0.179405,0.38461538,0.29823196,0.1635,0.76051546,0.1745,997.80732,812.8825,2.2023196,3.04,0.62169768,0.7832573
2611606,2026-02-15,118,420,602.2,0,outside_evaluation,1,156,108,60,34,103,97,116.5,466,29.949958,156,93.625,749,34.129742,156,-38,-0.24203822,-86,14.5,21,,,,,,,,,,,,,26,0.1440678,0.33050847,0.29823196,0.1635,0.76051546,0.1745,997.80732,812.8825,2.2023196,3.04,0.71128717,0.70290153
2611606,2026-02-22,135,366,602.2,0,outside_evaluation,1,118,156,84,47,115,89,129.25,517,21.029741,156,104.625,837,30.992799,156,17,0.14285714,55,12.75,46,,,,,,,,,,,,,25,0.14238683,0.33333333,0.29823196,0.1635,0.76051546,0.1745,997.80732,812.8825,2.2023196,3.04,0.79057486,0.6123654
2611606,2026-03-01,88,358,602.2,0,outside_evaluation,1,135,118,108,89,75,26,124.25,497,28.732966,156,104.5,836,31.066748,156,-47,-0.34558824,-64,-5,62,,,,,,,,,,,,,30,0.080061983,0.19318182,0.29823196,0.1635,0.76051546,0.1745,997.80732,812.8825,2.2023196,3.04,0.8584124,0.51296019
2611606,2026-03-08,98,397,602.2,0,outside_evaluation,1,88,135,156,87,71,120,109.75,439,20.950338,135,105.875,847,30.418216,156,10,0.11235955,57,-14.5,-22,,,,,,,,,,,,,28,0.099750104,0.25510204,0.29823196,0.1635,0.76051546,0.1745,997.80732,812.8825,2.2023196,3.04,0.91381726,0.40612561
2611606,2026-03-15,99,439,602.2,0,outside_evaluation,1,98,88,118,60,89,127,105,420,20.607442,135,110.75,886,24.580771,156,1,0.01010101,-9,-4.75,-28,,,,,,,,,,,,,28,0.073767983,0.14141414,0.29823196,0.1635,0.76051546,0.1745,997.80732,812.8825,2.2023196,3.04,0.95598701,0.29340898
2611606,2026-03-22,81,522,602.2,0,outside_evaluation,1,99,98,135,84,34,123,91.5,366,8.5829288,99,110.375,883,25.065272,156,-18,-0.18,-19,-13.5,-42,,,,,,,,,,,,,26,0.069958848,0.14814815,0.29823196,0.1635,0.76051546,0.1745,997.80732,812.8825,2.2023196,3.04,0.98431089,0.17644281
2611606,2026-03-29,80,616,602.2,1,outside_evaluation,1,81,99,88,108,47,140,89.5,358,10.40833,99,106.875,855,27.299594,156,-1,-0.012195122,17,-2,-60,,,,,,,,,,,,,23,0.185,0.4,0.29823196,0.1635,0.76051546,0.1745,997.80732,812.8825,2.2023196,3.04,0.99837868,0.056921161
2611606,2026-04-05,137,674,602.2,1,outside_evaluation,1,80,81,98,156,89,118,99.25,397,26.638005,137,104.5,836,22.884805,137,57,0.7037037,58,9.75,19,,,,,,,,,,,,,33,0.062176994,0.12408759,0.29823196,0.1635,0.76051546,0.1745,997.80732,812.8825,2.2023196,3.04,0.99798661,-0.063424895
2611606,2026-04-12,141,701,602.2,1,outside_evaluation,1,137,80,99,118,87,107,109.75,439,33.816909,141,107.375,859,26.049061,141,4,0.028985507,-53,10.5,34,,,,,,,,,,,,,28,0.083044112,0.18439716,0.29823196,0.1635,0.76051546,0.1745,997.80732,812.8825,2.2023196,3.04,0.98314039,-0.18285235
2611606,2026-04-19,164,811,602.2,1,outside_evaluation,1,141,137,81,135,60,163,130.5,522,35.707142,164,111,888,31.820928,164,23,0.16197183,19,20.75,1,,,,,,,,,,,,,32,0.087373587,0.17682927,0.29823196,0.1635,0.76051546,0.1745,997.80732,812.8825,2.2023196,3.04,0.95405501,-0.29963149
2611606,2026-04-26,174,878,602.2,1,outside_evaluation,1,164,141,80,88,84,114,154,616,17.8699,174,121.75,974,37.039554,174,10,0.060606061,-13,23.5,60,,,,,,,,,,,,,34,0.078213767,0.16091954,0.29823196,0.1635,0.76051546,0.1745,997.80732,812.8825,2.2023196,3.04,0.91115175,-0.41207097
2611606,2026-05-03,195,917,602.2,1,outside_evaluation,1,174,164,137,98,108,126,168.5,674,22.427661,195,133.875,1071,43.472282,195,21,0.12,11,14.5,69,,,,,,,,,,,,,36,0.081761999,0.22051282,0.29823196,0.1635,0.76051546,0.1745,997.80732,812.8825,2.2023196,3.04,0.85505198,-0.5185423
2611606,2026-05-10,168,989,602.2,1,outside_evaluation,1,195,174,141,99,156,97,175.25,701,13.793114,195,142.5,1140,42.396091,195,-27,-0.1377551,-48,6.75,71,,,,,,,,,,,,,32,0.070578231,0.14880952,0.29823196,0.1635,0.76051546,0.1745,997.80732,812.8825,2.2023196,3.04,0.78656821,-0.6175034
2611606,2026-05-17,274,869,602.2,1,outside_evaluation,1,168,195,164,81,118,115,202.75,811,48.890183,274,166.625,1333,55.337762,274,106,0.62721893,133,27.5,159,,,,,,,,,,,,,40,0.084953913,0.16423358,0.29823196,0.1635,0.76051546,0.1745,997.80732,812.8825,2.2023196,3.04,0.70669232,-0.707521
2611606,2026-05-24,241,726,602.2,1,outside_evaluation,1,274,168,174,80,135,84,219.5,878,47.205226,274,186.75,1494,48.141903,274,-33,-0.12,-139,16.75,157,,,,,,,,,,,,,36,0.067991254,0.14937759,0.29823196,0.1635,0.76051546,0.1745,997.80732,812.8825,2.2023196,3.04,0.61658117,-0.78729135
2611606,2026-05-31,234,,602.2,,incomplete_horizon,1,241,274,195,137,88,125,229.25,917,44.402515,274,198.875,1591,45.988935,274,-7,-0.02892562,26,9.75,109,,,,,,,,,,,,,30,0.07250347,0.13675214,0.29823196,0.1635,0.76051546,0.1745,997.80732,812.8825,2.2023196,3.04,0.51753987,-0.85565909
2611606,2026-06-07,240,,602.2,,incomplete_horizon,1,234,241,168,141,98,195,247.25,989,18.099263,274,211.25,1690,41.268286,274,6,0.025531915,13,18,45,,,,,,,,,,,,,36,0.060729167,0.1125,0.29823196,0.1635,0.76051546,0.1745,997.80732,812.8825,2.2023196,3.04,0.41100288,-0.91163405
2611606,2026-06-14,154,,602.2,,incomplete_horizon,1,240,234,274,164,99,127,217.25,869,42.279822,241,210,1680,43.018269,274,-86,-0.35684647,-92,-30,27,,,,,,,,,,,,,25,0.12354529,0.27272727,0.29823196,0.1635,0.76051546,0.1745,997.80732,812.8825,2.2023196,3.04,0.29851319,-0.95440551
2611606,2026-06-21,98,,602.2,,incomplete_horizon,1,154,240,241,174,81,115,181.5,726,68.08573,240,200.5,1604,57.916196,274,-56,-0.36129032,30,-35.75,-17,,,,,,,,,,,,,11,0.15847564,0.2755102,0.29823196,0.1635,0.76051546,0.1745,997.80732,812.8825,2.2023196,3.04,0.18170004,-0.983354
5103403,2021-01-03,6,87,162.4,0,development,1,,,,,,,,,,,,,,,,,,,,13.4,,,30.28,,,60.25,,,1.58,,,4,0.33333333,0.5,0.25180208,0.129,0.79055208,0.135,1347.5107,867.29,1.7944792,2.14,0.051585425,0.99866859
5103403,2021-01-10,23,87,162.4,0,development,1,6,,,,,,,,,,,,,,17,2.4285714,,,,78.4,,,28.59,,,69.9,,,1.83,,,8,0.3610586,0.56521739,0.25180208,0.129,0.79055208,0.135,1347.5107,867.29,1.7944792,2.14,0.17118054,0.98523968
5103403,2021-01-17,13,108,162.4,0,development,1,23,6,,,,,,,,,,,,,-10,-0.41666667,-27,,,17.2,,,28.16,,,72.34,,,1.54,,,8,0.17159763,0.30769231,0.25180208,0.129,0.79055208,0.135,1347.5107,867.29,1.7944792,2.14,0.28829639,0.95754122
5103403,2021-01-24,15,130,162.4,0,development,1,13,23,,,,,14.25,57,6.9940451,23,,,,,2,0.14285714,12,,,86.2,,48.8,28.51,,28.885,69.18,,67.9175,1.61,,1.64,7,0.27111111,0.46666667,0.25180208,0.129,0.79055208,0.135,1347.5107,867.29,1.7944792,2.14,0.40123675,0.91597438
5103403,2021-01-31,36,125,162.4,0,development,1,15,13,6,,,,21.75,87,10.436315,36,,,,,21,1.3125,19,7.5,,17.2,13.4,49.75,29.56,30.28,28.705,66.34,60.25,69.44,1.56,1.58,1.635,11,0.25308642,0.44444444,0.25180208,0.129,0.79055208,0.135,1347.5107,867.29,1.7944792,2.14,0.50836587,0.86114119
5103403,2021-02-07,23,138,162.4,0,development,1,36,15,23,,,,21.75,87,10.436315,36,,,,,-13,-0.35135135,-34,0,,15.4,78.4,34,28.9,28.59,28.7825,56.63,69.9,66.1225,1.32,1.83,1.5075,7,0.39886578,0.60869565,0.25180208,0.129,0.79055208,0.135,1347.5107,867.29,1.7944792,2.14,0.60813216,0.7938358
5103403,2021-02-14,34,134,162.4,0,development,1,23,36,13,,,,27,108,9.8319208,36,,,,,11,0.45833333,24,5.25,,45,17.2,40.95,27.97,28.16,28.735,69.03,72.34,65.295,1.75,1.54,1.56,8,0.21626298,0.32352941,0.25180208,0.129,0.79055208,0.135,1347.5107,867.29,1.7944792,2.14,0.69909067,0.71503303
5103403,2021-02-21,37,106,162.4,0,development,1,34,23,15,,,,32.5,130,6.4549722,37,23.375,187,11.575066,37,3,0.085714286,-8,5.5,,46,86.2,30.9,29.94,28.51,29.0925,63.73,69.18,63.9325,1.75,1.61,1.595,11,0.17750183,0.32432432,0.25180208,0.129,0.79055208,0.135,1347.5107,867.29,1.7944792,2.14,0.77992402,0.62587421
5103403,2021-02-28,31,100,162.4,0,development,1,37,34,36,6,,,31.25,125,6.0207973,37,26.5,212,9.3808315,37,-6,-0.15789474,-9,-1.25,,59,17.2,41.35,28.54,29.56,28.8375,67.65,66.34,64.26,2.15,1.56,1.7425,9,0.30905307,0.51612903,0.25180208,0.129,0.79055208,0.135,1347.5107,867.29,1.7944792,2.14,0.84946148,0.52765064
5103403,2021-03-07,36,87,162.4,0,development,1,31,37,23,23,,,34.5,138,2.6457513,37,28.125,225,9.8043358,37,5,0.15625,11,3.25,,10,15.4,40,28.6,28.9,28.7625,66.93,56.63,66.835,1.83,1.32,1.87,10,0.19598765,0.33333333,0.25180208,0.129,0.79055208,0.135,1347.5107,867.29,1.7944792,2.14,0.90669591,0.42178494
5103403,2021-03-14,30,93,162.4,0,development,1,36,31,34,13,,,33.5,134,3.5118846,37,30.25,242,7.6671842,37,-6,-0.16216216,-11,-1,,65.4,45,45.1,27.61,27.97,28.6725,75.23,69.03,68.385,1.62,1.75,1.8375,8,0.39111111,0.6,0.25180208,0.129,0.79055208,0.135,1347.5107,867.29,1.7944792,2.14,0.95079836,0.30981039
5103403,2021-03-21,9,128,162.4,0,development,1,30,36,37,15,,,26.5,106,11.958261,36,29.5,236,9.4566681,37,-21,-0.67741935,-15,-7,,6.6,46,35.25,28.69,29.94,28.36,63.72,63.73,68.3825,1.26,1.75,1.715,5,0.28395062,0.44444444,0.25180208,0.129,0.79055208,0.135,1347.5107,867.29,1.7944792,2.14,0.98113009,0.19334875
5103403,2021-03-28,25,128,162.4,0,development,1,9,30,31,36,,,25,100,11.575837,36,28.125,225,9.1719682,37,16,1.6,37,-1.5,,32,59,28.5,29.21,28.54,28.5275,63.91,67.65,67.4475,1.3,2.15,1.5025,8,0.248,0.44,0.25180208,0.129,0.79055208,0.135,1347.5107,867.29,1.7944792,2.14,0.9972518,0.074086778
5103403,2021-04-04,23,141,162.4,0,development,1,25,9,36,23,6,,21.75,87,8.9953692,30,28.125,225,9.1719682,37,-2,-0.076923077,-18,-3.25,,9.6,10,28.4,28.54,28.6,28.5125,72.19,66.93,68.7625,1.25,1.83,1.3575,7,0.20982987,0.34782609,0.25180208,0.129,0.79055208,0.135,1347.5107,867.29,1.7944792,2.14,0.99892998,-0.046248216
5103403,2021-04-11,36,130,162.4,0,development,1,23,25,30,34,23,,23.25,93,11.086779,36,28.375,227,9.3798797,37,13,0.54166667,15,1.5,,1.6,65.4,12.45,28.59,27.61,28.7575,66.29,75.23,66.5275,1.32,1.62,1.2825,10,0.15277778,0.25,0.25180208,0.129,0.79055208,0.135,1347.5107,867.29,1.7944792,2.14,0.98614033,-0.16591338
5103403,2021-04-18,44,106,162.4,0,development,1,36,23,9,37,13,,32,128,9.8319208,44,29.25,234,10.552589,44,8,0.21621622,-5,8.75,,0,6.6,10.8,28.66,28.69,28.75,58.35,63.72,65.185,1.19,1.26,1.265,14,0.14876033,0.27272727,0.25180208,0.129,0.79055208,0.135,1347.5107,867.29,1.7944792,2.14,0.95906809,-0.28317557
5103403,2021-04-25,25,108,162.4,0,development,1,44,36,25,31,15,,32,128,9.8319208,44,28.5,228,10.623424,44,-19,-0.42222222,-27,0,,7,32,4.55,26.21,29.21,28,66.07,63.91,65.725,1.3,1.3,1.265,12,0.1456,0.24,0.25180208,0.129,0.79055208,0.135,1347.5107,867.29,1.7944792,2.14,0.91810535,-0.39633643
5103403,2021-05-02,36,108,162.4,0,development,1,25,44,23,36,36,,35.25,141,7.804913,44,28.5,228,10.623424,44,11,0.42307692,30,3.25,,0.4,9.6,2.25,25.51,28.54,27.2425,62.26,72.19,63.2425,1.51,1.25,1.33,10,0.18518519,0.33333333,0.25180208,0.129,0.79055208,0.135,1347.5107,867.29,1.7944792,2.14,0.86384539,-0.50375703
5103403,2021-05-09,25,110,162.4,0,development,1,36,25,36,30,23,,32.5,130,9.2556289,44,27.875,223,10.669549,44,-11,-0.2972973,-22,-2.75,,0,1.6,1.85,26.26,28.59,26.66,61.31,66.29,61.9975,1.08,1.32,1.27,7,0.2608,0.44,0.25180208,0.129,0.79055208,0.135,1347.5107,867.29,1.7944792,2.14,0.79707408,-0.60388154
5103403,2021-05-16,20,107,162.4,0,development,1,25,36,44,9,34,,26.5,106,6.7577116,36,29.25,234,8.3452296,44,-5,-0.19230769,6,-6,,0,0,1.85,28.81,28.66,26.6975,50.3,58.35,59.985,1.31,1.19,1.3,8,0.245,0.4,0.25180208,0.129,0.79055208,0.135,1347.5107,867.29,1.7944792,2.14,0.71875848,-0.69525984
5103403,2021-05-23,27,114,162.4,0,development,1,20,25,25,25,37,,27,108,6.6833126,36,29.5,236,8.228869,44,7,0.33333333,12,0.5,,12.2,7,3.15,26.53,26.21,26.7775,63.45,66.07,59.33,1.26,1.3,1.29,11,0.21262003,0.40740741,0.25180208,0.129,0.79055208,0.135,1347.5107,867.29,1.7944792,2.14,0.63003286,-0.77656847
5103403,2021-05-30,36,88,162.4,0,development,1,27,20,36,23,31,,27,108,6.6833126,36,31.125,249,8.043409,44,9,0.32142857,2,0,,0,0.4,3.05,28.27,25.51,27.4675,54.48,62.26,57.385,1.16,1.51,1.2025,11,0.23919753,0.44444444,0.25180208,0.129,0.79055208,0.135,1347.5107,867.29,1.7944792,2.14,0.53218228,-0.8466298
5103403,2021-06-06,27,78,162.4,0,development,1,36,27,25,36,36,,27.5,110,6.5574385,36,30,240,7.8921299,44,-9,-0.24324324,-18,0.5,,11.6,0,5.95,28.14,26.26,27.9375,54.15,61.31,55.595,1.28,1.08,1.2525,10,0.26748971,0.48148148,0.25180208,0.129,0.79055208,0.135,1347.5107,867.29,1.7944792,2.14,0.42662393,-0.90442912
5103403,2021-06-13,17,80,162.4,0,development,1,27,36,20,44,30,,26.75,107,7.7620873,36,26.625,213,6.7387472,36,-10,-0.35714286,-1,-0.75,,0,0,5.95,25.44,28.81,27.095,61.69,50.3,58.4425,1.11,1.31,1.2025,10,0.12802768,0.23529412,0.25180208,0.129,0.79055208,0.135,1347.5107,867.29,1.7944792,2.14,0.31488664,-0.94912929
5103403,2021-06-20,34,60,162.4,0,development,1,17,27,27,25,9,,28.5,114,8.5829288,36,27.75,222,7.1663898,36,17,0.94444444,27,1.75,,0,12.2,2.9,27.44,26.53,27.3225,50.49,63.45,55.2025,1.17,1.26,1.18,8,0.19550173,0.32352941,0.25180208,0.129,0.79055208,0.135,1347.5107,867.29,1.7944792,2.14,0.19858874,-0.98008291
5103403,2021-06-27,10,63,162.4,0,development,1,34,17,36,36,25,,22,88,10.614456,34,24.5,196,8.635475,36,-24,-0.68571429,-41,-6.5,,0.4,0,3,20.69,28.27,25.4275,50.68,54.48,54.2525,1.58,1.16,1.285,7,0.16,0.2,0.25180208,0.129,0.79055208,0.135,1347.5107,867.29,1.7944792,2.14,0.079414622,-0.99684167
5103403,2021-07-04,17,54,162.4,0,development,1,10,34,27,25,23,,19.5,78,10.214369,34,23.5,188,9.0237781,36,7,0.63636364,31,-2.5,,0,11.6,0.1,25.96,28.14,24.8825,37.25,54.15,50.0275,0.85,1.28,1.1775,6,0.20415225,0.23529412,0.25180208,0.129,0.79055208,0.135,1347.5107,867.29,1.7944792,2.14,-0.040909686,-0.99916285
5103403,2021-07-11,19,45,162.4,0,development,1,17,10,17,20,36,,20,80,10.099505,34,23.375,187,9.0858996,36,2,0.11111111,-5,0.5,,0,0,0.1,27.58,25.44,25.4175,38.22,61.69,44.16,1.1,1.11,1.175,7,0.2132964,0.31578947,0.25180208,0.129,0.79055208,0.135,1347.5107,867.29,1.7944792,2.14,-0.16064149,-0.98701282
5103403,2021-07-18,14,47,162.4,0,development,1,19,17,34,27,44,,15,60,3.91578,19,21.75,174,9.4981201,36,-5,-0.25,-7,-5,,0,0,0.1,25.24,27.44,24.8675,37.77,50.49,40.98,1.35,1.17,1.22,3,0.56122449,0.71428571,0.25180208,0.129,0.79055208,0.135,1347.5107,867.29,1.7944792,2.14,-0.27804666,-0.96056757
5103403,2021-07-25,13,38,162.4,0,development,1,14,19,10,36,25,,15.75,63,2.7537853,19,18.875,151,7.9181076,34,-1,-0.066666667,4,0.75,,0,0.4,0,24.04,20.69,25.705,35.38,50.68,37.155,1.78,1.58,1.27,4,0.32544379,0.46153846,0.25180208,0.129,0.79055208,0.135,1347.5107,867.29,1.7944792,2.14,-0.3914248,-0.9202101
5103403,2021-08-01,8,35,162.4,0,development,1,13,14,17,27,36,,13.5,54,4.5092498,19,16.5,132,7.9821229,34,-5,-0.35714286,-4,-2.25,,0,0,0,26.91,25.96,25.9425,33.61,37.25,36.245,1.21,0.85,1.36,4,0.34375,0.5,0.25180208,0.129,0.79055208,0.135,1347.5107,867.29,1.7944792,2.14,-0.4991338,-0.86652493
5103403,2021-08-08,10,26,162.4,0,development,1,8,13,19,17,25,,11.25,45,2.7537853,14,15.625,125,8.2969444,34,2,0.22222222,7,-2.25,,0,0,0,26.76,27.58,25.7375,39.71,38.22,36.6175,1.44,1.1,1.445,6,0.22,0.3,0.25180208,0.129,0.79055208,0.135,1347.5107,867.29,1.7944792,2.14,-0.59961369,-0.80028959
5103403,2021-08-15,16,13,162.4,0,development,1,10,8,14,34,20,,11.75,47,3.5,16,13.375,107,3.8521793,19,6,0.54545455,4,0.5,,0,0,0,30.89,25.24,27.15,26.29,37.77,33.7475,1.36,1.35,1.4475,6,0.2421875,0.375,0.25180208,0.129,0.79055208,0.135,1347.5107,867.29,1.7944792,2.14,-0.69140917,-0.7224634
5103403,2021-08-22,4,16,162.4,0,development,1,16,10,13,10,27,,9.5,38,5,16,12.625,101,5.0124844,19,-12,-0.70588235,-18,-2.25,,0,0,0,31.39,24.04,28.9875,29.38,35.38,32.2475,1.82,1.78,1.4575,2,0.5,0.5,0.25180208,0.129,0.79055208,0.135,1347.5107,867.29,1.7944792,2.14,-0.77319075,-0.63417353
5103403,2021-08-29,5,17,162.4,0,development,1,4,16,8,17,36,,8.75,35,5.5,16,11.125,89,5.3033009,19,1,0.2,13,-0.75,,0,0,0,31.21,26.91,30.0625,35.5,33.61,32.72,1.54,1.21,1.54,4,0.28,0.4,0.25180208,0.129,0.79055208,0.135,1347.5107,867.29,1.7944792,2.14,-0.84377395,-0.53669872
5103403,2021-09-05,1,20,162.4,0,development,1,5,4,10,19,27,,6.5,26,6.5574385,16,8.875,71,5.3033009,16,-4,-0.66666667,-5,-2.25,,6.4,0,1.6,32.24,26.76,31.4325,39.12,39.71,32.5725,1.67,1.44,1.5975,1,1,1,0.25180208,0.129,0.79055208,0.135,1347.5107,867.29,1.7944792,2.14,-0.9021365,-0.43145073
5103403,2021-09-12,3,25,162.4,0,development,1,1,5,16,14,17,,3.25,13,1.7078251,5,7.5,60,5.2098807,16,2,1,6,-3.25,,20.8,0,6.8,32.59,30.89,31.8575,45.55,26.29,37.3875,1.55,1.36,1.645,3,0.33333333,0.33333333,0.25180208,0.129,0.79055208,0.135,1347.5107,867.29,1.7944792,2.14,-0.94743311,-0.3199539
5103403,2021-09-19,7,26,162.4,0,development,1,3,1,4,13,34,,4,16,2.5819889,7,6.75,54,4.7132033,16,4,1,2,0.75,,0,0,6.8,32.95,31.39,32.2475,34.37,29.38,38.635,1.54,1.82,1.575,5,0.26530612,0.42857143,0.25180208,0.129,0.79055208,0.135,1347.5107,867.29,1.7944792,2.14,-0.97900774,-0.20382307
5103403,2021-09-26,6,24,162.4,0,development,1,7,3,5,8,10,,4.25,17,2.7537853,7,6.5,52,4.6904158,16,-1,-0.125,-5,0.25,,2.8,0,7.5,33.51,31.21,32.8225,40.49,35.5,39.8825,2.26,1.54,1.755,4,0.33333333,0.5,0.25180208,0.129,0.79055208,0.135,1347.5107,867.29,1.7944792,2.14,-0.99640308,-0.084740199
5103403,2021-10-03,4,27,162.4,0,development,1,6,7,1,10,17,,5,20,1.8257419,7,5.75,46,4.5276926,16,-2,-0.28571429,-1,0.75,,5.6,6.4,7.3,32.33,32.24,32.845,46.89,39.12,41.825,2.01,1.67,1.84,3,0.375,0.5,0.25180208,0.129,0.79055208,0.135,1347.5107,867.29,1.7944792,2.14,-0.99936719,0.035569988
5103403,2021-10-10,8,23,162.4,0,development,1,4,6,3,16,19,,6.25,25,1.7078251,8,4.75,38,2.2519833,8,4,0.8,6,1.25,,42.4,20.8,12.7,31.98,32.59,32.6925,52.7,45.55,43.6125,2.32,1.55,2.0325,4,0.4375,0.625,0.25180208,0.129,0.79055208,0.135,1347.5107,867.29,1.7944792,2.14,-0.98785713,0.155365
5103403,2021-10-17,8,22,162.4,0,development,1,8,4,7,4,14,,6.5,26,1.9148542,8,5.25,42,2.4928469,8,0,0,-4,0.25,,1.2,0,13,30.94,32.95,32.19,55.79,34.37,48.9675,1.65,1.54,2.06,4,0.4375,0.625,0.25180208,0.129,0.79055208,0.135,1347.5107,867.29,1.7944792,2.14,-0.96203962,0.27290982
5103403,2021-10-24,4,21,162.4,0,development,1,8,8,6,5,13,,6,24,2.3094011,8,5.125,41,2.5319388,8,-4,-0.44444444,-4,-0.5,,49.2,2.8,24.6,28.59,33.51,30.96,63.45,40.49,54.7075,1.51,2.26,1.8725,3,0.375,0.5,0.25180208,0.129,0.79055208,0.135,1347.5107,867.29,1.7944792,2.14,-0.92228857,0.38650199
5103403,2021-10-31,7,22,162.4,0,development,1,4,8,4,1,8,,6.75,27,1.8929694,8,5.875,47,1.9594095,8,3,0.6,7,0.75,,50.4,5.6,35.8,29.16,32.33,30.1675,62.96,46.89,58.725,1.88,2.01,1.84,4,0.30612245,0.42857143,0.25180208,0.129,0.79055208,0.135,1347.5107,867.29,1.7944792,2.14,-0.86917972,0.49449632
5103403,2021-11-07,4,23,162.4,0,development,1,7,4,8,3,10,,5.75,23,2.0615528,8,6,48,1.7728105,8,-3,-0.375,-6,-1,,20.8,42.4,30.4,28.24,31.98,29.2325,68.84,52.7,62.76,1.56,2.32,1.65,3,0.375,0.5,0.25180208,0.129,0.79055208,0.135,1347.5107,867.29,1.7944792,2.14,-0.80348225,0.59532871
5103403,2021-11-14,7,38,162.4,0,development,1,4,7,8,7,16,,5.5,22,1.7320508,7,6,48,1.7728105,8,3,0.6,6,-0.25,,140.8,1.2,65.3,27.34,30.94,28.3325,73.7,55.79,67.2375,1.71,1.65,1.665,4,0.3877551,0.57142857,0.25180208,0.129,0.79055208,0.135,1347.5107,867.29,1.7944792,2.14,-0.72614769,0.68753875
5103403,2021-11-21,3,45,162.4,0,development,1,7,4,4,6,4,,5.25,21,2.0615528,7,5.625,45,2.0658793,8,-4,-0.5,-7,-0.25,,3.2,49.2,53.8,30.05,28.59,28.6975,63.59,63.45,67.2725,1.86,1.51,1.7525,3,0.33333333,0.33333333,0.25180208,0.129,0.79055208,0.135,1347.5107,867.29,1.7944792,2.14,-0.63829609,0.76979095
5103403,2021-11-28,8,54,162.4,0,development,1,3,7,7,4,5,,5.5,22,2.3804761,8,6.125,49,2.1001701,8,5,1.25,9,0.25,,35.8,50.4,50.15,30.05,29.16,28.92,63.67,62.96,67.45,1.81,1.88,1.735,3,0.59375,0.75,0.25180208,0.129,0.79055208,0.135,1347.5107,867.29,1.7944792,2.14,-0.54119984,0.84089401
5103403,2021-12-05,5,57,162.4,0,development,1,8,3,4,8,1,,5.75,23,2.2173558,8,5.75,46,1.9820624,8,-3,-0.33333333,-8,0.25,,33.2,20.8,53.25,30.44,28.24,29.47,61.32,68.84,65.57,1.58,1.56,1.74,1,1,1,0.25180208,0.129,0.79055208,0.135,1347.5107,867.29,1.7944792,2.14,-0.43626522,0.89981813
5103403,2021-12-12,22,58,162.4,0,development,1,5,8,7,8,3,,9.5,38,8.5829288,22,7.5,60,6.1178895,22,17,2.8333333,20,3.75,,51.4,140.8,30.9,27.84,27.34,29.595,73.67,73.7,65.5625,2.15,1.71,1.85,8,0.29338843,0.5,0.25180208,0.129,0.79055208,0.135,1347.5107,867.29,1.7944792,2.14,-0.32501202,0.94570989
5103403,2021-12-19,10,67,162.4,0,development,1,22,5,3,4,7,,11.25,45,7.4554231,22,8.25,66,5.9940447,22,-12,-0.52173913,-29,1.75,,74.4,3.2,48.7,28.35,30.05,29.17,75.94,63.59,68.65,1.61,1.86,1.7875,6,0.18,0.2,0.25180208,0.129,0.79055208,0.135,1347.5107,867.29,1.7944792,2.14,-0.20905157,0.97790462
5103403,2021-12-26,17,73,162.4,0,development,1,10,22,8,7,6,,13.5,54,7.5055535,22,9.5,76,6.6975475,22,7,0.63636364,19,2.25,,41.2,35.8,50.05,29.41,30.05,29.01,63.7,63.67,68.6575,1.83,1.81,1.7925,5,0.28719723,0.35294118,0.25180208,0.129,0.79055208,0.135,1347.5107,867.29,1.7944792,2.14,-0.090063355,0.99593604
5103403,2022-01-02,8,90,162.4,0,development,1,17,10,5,4,4,6,14.25,57,6.448514,22,10,80,6.3695705,22,-9,-0.5,-16,0.75,2,51,33.2,54.5,28.76,30.44,28.59,67.83,61.32,70.285,2.03,1.58,1.905,4,0.4375,0.625,0.25180208,0.129,0.79055208,0.135,1347.5107,867.29,1.7944792,2.14,0.034398767,0.99940819
5103403,2022-01-09,23,104,162.4,0,development,1,8,17,22,7,8,23,14.5,58,6.8556546,23,12,96,7.6718409,23,15,1.6666667,24,0.25,0,21.8,51.4,47.1,28.56,27.84,28.77,66.61,73.67,68.52,1.63,2.15,1.775,8,0.2173913,0.34782609,0.25180208,0.129,0.79055208,0.135,1347.5107,867.29,1.7944792,2.14,0.15420719,0.98803853
5103403,2022-01-16,19,130,162.4,0,development,1,23,8,10,3,8,13,16.75,67,6.3442888,23,14,112,7.0508358,23,-4,-0.16666667,-19,2.25,6,60.6,74.4,43.65,29.62,28.35,29.0875,62.93,75.94,65.2675,1.61,1.61,1.775,8,0.15235457,0.21052632,0.25180208,0.129,0.79055208,0.135,1347.5107,867.29,1.7944792,2.14,0.27178218,0.96235879
5103403,2022-01-23,23,131,162.4,0,development,1,19,23,17,8,4,15,18.25,73,7.0887234,23,15.875,127,7.2197645,23,4,0.2,8,1.5,8,51.8,41.2,46.3,28.61,29.41,28.8875,68.53,63.7,66.475,1.7,1.83,1.7425,9,0.15689981,0.2173913,0.25180208,0.129,0.79055208,0.135,1347.5107,867.29,1.7944792,2.14,0.38542086,0.9227409
5103403,2022-01-30,25,147,162.4,0,development,1,23,19,8,5,7,36,22.5,90,2.5166115,25,18.375,147,6.3231434,25,2,0.083333333,-2,4.25,-11,54,51,47.05,27.93,28.76,28.68,69.54,67.83,66.9025,2.36,2.03,1.825,13,0.1712,0.36,0.25180208,0.129,0.79055208,0.135,1347.5107,867.29,1.7944792,2.14,0.49347736,0.86975864
5103403,2022-02-06,37,142,162.4,0,development,1,25,23,23,22,4,23,26,104,7.7459667,37,20.25,162,9.1456469,37,12,0.46153846,10,3.5,14,29.4,21.8,48.95,28.06,28.56,28.555,72.9,66.61,68.475,1.5,1.63,1.7925,13,0.097151205,0.16216216,0.25180208,0.129,0.79055208,0.135,1347.5107,867.29,1.7944792,2.14,0.59438667,0.80417939
5103403,2022-02-13,45,156,162.4,0,development,1,37,25,19,10,7,34,32.5,130,10.376255,45,24.625,197,11.587401,45,8,0.21052632,-4,6.5,11,124.4,60.6,64.9,28.32,29.62,28.23,73.01,62.93,70.995,1.54,1.61,1.775,13,0.13580247,0.2,0.25180208,0.129,0.79055208,0.135,1347.5107,867.29,1.7944792,2.14,0.68668728,0.72695294
5103403,2022-02-20,24,180,162.4,1,development,1,45,37,23,17,3,37,32.75,131,10.078856,45,25.5,204,11.186727,45,-21,-0.45652174,-29,0.25,-13,31.4,51.8,59.8,29.45,28.61,28.44,64.23,68.53,69.92,1.82,1.7,1.805,7,0.23263889,0.33333333,0.25180208,0.129,0.79055208,0.135,1347.5107,867.29,1.7944792,2.14,0.76904237,0.6391978
5103403,2022-02-27,41,181,162.4,1,development,1,24,45,25,8,8,31,36.75,147,9.1058589,45,29.625,237,9.8116185,45,17,0.68,38,4,10,1,54,46.55,29.84,27.93,28.9175,59.91,69.54,67.5125,2.04,2.36,1.725,13,0.14693635,0.26829268,0.25180208,0.129,0.79055208,0.135,1347.5107,867.29,1.7944792,2.14,0.84025918,0.54218494
5103403,2022-03-06,32,188,162.4,1,development,1,41,24,37,23,5,36,35.5,142,9.3985815,45,30.75,246,9.4528907,45,-9,-0.21428571,-26,-1.25,-4,0.2,29.4,39.25,28.9,28.06,29.1275,59.44,72.9,64.1475,1.9,1.5,1.825,12,0.11523438,0.1875,0.25180208,0.129,0.79055208,0.135,1347.5107,867.29,1.7944792,2.14,0.89930623,0.43731945
5103403,2022-03-13,59,164,162.4,1,development,1,32,41,45,19,22,30,39,156,15.033296,59,35.75,286,12.452768,59,27,0.81818182,36,3.5,29,0.2,124.4,8.2,28.46,28.32,29.1625,62.15,73.01,61.4325,1.65,1.54,1.8525,15,0.21172077,0.42372881,0.25180208,0.129,0.79055208,0.135,1347.5107,867.29,1.7944792,2.14,0.94532834,0.32612011
5103403,2022-03-20,48,154,162.4,0,development,1,59,32,24,23,10,9,45,180,11.401754,59,38.875,311,11.921619,59,-11,-0.18333333,-38,6,39,0.6,31.4,0.5,29.58,29.45,29.195,61.23,64.23,60.6825,2.1,1.82,1.9225,15,0.14930556,0.25,0.25180208,0.129,0.79055208,0.135,1347.5107,867.29,1.7944792,2.14,0.97765895,0.21019747
5103403,2022-03-27,42,145,162.4,0,development,1,48,59,41,25,17,25,45.25,181,11.295279,59,41,328,10.528872,59,-6,-0.12244898,5,0.25,17,0,1,0.25,28.8,29.84,28.935,62.77,59.91,61.3975,1.84,2.04,1.8725,16,0.13378685,0.26190476,0.25180208,0.129,0.79055208,0.135,1347.5107,867.29,1.7944792,2.14,0.99582981,0.09123047
5103403,2022-04-03,39,141,162.4,0,development,1,42,48,32,37,8,23,47,188,8.8317609,59,41.25,330,10.443727,59,-3,-0.069767442,3,1.75,16,0.2,0.2,0.25,31.65,28.9,29.6225,52.65,59.44,59.7,1.32,1.9,1.7275,12,0.13346483,0.20512821,0.25180208,0.129,0.79055208,0.135,1347.5107,867.29,1.7944792,2.14,0.99957773,-0.029057851
5103403,2022-04-10,35,151,162.4,0,development,1,39,42,59,45,23,36,41,164,5.4772256,48,40,320,10.528872,59,-4,-0.1,-1,-6,-1,0.2,0.2,0.25,30.63,28.46,30.165,51.76,62.15,57.1025,2.22,1.65,1.87,17,0.13142857,0.28571429,0.25180208,0.129,0.79055208,0.135,1347.5107,867.29,1.7944792,2.14,0.98884845,-0.14892532
5103403,2022-04-17,38,143,162.4,0,development,1,35,39,48,24,19,44,38.5,154,2.8867513,42,41.75,334,8.4473157,59,3,0.083333333,7,-2.5,-6,2.8,0.6,0.8,28.92,29.58,30,54.5,61.23,55.42,1.37,2.1,1.6875,13,0.11911357,0.23684211,0.25180208,0.129,0.79055208,0.135,1347.5107,867.29,1.7944792,2.14,0.96379735,-0.26663585
5103403,2022-04-24,33,142,162.4,0,development,1,38,35,42,41,23,25,36.25,145,2.7537853,39,40.75,326,9.0039674,59,-5,-0.12820513,-8,-2.25,8,29.6,0,8.2,29.89,28.8,30.2725,56.43,62.77,53.835,1.34,1.84,1.5625,14,0.10376492,0.21212121,0.25180208,0.129,0.79055208,0.135,1347.5107,867.29,1.7944792,2.14,0.92478725,-0.38048461
5103403,2022-05-01,35,121,162.4,0,development,1,33,38,39,32,25,36,35.25,141,2.0615528,38,41.125,329,8.6427096,59,2,0.058823529,7,-1,-1,0,0.2,8.15,24.87,31.65,28.5775,57.65,52.65,55.085,1.3,1.32,1.5575,10,0.21142857,0.37142857,0.25180208,0.129,0.79055208,0.135,1347.5107,867.29,1.7944792,2.14,0.87238316,-0.48882268
5103403,2022-05-08,45,88,162.4,0,development,1,35,33,35,59,37,25,37.75,151,5.2519838,45,39.375,315,5.2627396,48,10,0.27777778,8,2.5,20,0,0.2,8.1,27.82,30.63,27.875,58.62,51.76,56.8,1.05,2.22,1.265,13,0.15654321,0.26666667,0.25180208,0.129,0.79055208,0.135,1347.5107,867.29,1.7944792,2.14,0.80734406,-0.59008098
5103403,2022-05-15,30,65,162.4,0,development,1,45,35,38,48,45,20,35.75,143,6.5,45,37.125,297,4.8825491,45,-15,-0.32608696,-25,-2,10,0.4,2.8,7.5,20.39,28.92,25.7425,59.1,54.5,57.95,1.5,1.37,1.2975,13,0.17555556,0.33333333,0.25180208,0.129,0.79055208,0.135,1347.5107,867.29,1.7944792,2.14,0.73061194,-0.68279294
5103403,2022-05-22,32,39,162.4,0,development,1,30,45,33,42,24,27,35.5,142,6.6583281,45,35.875,287,4.7339956,45,2,0.064516129,17,-0.25,5,0,29.6,0.1,26.89,29.89,24.9925,47.36,56.43,55.6825,1.17,1.34,1.255,15,0.125,0.28125,0.25180208,0.129,0.79055208,0.135,1347.5107,867.29,1.7944792,2.14,0.64329812,-0.76561579
5103403,2022-05-29,14,35,162.4,0,development,1,32,30,35,39,41,36,30.25,121,12.711543,45,32.75,262,8.8438841,45,-18,-0.54545455,-20,-5.25,-22,0.2,0,0.15,25.6,24.87,25.175,68.58,57.65,58.415,1.37,1.3,1.2725,7,0.17346939,0.21428571,0.25180208,0.129,0.79055208,0.135,1347.5107,867.29,1.7944792,2.14,0.5466672,-0.83734997
5103403,2022-06-05,12,34,162.4,0,development,1,14,32,45,35,32,27,22,88,10.456258,32,29.875,239,11.38216,45,-2,-0.13333333,16,-8.25,-15,29.4,0,7.5,25,27.82,24.47,69.44,58.62,61.12,1.31,1.05,1.3375,5,0.22222222,0.25,0.25180208,0.129,0.79055208,0.135,1347.5107,867.29,1.7944792,2.14,0.44211873,-0.89695654
5103403,2022-06-12,7,36,162.4,0,development,1,12,14,30,38,59,17,16.25,65,10.904892,32,26,208,13.330952,45,-5,-0.38461538,-3,-5.75,-10,6.8,0.4,9.1,23.7,20.39,25.2975,62.46,59.1,61.96,1.16,1.5,1.2525,4,0.30612245,0.42857143,0.25180208,0.129,0.79055208,0.135,1347.5107,867.29,1.7944792,2.14,0.3311669,-0.94357219
5103403,2022-06-19,6,39,162.4,0,development,1,7,12,32,33,48,34,9.75,39,3.8622101,14,22.625,181,14.657397,45,-1,-0.125,4,-6.5,-28,0,0,9.1,26.99,26.89,25.3225,57.57,47.36,64.5125,1,1.17,1.21,4,0.27777778,0.33333333,0.25180208,0.129,0.79055208,0.135,1347.5107,867.29,1.7944792,2.14,0.21541867,-0.97652178
5103403,2022-06-26,10,39,162.4,0,development,1,6,7,14,35,42,10,8.75,35,2.7537853,12,19.5,156,14.302847,45,4,0.57142857,5,-1,0,0,0.2,9.05,25.45,25.6,25.285,58.2,68.58,61.9175,1.17,1.37,1.16,6,0.22,0.3,0.25180208,0.129,0.79055208,0.135,1347.5107,867.29,1.7944792,2.14,0.096550471,-0.99532809
5103403,2022-07-03,11,39,162.4,0,development,1,10,6,12,45,39,17,8.5,34,2.3804761,11,15.25,122,10.067628,32,1,0.090909091,-3,-0.25,-6,0,29.4,1.7,27.64,25,25.945,44.02,69.44,55.5625,1.15,1.31,1.12,5,0.2892562,0.45454545,0.25180208,0.129,0.79055208,0.135,1347.5107,867.29,1.7944792,2.14,-0.023716105,-0.99971873
5103403,2022-07-10,9,39,162.4,0,development,1,11,10,7,30,35,19,9,36,2.1602469,11,12.625,101,8.2451284,32,-2,-0.16666667,-3,0.5,-10,0,6.8,0,28.52,23.7,27.15,42.58,62.46,50.5925,1.74,1.16,1.265,5,0.28395062,0.44444444,0.25180208,0.129,0.79055208,0.135,1347.5107,867.29,1.7944792,2.14,-0.14363919,-0.98963012
5103403,2022-07-17,9,36,162.4,0,development,1,9,11,6,32,38,14,9.75,39,0.95742711,11,9.75,78,2.6049404,14,0,0,2,0.75,-5,0,0,0,27.05,26.99,27.165,46.8,57.57,47.9,1.19,1,1.3125,7,0.16049383,0.22222222,0.25180208,0.129,0.79055208,0.135,1347.5107,867.29,1.7944792,2.14,-0.26148191,-0.96520838
5103403,2022-07-24,10,29,162.4,0,development,1,9,9,10,14,33,13,9.75,39,0.95742711,11,9.25,74,1.9820624,12,1,0.1,1,0,-3,0,0,0,27.88,25.45,27.7725,40.19,58.2,43.3975,1.23,1.17,1.3275,7,0.16,0.2,0.25180208,0.129,0.79055208,0.135,1347.5107,867.29,1.7944792,2.14,-0.37553749,-0.9268072
5103403,2022-07-31,11,36,162.4,0,development,1,10,9,11,12,35,8,9.75,39,0.95742711,11,9.125,73,1.8077215,11,1,0.090909091,0,0,3,0,0,0,29.19,27.64,28.16,35.73,44.02,41.325,1.19,1.15,1.3375,7,0.25619835,0.45454545,0.25180208,0.129,0.79055208,0.135,1347.5107,867.29,1.7944792,2.14,-0.48415405,-0.87498278
5103403,2022-08-07,9,34,162.4,0,development,1,11,10,9,7,45,10,9.75,39,0.95742711,11,9.375,75,1.5979898,11,-2,-0.16666667,-3,0,-1,12.6,0,3.15,24.31,28.52,27.1075,55.07,42.58,44.4475,1.55,1.74,1.29,4,0.30864198,0.44444444,0.25180208,0.129,0.79055208,0.135,1347.5107,867.29,1.7944792,2.14,-0.58575844,-0.81048569
5103403,2022-08-14,6,43,162.4,0,development,1,9,11,9,6,30,16,9,36,2.1602469,11,9.375,75,1.5979898,11,-3,-0.3,-1,-0.75,-10,27,0,9.9,26.74,27.05,27.03,43.43,46.8,43.605,2.46,1.19,1.6075,5,0.22222222,0.33333333,0.25180208,0.129,0.79055208,0.135,1347.5107,867.29,1.7944792,2.14,-0.6788791,-0.73425007
5103403,2022-08-21,3,43,162.4,0,development,1,6,9,10,10,32,4,7.25,29,3.5,11,8.5,68,2.7255406,11,-3,-0.42857143,0,-1.75,-1,0,0,9.9,28.56,27.88,27.2,40.19,40.19,43.605,0.9,1.23,1.525,2,0.55555556,0.66666667,0.25180208,0.129,0.79055208,0.135,1347.5107,867.29,1.7944792,2.14,-0.76216734,-0.64738007
5103403,2022-08-28,18,30,162.4,0,development,1,3,6,11,11,14,5,9,36,6.4807407,18,9.375,75,4.3073857,18,15,3.75,18,1.75,13,0,0,9.9,29.21,29.19,27.205,39.52,35.73,44.5525,1.56,1.19,1.6175,1,1,1,0.25180208,0.129,0.79055208,0.135,1347.5107,867.29,1.7944792,2.14,-0.83441685,-0.55113385
5103403,2022-09-04,7,30,162.4,0,development,1,18,3,9,9,12,1,8.5,34,6.5574385,18,9.125,73,4.3895167,18,-11,-0.57894737,-26,-0.5,6,0,12.6,6.75,30.33,24.31,28.71,41.88,55.07,41.255,1.83,1.55,1.6875,4,0.26530612,0.28571429,0.25180208,0.129,0.79055208,0.135,1347.5107,867.29,1.7944792,2.14,-0.89458123,-0.44690538
5103403,2022-09-11,15,25,162.4,0,development,1,7,18,6,9,7,3,10.75,43,6.946222,18,9.875,79,4.8532022,18,8,1,19,2.25,12,2.6,27,0.65,28.52,26.74,29.155,50.35,43.43,42.985,1.44,2.46,1.4325,4,0.56444444,0.73333333,0.25180208,0.129,0.79055208,0.135,1347.5107,867.29,1.7944792,2.14,-0.9417891,-0.33620423
5103403,2022-09-18,3,27,162.4,0,development,1,15,7,3,10,6,7,10.75,43,6.946222,18,9,72,5.4248107,18,-12,-0.75,-20,0,-4,0,0,0.65,31.01,28.56,29.7675,43.16,40.19,43.7275,2.01,0.9,1.71,2,0.55555556,0.66666667,0.25180208,0.129,0.79055208,0.135,1347.5107,867.29,1.7944792,2.14,-0.97535673,-0.22063373
5103403,2022-09-25,5,34,162.4,0,development,1,3,15,18,11,10,6,7.5,30,5.2599113,15,8.25,66,5.5226805,18,2,0.5,14,-3.25,-1,46.4,0,12.25,28.93,29.21,29.6975,62.38,39.52,49.4425,1.76,1.56,1.76,3,0.44,0.6,0.25180208,0.129,0.79055208,0.135,1347.5107,867.29,1.7944792,2.14,-0.99479795,-0.10186771
5103403,2022-10-02,7,31,162.4,0,development,1,5,3,7,9,11,4,7.5,30,5.2599113,15,8,64,5.5291436,18,2,0.33333333,0,0,3,26.6,0,18.9,30.39,30.33,29.7125,53.37,41.88,52.315,1.65,1.83,1.715,3,0.55102041,0.71428571,0.25180208,0.129,0.79055208,0.135,1347.5107,867.29,1.7944792,2.14,-0.99983119,0.018373682
5103403,2022-10-09,10,28,162.4,0,development,1,7,5,15,6,9,8,6.25,25,2.9860788,10,8.5,68,5.5032458,18,3,0.375,1,-1.25,2,4.6,2.6,19.4,27.77,28.52,29.525,67.44,50.35,56.5875,1.38,1.44,1.7,3,0.66,0.8,0.25180208,0.129,0.79055208,0.135,1347.5107,867.29,1.7944792,2.14,-0.99038354,0.13834897
5103403,2022-10-16,5,26,162.4,0,development,1,10,7,3,3,9,8,6.75,27,2.3629078,10,8.75,70,5.2576475,18,-5,-0.45454545,-8,0.5,-3,25.4,0,25.75,29.75,31.01,29.21,59.62,43.16,60.7025,1.56,2.01,1.5875,4,0.28,0.4,0.25180208,0.129,0.79055208,0.135,1347.5107,867.29,1.7944792,2.14,-0.96659185,0.2563205
5103403,2022-10-23,12,25,162.4,0,development,1,5,10,5,18,10,4,8.5,34,3.1091264,12,8,64,4.0355563,15,7,1.1666667,12,1.75,8,0.2,46.4,14.2,30.84,28.93,29.6875,55.11,62.38,58.885,1.84,1.76,1.6075,4,0.41666667,0.58333333,0.25180208,0.129,0.79055208,0.135,1347.5107,867.29,1.7944792,2.14,-0.92880069,0.37057966
5103403,2022-10-30,4,25,162.4,0,development,1,12,5,7,7,11,7,7.75,31,3.8622101,12,7.625,61,4.2740914,15,-8,-0.61538462,-15,-0.75,-3,29,26.6,14.8,23.71,30.39,28.0175,56.91,53.37,59.77,1.96,1.65,1.685,1,1,1,0.25180208,0.129,0.79055208,0.135,1347.5107,867.29,1.7944792,2.14,-0.8775574,0.47947159
5103403,2022-11-06,7,25,162.4,0,development,1,4,12,10,15,9,4,7,28,3.5590261,12,6.625,53,3.0676888,12,3,0.6,11,-0.75,3,19,4.6,18.4,28.97,27.77,28.3175,45.47,67.44,54.2775,1.44,1.38,1.7,3,0.3877551,0.42857143,0.25180208,0.129,0.79055208,0.135,1347.5107,867.29,1.7944792,2.14,-0.81360417,0.58141918
5103403,2022-11-13,3,28,162.4,0,development,1,7,4,5,3,6,7,6.5,26,4.0414519,12,6.625,53,3.0676888,12,-4,-0.5,-7,-0.5,-4,15.6,25.4,15.95,29.55,29.75,28.2675,50.67,59.62,52.04,1.65,1.56,1.7225,2,0.55555556,0.66666667,0.25180208,0.129,0.79055208,0.135,1347.5107,867.29,1.7944792,2.14,-0.73786724,0.67494588
5103403,2022-11-20,11,23,162.4,0,development,1,3,7,12,5,3,3,6.25,25,3.5939764,11,7.375,59,3.335416,12,8,2,12,-0.25,8,9.6,0.2,18.3,29.69,30.84,27.98,59.19,55.11,53.06,1.74,1.84,1.6975,5,0.2892562,0.45454545,0.25180208,0.129,0.79055208,0.135,1347.5107,867.29,1.7944792,2.14,-0.65144353,0.75869712
5103403,2022-11-27,4,27,162.4,0,development,1,11,3,4,7,18,8,6.25,25,3.5939764,11,7,56,3.545621,12,-7,-0.58333333,-15,0,-4,34.8,29,19.75,30.41,23.71,29.655,47.56,56.91,50.7225,1.77,1.96,1.65,3,0.375,0.5,0.25180208,0.129,0.79055208,0.135,1347.5107,867.29,1.7944792,2.14,-0.55558476,0.83145991
5103403,2022-12-04,7,22,162.4,0,development,1,4,11,7,10,7,5,6.25,25,3.5939764,11,6.625,53,3.335416,12,3,0.6,10,0,2,11.2,19,17.8,29.7,28.97,29.8375,62.18,45.47,54.9,1.74,1.44,1.725,5,0.26530612,0.42857143,0.25180208,0.129,0.79055208,0.135,1347.5107,867.29,1.7944792,2.14,-0.45167927,0.89218038
5103403,2022-12-11,6,30,162.4,0,development,1,7,4,3,5,15,22,7,28,2.9439203,11,6.75,54,3.2841611,12,-1,-0.125,-4,0.75,-16,12.4,15.6,17,29.71,29.55,29.8775,59.68,50.67,57.1525,,1.65,,3,0.5,0.66666667,0.25180208,0.129,0.79055208,0.135,1347.5107,867.29,1.7944792,2.14,-0.34123196,0.93997912
5103403,2022-12-18,6,40,162.4,0,development,1,6,7,11,12,3,10,5.75,23,1.2583057,7,6,48,2.5071327,11,0,0,1,-1.25,-4,11.8,9.6,17.55,29.55,29.69,29.8425,62.38,59.19,57.95,,1.74,,6,0.16666667,0.16666667,0.25180208,0.129,0.79055208,0.135,1347.5107,867.29,1.7944792,2.14,-0.22584248,0.97416383
5103403,2022-12-25,8,47,162.4,0,development,1,6,6,4,4,5,17,6.75,27,0.95742711,8,6.5,52,2.4494897,11,2,0.28571429,2,1,-9,34.4,34.8,17.45,29.04,30.41,29.5,68.53,47.56,63.1925,,1.77,,5,0.21875,0.25,0.25180208,0.129,0.79055208,0.135,1347.5107,867.29,1.7944792,2.14,-0.10718205,0.99423941
5103403,2023-01-01,2,59,162.4,0,development,1,8,6,7,7,7,8,5.5,22,2.5166115,8,5.875,47,2.9001232,11,-6,-0.66666667,-8,-1.25,-6,66.8,11.2,31.35,28.54,29.7,29.21,63.26,62.18,63.4625,,1.74,,2,0.5,0.5,0.25180208,0.129,0.79055208,0.135,1347.5107,867.29,1.7944792,2.14,0.017201929,0.99985204
5103403,2023-01-08,14,80,162.4,0,development,1,2,8,6,3,10,23,7.5,30,5,14,7.25,58,3.8078866,14,12,4,18,2,-9,13.6,12.4,31.65,28.4,29.71,28.8825,62.49,59.68,64.165,,,,7,0.20408163,0.35714286,0.25180208,0.129,0.79055208,0.135,1347.5107,867.29,1.7944792,2.14,0.1371882,0.990545
5103403,2023-01-15,16,109,162.4,0,development,1,14,2,6,11,5,19,10,40,6.3245553,16,7.875,63,4.7939694,16,2,0.13333333,-10,2.5,-3,49,11.8,40.95,28.74,29.55,28.68,66.22,62.38,65.125,,,,8,0.2109375,0.375,0.25180208,0.129,0.79055208,0.135,1347.5107,867.29,1.7944792,2.14,0.25518754,0.96689158
5103403,2023-01-22,15,131,162.4,0,development,1,16,14,8,4,12,23,11.75,47,6.5510813,16,9.25,74,5.0920105,16,-1,-0.058823529,-3,1.75,-8,100,34.4,57.35,27.36,29.04,28.26,73.41,68.53,66.345,,,,8,0.16444444,0.26666667,0.25180208,0.129,0.79055208,0.135,1347.5107,867.29,1.7944792,2.14,0.3694909,0.92923435
5103403,2023-01-29,14,162,162.4,0,development,1,15,16,2,7,4,25,14.75,59,0.95742711,16,10.125,81,5.2491496,16,-1,-0.0625,0,3,-11,26,66.8,47.15,28.79,28.54,28.3225,68.14,63.26,67.565,,,,5,0.34693878,0.5,0.25180208,0.129,0.79055208,0.135,1347.5107,867.29,1.7944792,2.14,0.47844282,0.87811871
5103403,2023-02-05,35,190,162.4,1,development,1,14,15,14,6,7,37,20,80,10.033278,35,13.75,110,9.9247166,35,21,1.4,22,5.25,-2,35,13.6,52.5,29.25,28.4,28.535,66.35,62.49,68.53,,,,9,0.13469388,0.2,0.25180208,0.129,0.79055208,0.135,1347.5107,867.29,1.7944792,2.14,0.58046528,0.814285
5103403,2023-02-12,45,202,162.4,1,development,1,35,14,16,6,3,45,27.25,109,15.283433,45,18.625,149,14.22209,45,10,0.27777778,-11,7.25,0,71.4,49,58.1,28.25,28.74,28.4125,69.59,66.22,69.3725,,,,12,0.16345679,0.28888889,0.25180208,0.129,0.79055208,0.135,1347.5107,867.29,1.7944792,2.14,0.67408068,0.73865773
5103403,2023-02-19,37,252,162.4,1,development,1,45,35,15,8,11,24,32.75,131,13.225606,45,22.25,178,14.81071,45,-8,-0.17391304,-18,5.5,13,41.8,100,43.55,28.2,27.36,28.6225,66.54,73.41,67.655,,,,12,0.1395179,0.27027027,0.25180208,0.129,0.79055208,0.135,1347.5107,867.29,1.7944792,2.14,0.75793315,0.65233223
5103403,2023-02-26,45,293,162.4,1,development,1,37,45,14,2,4,41,40.5,162,5.2599113,45,27.625,221,14.201987,45,8,0.21052632,16,7.75,4,59,26,51.8,29.49,28.79,28.7975,64.37,68.14,66.7125,,,,14,0.12888889,0.22222222,0.25180208,0.129,0.79055208,0.135,1347.5107,867.29,1.7944792,2.14,0.83080822,0.5565588
5103403,2023-03-05,63,274,162.4,1,development,1,45,37,35,14,7,32,47.5,190,11,63,33.75,270,17.637217,63,18,0.39130435,10,7,31,54,35,56.55,28.71,29.25,28.6625,65.93,66.35,66.6075,,,,13,0.14991182,0.26984127,0.25180208,0.129,0.79055208,0.135,1347.5107,867.29,1.7944792,2.14,0.89165043,0.45272454
5103403,2023-03-12,57,307,162.4,1,development,1,63,45,45,16,6,59,50.5,202,11.7047,63,38.875,311,17.699374,63,-6,-0.09375,-24,3,-2,41.8,71.4,49.15,27.62,28.25,28.505,70.97,69.59,66.9525,,,,17,0.11234226,0.24561404,0.25180208,0.129,0.79055208,0.135,1347.5107,867.29,1.7944792,2.14,0.93957857,0.34233333
5103403,2023-03-19,87,282,162.4,1,development,1,57,63,37,15,6,48,63,252,17.663522,87,47.875,383,21.682366,87,30,0.51724138,36,12.5,39,24.6,41.8,44.85,27.71,28.2,28.3825,73.45,66.54,68.68,,,,22,0.11190382,0.2183908,0.25180208,0.129,0.79055208,0.135,1347.5107,867.29,1.7944792,2.14,0.97389849,0.22698399
5103403,2023-03-26,86,281,162.4,1,development,1,87,57,45,14,8,42,73.25,293,15.5,87,56.875,455,20.524811,87,-1,-0.011363636,-31,10.25,44,8.6,59,32.25,29.51,29.49,28.3875,64.84,64.37,68.7975,,,,18,0.18144943,0.29069767,0.25180208,0.129,0.79055208,0.135,1347.5107,867.29,1.7944792,2.14,0.99411312,0.10834716
5103403,2023-04-02,44,343,162.4,1,development,1,86,87,63,35,2,39,68.5,274,21.45538,87,58,464,19.368605,87,-42,-0.48275862,-41,-4.75,5,46,54,30.25,28.23,28.71,28.2675,70.1,65.93,69.84,,,,14,0.17975207,0.36363636,0.25180208,0.129,0.79055208,0.135,1347.5107,867.29,1.7944792,2.14,0.99992968,-0.011858886
5103403,2023-04-09,90,347,162.4,1,development,1,44,86,57,45,14,35,76.75,307,21.899391,90,63.625,509,21.473821,90,46,1.0222222,88,8.25,55,55.8,41.8,33.75,28.26,27.62,28.4275,72.78,70.97,70.2925,,,,19,0.12049383,0.24444444,0.25180208,0.129,0.79055208,0.135,1347.5107,867.29,1.7944792,2.14,0.99126393,-0.13189318
5103403,2023-04-16,62,388,162.4,1,development,1,90,44,87,37,16,38,70.5,282,21.563859,90,66.75,534,18.683453,90,-28,-0.30769231,-74,-6.25,24,21.6,24.6,33,27.56,27.71,28.39,68.85,73.45,69.1425,,,,16,0.11862643,0.20967742,0.25180208,0.129,0.79055208,0.135,1347.5107,867.29,1.7944792,2.14,0.96824139,-0.25001722
5103403,2023-04-23,85,368,162.4,1,development,1,62,90,86,45,15,33,70.25,281,21.328776,90,71.75,574,17.334936,90,23,0.36507937,51,-0.25,52,44.8,8.6,42.05,28.38,29.51,28.1075,71.81,64.84,70.885,,,,15,0.15128028,0.22352941,0.25180208,0.129,0.79055208,0.135,1347.5107,867.29,1.7944792,2.14,0.93119549,-0.36452018
5103403,2023-04-30,106,333,162.4,1,development,1,85,62,44,63,14,35,85.75,343,18.191115,106,77.125,617,20.594295,106,21,0.24418605,-2,15.5,71,16.8,46,34.75,28.59,28.23,28.1975,69.87,70.1,70.8275,,,,12,0.16500534,0.25471698,0.25180208,0.129,0.79055208,0.135,1347.5107,867.29,1.7944792,2.14,0.88066278,-0.47374368
5103403,2023-05-07,94,260,162.4,1,development,1,106,85,90,57,35,45,86.75,347,18.607794,106,81.75,654,19.557607,106,-12,-0.11214953,-33,1,49,0,55.8,20.8,27.66,28.26,28.0475,70.61,72.78,70.285,,,,17,0.1747397,0.26595745,0.25180208,0.129,0.79055208,0.135,1347.5107,867.29,1.7944792,2.14,0.81737514,-0.57610579
5103403,2023-05-14,103,195,162.4,1,development,1,94,106,62,87,45,30,97,388,9.486833,106,83.75,670,20.940392,106,9,0.094736842,21,10.25,73,0,21.6,15.4,26.72,27.56,27.8375,56.18,68.85,67.1175,,,,21,0.13243473,0.26213592,0.25180208,0.129,0.79055208,0.135,1347.5107,867.29,1.7944792,2.14,0.74224919,-0.67012398
5103403,2023-05-21,65,152,162.4,0,development,1,103,94,85,86,37,32,92,368,18.708287,106,81.125,649,21.911755,106,-38,-0.36538462,-47,-5,33,0,44.8,4.2,28.49,28.38,27.865,51.32,71.81,61.995,,,,16,0.1408284,0.23076923,0.25180208,0.129,0.79055208,0.135,1347.5107,867.29,1.7944792,2.14,0.656373,-0.75443653
5103403,2023-05-28,71,101,162.4,0,development,1,65,103,106,44,45,14,83.25,333,18.15443,103,84.5,676,16.877711,106,6,0.090909091,44,-8.75,57,1.4,16.8,0.35,25.91,28.59,27.195,69.7,69.87,61.9525,1.16,,,14,0.17873438,0.33802817,0.25180208,0.129,0.79055208,0.135,1347.5107,867.29,1.7944792,2.14,0.56099035,-0.82782234
5103403,2023-06-04,21,98,162.4,0,development,1,71,65,94,90,63,12,65,260,33.744135,103,75.875,607,27.776853,106,-50,-0.69444444,-56,-18.25,9,0,0,0.35,27.87,27.66,27.2475,50.25,70.61,56.8625,1.05,,,8,0.16553288,0.23809524,0.25180208,0.129,0.79055208,0.135,1347.5107,867.29,1.7944792,2.14,0.45748269,-0.88921853
5103403,2023-06-11,38,80,162.4,0,development,1,21,71,103,62,57,7,48.75,195,23.414739,71,72.875,583,30.638153,106,17,0.77272727,67,-16.25,31,19.2,0,5.15,18.01,26.72,25.07,76.77,56.18,62.01,1.61,,,10,0.13157895,0.18421053,0.25180208,0.129,0.79055208,0.135,1347.5107,867.29,1.7944792,2.14,0.34734916,-0.93773587
5103403,2023-06-18,22,80,162.4,0,development,1,38,21,65,85,87,6,38,152,23.338095,71,65,520,34.879384,106,-16,-0.41025641,-33,-10.75,16,0,0,5.15,25.49,28.49,24.32,53.55,51.32,62.5675,1.06,,1.22,9,0.18595041,0.31818182,0.25180208,0.129,0.79055208,0.135,1347.5107,867.29,1.7944792,2.14,0.23218486,-0.97267168
5103403,2023-06-25,20,70,162.4,0,development,1,22,38,71,106,86,10,25.25,101,8.5391256,38,54.25,434,33.669613,103,-2,-0.086956522,14,-12.75,10,0,1.4,4.8,26.9,25.91,24.5675,50.68,69.7,57.8125,0.99,1.16,1.1775,7,0.2,0.35,0.25180208,0.129,0.79055208,0.135,1347.5107,867.29,1.7944792,2.14,0.11365775,-0.99351996
5103403,2023-07-02,18,62,162.4,0,development,1,20,22,21,94,44,11,24.5,98,9.1469485,38,44.75,358,31.503968,103,-2,-0.095238095,0,-0.75,7,0,0,4.8,26.96,27.87,24.34,43.21,50.25,56.0525,1.04,1.05,1.175,8,0.21604938,0.33333333,0.25180208,0.129,0.79055208,0.135,1347.5107,867.29,1.7944792,2.14,-0.0065155057,-0.99997877
5103403,2023-07-09,20,49,162.4,0,development,1,18,20,38,103,90,9,20,80,1.6329932,22,34.375,275,21.731725,71,2,0.10526316,4,-4.5,11,0,19.2,0,26.46,18.01,26.4525,47.61,76.77,48.7625,1.49,1.61,1.145,8,0.295,0.5,0.25180208,0.129,0.79055208,0.135,1347.5107,867.29,1.7944792,2.14,-0.12659439,-0.99195457
5103403,2023-07-16,22,37,162.4,0,development,1,20,18,22,65,62,9,20,80,1.6329932,22,29,232,18.087091,71,2,0.095238095,0,0,13,0,0,0,26.93,25.49,26.8125,52.25,53.55,48.4375,1.26,1.06,1.195,10,0.18181818,0.31818182,0.25180208,0.129,0.79055208,0.135,1347.5107,867.29,1.7944792,2.14,-0.24483977,-0.96956355
5103403,2023-07-23,10,37,162.4,0,development,1,22,20,20,71,85,10,17.5,70,5.2599113,22,21.375,171,7.7632375,38,-12,-0.52173913,-14,-2.5,0,0,0,0,28.24,26.9,27.1475,41.19,50.68,46.065,1.28,0.99,1.2675,8,0.14,0.2,0.25180208,0.129,0.79055208,0.135,1347.5107,867.29,1.7944792,2.14,-0.35953906,-0.93313004
5103403,2023-07-30,10,33,162.4,0,development,1,10,22,18,21,106,11,15.5,62,6.4031242,22,20,160,8.7505102,38,0,0,12,-2,-1,0,0,0,29.89,26.96,27.88,37.04,43.21,44.5225,0.95,1.04,1.245,6,0.3,0.5,0.25180208,0.129,0.79055208,0.135,1347.5107,867.29,1.7944792,2.14,-0.46903102,-0.88318169
5103403,2023-08-06,7,38,162.4,0,development,1,10,10,20,38,94,9,12.25,49,6.6520673,22,16.125,129,6.1047405,22,-3,-0.27272727,-3,-3.25,-2,0,0,0,31.69,26.46,29.1875,32.61,47.61,40.7725,1.35,1.49,1.21,5,0.2244898,0.28571429,0.25180208,0.129,0.79055208,0.135,1347.5107,867.29,1.7944792,2.14,-0.57172985,-0.82044194
5103403,2023-08-13,10,38,162.4,0,development,1,7,10,22,22,103,6,9.25,37,1.5,10,14.625,117,5.9266348,22,3,0.375,6,-3,4,0,0,0,29.11,26.93,29.7325,43.03,52.25,38.4675,1.68,1.26,1.315,3,0.54,0.7,0.25180208,0.129,0.79055208,0.135,1347.5107,867.29,1.7944792,2.14,-0.66614813,-0.74581946
5103403,2023-08-20,10,32,162.4,0,development,1,10,7,10,20,65,3,9.25,37,1.5,10,13.375,107,5.6804804,22,0,0,-3,0,7,9.8,0,2.45,32.03,28.24,30.68,37,41.19,37.42,1.73,1.28,1.4275,6,0.24,0.4,0.25180208,0.129,0.79055208,0.135,1347.5107,867.29,1.7944792,2.14,-0.75091838,-0.66039503
5103403,2023-08-27,6,43,162.4,0,development,1,10,10,10,18,71,18,8.25,33,2.0615528,10,11.875,95,5.8660646,22,-4,-0.36363636,-4,-1,-12,0,0,2.45,31.41,29.89,31.06,44.86,37.04,39.375,1.68,0.95,1.61,5,0.22222222,0.33333333,0.25180208,0.129,0.79055208,0.135,1347.5107,867.29,1.7944792,2.14,-0.82481282,-0.56540588
5103403,2023-09-03,12,34,162.4,0,development,1,6,10,7,20,21,7,9.5,38,2.5166115,12,10.875,87,4.8825491,22,6,0.85714286,10,1.25,5,2.4,0,3.05,32.52,31.69,31.2675,43.19,32.61,42.02,1.82,1.35,1.7275,6,0.20833333,0.33333333,0.25180208,0.129,0.79055208,0.135,1347.5107,867.29,1.7944792,2.14,-0.88676123,-0.46222778
5103403,2023-09-10,10,30,162.4,0,development,1,12,6,10,22,38,15,9.5,38,2.5166115,12,9.375,75,1.9226098,12,-2,-0.15384615,-8,0,-5,23,0,8.8,30.21,29.11,31.5425,48.98,43.03,43.5075,1.64,1.68,1.7175,6,0.18,0.2,0.25180208,0.129,0.79055208,0.135,1347.5107,867.29,1.7944792,2.14,-0.93586639,-0.35235507
5103403,2023-09-17,4,34,162.4,0,development,1,10,12,10,10,22,3,8,32,3.6514837,12,8.625,69,2.6692696,12,-6,-0.54545455,-4,-1.5,1,2.2,9.8,6.9,32.95,32.03,31.7725,41.33,37,44.59,1.59,1.73,1.6825,4,0.25,0.25,0.25180208,0.129,0.79055208,0.135,1347.5107,867.29,1.7944792,2.14,-0.97141709,-0.2373791
5103403,2023-09-24,17,19,162.4,0,development,1,4,10,6,10,20,5,10.75,43,5.3774219,17,9.5,76,4,17,13,2.6,19,2.75,12,6.6,0,8.55,32.91,31.41,32.1475,44.96,44.86,44.615,1.63,1.68,1.67,4,0.31487889,0.41176471,0.25180208,0.129,0.79055208,0.135,1347.5107,867.29,1.7944792,2.14,-0.99289844,-0.11896509
5103403,2023-10-01,3,21,162.4,0,development,1,17,4,12,7,18,7,8.5,34,6.4549722,17,9,72,4.5669621,17,-14,-0.77777778,-27,-2.25,-4,4.8,2.4,9.15,33.67,32.52,32.435,44.16,43.19,44.8575,2.21,1.82,1.7675,3,0.33333333,0.33333333,0.25180208,0.129,0.79055208,0.135,1347.5107,867.29,1.7944792,2.14,-0.99999931,0.0011719389
5103403,2023-10-08,6,22,162.4,0,development,1,3,17,10,10,20,10,7.5,30,6.4549722,17,8.5,68,4.659859,17,3,0.75,17,-1,-4,22.4,23,9,31.94,30.21,32.8675,52,48.98,45.6125,1.76,1.64,1.7975,5,0.22222222,0.33333333,0.25180208,0.129,0.79055208,0.135,1347.5107,867.29,1.7944792,2.14,-0.99261687,0.12129199
5103403,2023-10-15,8,20,162.4,0,development,1,6,3,4,10,22,5,8.5,34,6.0277138,17,8.25,66,4.6213789,17,2,0.28571429,-1,1,3,2.4,2.2,9.05,34.7,32.95,33.305,38.43,41.33,44.8875,1.66,1.59,1.815,5,0.25,0.375,0.25180208,0.129,0.79055208,0.135,1347.5107,867.29,1.7944792,2.14,-0.97085803,0.23965533
5103403,2023-10-22,2,24,162.4,0,development,1,8,6,17,6,10,12,4.75,19,2.7537853,8,7.75,62,5.0920105,17,-6,-0.66666667,-8,-3.75,-10,13.4,6.6,10.75,32.72,32.91,33.2575,51.74,44.96,46.5825,2.35,1.63,1.995,2,0.5,0.5,0.25180208,0.129,0.79055208,0.135,1347.5107,867.29,1.7944792,2.14,-0.93503794,0.35454766
5103403,2023-10-29,5,36,162.4,0,development,1,2,8,3,12,10,4,5.25,21,2.5,8,6.875,55,4.8532022,17,3,1,9,0.5,1,12.2,4.8,12.6,31.56,33.67,32.73,49.23,44.16,47.85,1.99,2.21,1.94,4,0.28,0.4,0.25180208,0.129,0.79055208,0.135,1347.5107,867.29,1.7944792,2.14,-0.88567539,0.46430496
5103403,2023-11-05,7,35,162.4,0,development,1,5,2,6,10,7,7,5.5,22,2.6457513,8,6.5,52,4.6904158,17,2,0.33333333,-1,0.25,0,5.4,22.4,8.35,33.36,31.94,33.085,42.16,52,45.39,2.05,1.76,2.0125,3,0.34693878,0.42857143,0.25180208,0.129,0.79055208,0.135,1347.5107,867.29,1.7944792,2.14,-0.82348531,0.56733759
5103403,2023-11-12,6,33,162.4,0,development,1,7,5,8,4,10,3,5,20,2.1602469,7,6.75,54,4.5903626,17,-1,-0.125,-3,-0.5,3,0,2.4,7.75,34.62,34.7,33.065,41.78,38.43,46.2275,2.69,1.66,2.27,3,0.38888889,0.5,0.25180208,0.129,0.79055208,0.135,1347.5107,867.29,1.7944792,2.14,-0.74936843,0.66215327
5103403,2023-11-19,6,33,162.4,0,development,1,6,7,2,17,10,11,6,24,0.81649658,7,5.375,43,1.9955307,8,0,0,1,1,-5,27.2,13.4,11.2,30.51,32.72,32.5125,60.09,51.74,48.315,2,2.35,2.1825,4,0.33333333,0.5,0.25180208,0.129,0.79055208,0.135,1347.5107,867.29,1.7944792,2.14,-0.6643982,0.74737878
5103403,2023-11-26,17,24,162.4,0,development,1,6,6,5,3,6,4,9,36,5.3541261,17,7.125,57,4.3568501,17,11,1.5714286,11,3,13,12.4,12.2,11.25,32.24,31.56,32.6825,50.73,49.23,48.69,1.81,1.99,2.1375,4,0.48096886,0.64705882,0.25180208,0.129,0.79055208,0.135,1347.5107,867.29,1.7944792,2.14,-0.56980527,0.82177975
5103403,2023-12-03,6,30,162.4,0,development,1,17,6,7,6,12,7,8.75,35,5.5,17,7.125,57,4.3568501,17,-11,-0.61111111,-22,-0.25,-1,32.4,5.4,18,30.83,33.36,32.05,60.14,42.16,53.185,1.63,2.05,2.0325,5,0.22222222,0.33333333,0.25180208,0.129,0.79055208,0.135,1347.5107,867.29,1.7944792,2.14,-0.46695966,0.88427862
5103403,2023-12-10,4,61,162.4,0,development,1,6,17,6,8,10,6,8.25,33,5.9090326,17,6.625,53,4.470139,17,-2,-0.28571429,9,-0.5,-2,0.4,0,18.1,32.84,34.62,31.605,49.27,41.78,55.0575,1.8,2.69,1.81,3,0.375,0.5,0.25180208,0.129,0.79055208,0.135,1347.5107,867.29,1.7944792,2.14,-0.35735093,0.93397019
5103403,2023-12-17,6,83,162.4,0,development,1,4,6,6,2,4,6,8.25,33,5.9090326,17,7.125,57,4.0861264,17,2,0.4,4,0,0,22.2,27.2,16.85,30.99,30.51,31.725,54.2,60.09,53.585,2.23,2,1.8675,2,0.72222222,0.83333333,0.25180208,0.129,0.79055208,0.135,1347.5107,867.29,1.7944792,2.14,-0.24256656,0.97013477
5103403,2023-12-24,8,117,162.4,0,development,1,6,4,17,5,17,8,6,24,1.6329932,8,7.5,60,4,17,2,0.28571429,0,-2.25,0,16.4,12.4,17.85,32.51,32.24,31.7925,50.17,50.73,53.445,2.13,1.81,1.9475,4,0.28125,0.375,0.25180208,0.129,0.79055208,0.135,1347.5107,867.29,1.7944792,2.14,-0.12426903,0.99224856
5103403,2023-12-31,12,136,162.4,0,development,1,8,6,6,7,3,2,7.5,30,3.4156503,12,8.125,65,4.2907708,17,4,0.44444444,2,1.5,10,16,32.4,13.75,29.7,30.83,31.51,62.41,60.14,54.0125,2.08,1.63,2.06,6,0.19444444,0.25,0.25180208,0.129,0.79055208,0.135,1347.5107,867.29,1.7944792,2.14,-0.0041716613,0.9999913
5103403,2024-01-07,35,144,162.4,0,development,1,12,8,4,6,6,14,15.25,61,13.400871,35,11.75,94,10.292161,35,23,1.7692308,19,7.75,21,49,0.4,25.9,29.57,32.84,30.6925,65.4,49.27,58.045,2.15,1.8,2.1475,11,0.18367347,0.28571429,0.25180208,0.129,0.79055208,0.135,1347.5107,867.29,1.7944792,2.14,0.12012862,0.99275834
5103403,2024-01-14,28,146,162.4,0,development,1,35,12,6,6,8,16,20.75,83,12.841988,35,14.5,116,11.414277,35,-7,-0.19444444,-30,5.5,12,12.8,22.2,23.55,30.84,30.99,30.655,58.86,54.2,59.21,2.01,2.23,2.0925,6,0.28316327,0.39285714,0.25180208,0.129,0.79055208,0.135,1347.5107,867.29,1.7944792,2.14,0.23851738,0.97113823
5103403,2024-01-21,42,215,162.4,1,development,1,28,35,8,17,2,15,29.25,117,12.841988,42,17.625,141,15.042203,42,14,0.48275862,21,8.5,27,1.6,16.4,19.85,30.47,32.51,30.145,55.37,50.17,60.51,1.72,2.13,1.99,13,0.16780045,0.30952381,0.25180208,0.129,0.79055208,0.135,1347.5107,867.29,1.7944792,2.14,0.35345161,0.93545281
5103403,2024-01-28,31,307,162.4,1,development,1,42,28,12,6,5,14,34,136,6.0553007,42,20.75,166,14.878076,42,-11,-0.25581395,-25,4.75,17,24.6,16,22,30.29,29.7,30.2925,55.06,62.41,58.6725,1.79,2.08,1.9175,9,0.28824142,0.48387097,0.25180208,0.129,0.79055208,0.135,1347.5107,867.29,1.7944792,2.14,0.46326669,0.88621892
5103403,2024-02-04,43,364,162.4,1,development,1,31,42,35,4,7,35,36,144,7.6157731,43,25.625,205,14.994642,43,12,0.375,23,2,8,32.8,49,17.95,29.64,29.57,30.31,65.7,65.4,58.7475,1.7,2.15,1.805,17,0.12060573,0.23255814,0.25180208,0.129,0.79055208,0.135,1347.5107,867.29,1.7944792,2.14,0.56637212,0.82414963
5103403,2024-02-11,30,438,162.4,1,development,1,43,31,28,6,6,45,36.5,146,6.9522179,43,28.625,229,12.73844,43,-13,-0.29545455,-25,0.5,-15,40.2,12.8,24.8,29.99,30.84,30.0975,66.36,58.86,60.6225,1.5,2.01,1.6775,13,0.11777778,0.2,0.25180208,0.129,0.79055208,0.135,1347.5107,867.29,1.7944792,2.14,0.6612746,0.75014392
5103403,2024-02-18,111,439,162.4,1,development,1,30,43,42,8,6,37,53.75,215,38.621022,111,41.5,332,29.688863,111,81,2.6129032,94,17.25,74,5,1.6,25.65,29.89,30.47,29.9525,63.19,55.37,62.5775,1.99,1.72,1.745,25,0.11176041,0.22522523,0.25180208,0.129,0.79055208,0.135,1347.5107,867.29,1.7944792,2.14,0.74659963,0.66527362
5103403,2024-02-25,123,392,162.4,1,development,1,111,30,31,12,17,45,76.75,307,47.034562,123,55.375,443,38.548439,123,12,0.10714286,-69,23,78,27.4,24.6,26.35,30.69,30.29,30.0525,59.3,55.06,63.6375,1.38,1.79,1.6425,27,0.12697468,0.28455285,0.25180208,0.129,0.79055208,0.135,1347.5107,867.29,1.7944792,2.14,0.82111141,0.57076795
5103403,2024-03-03,100,427,162.4,1,development,1,123,111,43,35,6,63,91,364,41.737274,123,63.5,508,40.443965,123,-23,-0.18548387,-35,14.25,37,17.2,32.8,22.45,29.76,29.64,30.0825,68.3,65.7,64.2875,1.6,1.7,1.6175,27,0.1062,0.23,0.25180208,0.129,0.79055208,0.135,1347.5107,867.29,1.7944792,2.14,0.88373076,0.46799566
5103403,2024-03-10,104,455,162.4,1,development,1,100,123,30,28,4,57,109.5,438,10.082989,123,73,584,39.835376,123,4,0.03960396,27,18.5,47,6.8,40.2,14.1,31.61,29.99,30.4875,61.22,66.36,63.0025,1.63,1.5,1.65,27,0.087463018,0.14423077,0.25180208,0.129,0.79055208,0.135,1347.5107,867.29,1.7944792,2.14,0.93355075,0.35844524
5103403,2024-03-17,112,469,162.4,1,development,1,104,100,111,42,6,87,109.75,439,10.144785,123,81.75,654,39.741127,123,8,0.076190476,4,0.25,25,9.4,5,15.2,30.24,29.89,30.575,65.14,63.19,63.49,1.83,1.99,1.61,26,0.072704082,0.13392857,0.25180208,0.129,0.79055208,0.135,1347.5107,867.29,1.7944792,2.14,0.96984983,0.24370333
5103403,2024-03-24,76,534,162.4,1,development,1,112,104,123,31,8,86,98,392,15.491933,112,87.375,699,34.350868,123,-36,-0.31858407,-44,-11.75,-10,66,27.4,24.85,28.59,30.69,30.05,76.05,59.3,67.6775,1.13,1.38,1.5475,22,0.091066482,0.18421053,0.25180208,0.129,0.79055208,0.135,1347.5107,867.29,1.7944792,2.14,0.99210225,0.1254318
5103403,2024-03-31,135,529,162.4,1,development,1,76,112,100,43,12,44,106.75,427,24.34988,135,98.875,791,32.734593,135,59,0.76623377,95,8.75,91,14,17.2,24.05,30.48,29.76,30.23,66.57,68.3,67.245,1.36,1.6,1.4875,32,0.074567901,0.13333333,0.25180208,0.129,0.79055208,0.135,1347.5107,867.29,1.7944792,2.14,0.99998572,0.0053435872
5103403,2024-04-07,132,569,162.4,1,development,1,135,76,104,30,35,90,113.75,455,27.158485,135,111.625,893,19.100767,135,-3,-0.022058824,-62,7,42,13.4,6.8,25.7,29.64,31.61,29.7375,70.08,61.22,69.46,1.61,1.63,1.4825,31,0.096189164,0.18939394,0.25180208,0.129,0.79055208,0.135,1347.5107,867.29,1.7944792,2.14,0.99338608,-0.11482201
5103403,2024-04-14,126,561,162.4,1,development,1,132,135,112,111,28,62,117.25,469,27.753378,135,113.5,908,19.75565,135,-6,-0.045112782,-3,3.5,64,71.8,9.4,41.3,28.51,30.24,29.305,74.07,65.14,71.6925,1.42,1.83,1.38,20,0.11413454,0.19047619,0.25180208,0.129,0.79055208,0.135,1347.5107,867.29,1.7944792,2.14,0.9723989,-0.23332461
5103403,2024-04-21,141,533,162.4,1,development,1,126,132,76,123,42,85,133.5,534,6.244998,141,115.75,926,21.90075,141,15,0.11811024,21,16.25,56,0,66,24.8,30.66,28.59,29.8225,60.94,76.05,67.915,1.21,1.13,1.4,28,0.13475177,0.28368794,0.25180208,0.129,0.79055208,0.135,1347.5107,867.29,1.7944792,2.14,0.93732815,-0.34844789
5103403,2024-04-28,130,471,162.4,1,development,1,141,126,135,100,31,106,132.25,529,6.3442888,141,119.5,956,21.380899,141,-11,-0.077464789,-26,-1.25,24,0,14,21.3,31.36,30.48,30.0425,54.13,66.57,64.805,1.5,1.36,1.435,32,0.20485207,0.43076923,0.25180208,0.129,0.79055208,0.135,1347.5107,867.29,1.7944792,2.14,0.88868177,-0.45852449
5103403,2024-05-05,172,366,162.4,1,development,1,130,141,132,104,43,94,142.25,569,20.822664,172,128,1024,27.092434,172,42,0.32061069,53,10,78,0,13.4,17.95,30.69,29.64,30.305,49.59,70.08,59.6825,1.33,1.61,1.365,32,0.15548945,0.3255814,0.25180208,0.129,0.79055208,0.135,1347.5107,867.29,1.7944792,2.14,0.82716433,-0.56196012
5103403,2024-05-12,118,366,162.4,1,development,1,172,130,126,112,30,103,140.25,561,23.157072,172,128.75,1030,26.665923,172,-54,-0.31213873,-96,-2,15,0.4,71.8,0.1,26.79,28.51,29.875,66.19,74.07,57.7125,1.47,1.42,1.3775,23,0.11706406,0.24576271,0.25180208,0.129,0.79055208,0.135,1347.5107,867.29,1.7944792,2.14,0.75366679,-0.6572567
5103403,2024-05-19,113,318,162.4,1,development,1,118,172,141,76,111,65,133.25,533,26.800187,172,133.375,1067,18.01537,172,-5,-0.042016807,49,-7,48,0.2,0,0.15,25.26,30.66,28.525,64.2,60.94,58.5275,1.58,1.21,1.47,23,0.31036103,0.53982301,0.25180208,0.129,0.79055208,0.135,1347.5107,867.29,1.7944792,2.14,0.66925364,-0.74303402
5103403,2024-05-26,68,294,162.4,1,development,1,113,118,130,135,123,71,117.75,471,42.586187,172,125,1000,29.233054,172,-45,-0.39473684,-40,-15.5,-3,0.4,0,0.25,21.26,31.36,26,67.19,54.13,61.7925,1.33,1.5,1.4275,16,0.16133218,0.32352941,0.25180208,0.129,0.79055208,0.135,1347.5107,867.29,1.7944792,2.14,0.57514748,-0.81804974
5103403,2024-06-02,67,273,162.4,1,development,1,68,113,172,132,100,21,91.5,366,27.790886,118,116.875,935,35.393452,172,-1,-0.014492754,44,-26.25,46,0,0,0.25,28.13,30.69,25.36,45.62,49.59,60.8,1.06,1.33,1.36,18,0.10403208,0.17910448,0.25180208,0.129,0.79055208,0.135,1347.5107,867.29,1.7944792,2.14,0.47271127,-0.88121737
5103403,2024-06-09,118,196,162.4,1,development,1,67,68,118,126,104,38,91.5,366,27.790886,118,115.875,927,35.211352,172,51,0.75,52,0,80,0,0.4,0.15,29.11,26.79,25.94,41.11,66.19,54.53,1.54,1.47,1.3775,22,0.19635162,0.38983051,0.25180208,0.129,0.79055208,0.135,1347.5107,867.29,1.7944792,2.14,0.36342863,-0.93162204
5103403,2024-06-16,65,172,162.4,1,development,1,118,67,113,141,112,22,79.5,318,25.696952,118,106.375,851,37.633334,172,-53,-0.44537815,-104,-12,43,0,0.2,0.1,29.03,25.26,26.8825,38,64.2,47.98,1.49,1.58,1.355,17,0.15928994,0.30769231,0.25180208,0.129,0.79055208,0.135,1347.5107,867.29,1.7944792,2.14,0.24888233,-0.96853373
5103403,2024-06-23,44,147,162.4,0,development,1,65,118,68,130,76,20,73.5,294,31.437769,118,95.625,765,41.955546,172,-21,-0.31818182,32,-6,24,0,0.4,0,27.86,21.26,28.5325,47.21,67.19,42.985,1.31,1.33,1.35,17,0.10227273,0.18181818,0.25180208,0.129,0.79055208,0.135,1347.5107,867.29,1.7944792,2.14,0.13073139,-0.99141783
5103403,2024-06-30,46,114,162.4,0,development,1,44,65,67,172,135,18,68.25,273,34.490337,118,79.875,639,31.547866,118,2,0.044444444,23,-5.25,28,0,0,0,26.64,28.13,28.16,43.98,45.62,42.575,1.22,1.06,1.39,15,0.12098299,0.23913043,0.25180208,0.129,0.79055208,0.135,1347.5107,867.29,1.7944792,2.14,0.010687022,-0.99994289
5103403,2024-07-07,41,93,162.4,0,development,1,46,44,118,118,132,20,49,196,10.86278,65,70.25,562,29.960689,118,-5,-0.10638298,-7,-19.25,21,0,0,0,21.49,29.11,26.255,59.46,41.11,47.1625,1.59,1.54,1.4025,11,0.13146936,0.24390244,0.25180208,0.129,0.79055208,0.135,1347.5107,867.29,1.7944792,2.14,-0.10951213,-0.99398546
5103403,2024-07-14,41,67,162.4,0,development,1,41,46,65,113,126,22,43,172,2.4494897,46,61.25,490,25.811127,118,0,0,5,-6,19,0,0,0,23.89,29.03,24.97,47.2,38,49.4625,1.07,1.49,1.2975,10,0.28138013,0.48780488,0.25180208,0.129,0.79055208,0.135,1347.5107,867.29,1.7944792,2.14,-0.22812518,-0.97363181
5103403,2024-07-21,19,60,162.4,0,development,1,41,41,44,68,141,10,36.75,147,12.065792,46,55.125,441,29.526925,118,-22,-0.52380952,-22,-6.25,9,0,0,0,27.82,27.86,24.96,34.59,47.21,46.3075,1.01,1.31,1.2225,11,0.13573407,0.26315789,0.25180208,0.129,0.79055208,0.135,1347.5107,867.29,1.7944792,2.14,-0.34343422,-0.93917673
5103403,2024-07-28,13,71,162.4,0,development,1,19,41,46,67,130,10,28.5,114,14.640128,41,48.375,387,32.451887,118,-6,-0.3,16,-8.25,3,0,0,0,29.24,26.64,25.61,35.92,43.98,44.2925,1.43,1.22,1.275,7,0.15976331,0.23076923,0.25180208,0.129,0.79055208,0.135,1347.5107,867.29,1.7944792,2.14,-0.45376919,-0.89111925
5103403,2024-08-04,20,77,162.4,0,development,1,13,19,41,118,172,7,23.25,93,12.230427,41,36.125,289,17.43918,65,7,0.5,13,-5.25,13,0.2,0,0.05,26.97,21.49,26.98,37.1,59.46,38.7025,1.91,1.59,1.355,11,0.135,0.25,0.25180208,0.129,0.79055208,0.135,1347.5107,867.29,1.7944792,2.14,-0.55753207,-0.8301554
5103403,2024-08-11,15,78,162.4,0,development,1,20,13,41,65,118,10,16.75,67,3.3040379,20,29.875,239,14.287232,46,-5,-0.23809524,-12,-6.5,5,0,0,0.05,27.76,23.89,27.9475,27.71,47.2,33.83,1.09,1.07,1.36,10,0.12888889,0.2,0.25180208,0.129,0.79055208,0.135,1347.5107,867.29,1.7944792,2.14,-0.65322004,-0.75716814
5103403,2024-08-18,12,85,162.4,0,development,1,15,20,19,44,113,10,15,60,3.5590261,20,25.875,207,14.24718,46,-3,-0.1875,2,-1.75,2,0,0,0.05,32.02,27.82,28.9975,24.27,34.59,31.25,1.72,1.01,1.5375,6,0.25,0.41666667,0.25180208,0.129,0.79055208,0.135,1347.5107,867.29,1.7944792,2.14,-0.7394472,-0.67321456
5103403,2024-08-25,24,66,162.4,0,development,1,12,15,13,46,68,6,17.75,71,5.3150729,24,23.125,185,11.703937,41,12,0.92307692,15,2.75,18,0,0,0.05,27.71,29.24,28.615,32.79,35.92,30.4675,1.67,1.43,1.5975,9,0.19097222,0.33333333,0.25180208,0.129,0.79055208,0.135,1347.5107,867.29,1.7944792,2.14,-0.81496471,-0.57951059
5103403,2024-09-01,26,58,162.4,0,development,1,24,12,20,41,67,12,19.25,77,6.8007353,26,21.25,170,9.4074439,41,2,0.08,-10,1.5,14,0,0.2,0,31.17,26.97,29.665,30.4,37.1,28.7925,1.42,1.91,1.475,7,0.36686391,0.57692308,0.25180208,0.129,0.79055208,0.135,1347.5107,867.29,1.7944792,2.14,-0.87867881,-0.47741339
5103403,2024-09-08,16,43,162.4,0,development,1,26,24,15,41,118,10,19.5,78,6.6080759,26,18.125,145,5.055054,26,-10,-0.37037037,-12,0.25,6,0,0,0,33.04,27.76,30.985,20.09,27.71,26.8875,1.44,1.09,1.5625,9,0.1953125,0.375,0.25180208,0.129,0.79055208,0.135,1347.5107,867.29,1.7944792,2.14,-0.92966673,-0.36840165
5103403,2024-09-15,19,30,162.4,0,development,1,16,26,12,19,65,4,21.25,85,4.5734742,26,18.125,145,5.055054,26,3,0.17647059,13,1.75,15,0,0,0,32.16,32.02,31.02,41.89,24.27,31.2925,1.68,1.72,1.5525,7,0.32409972,0.52631579,0.25180208,0.129,0.79055208,0.135,1347.5107,867.29,1.7944792,2.14,-0.96718998,-0.25405422
5103403,2024-09-22,5,38,162.4,0,development,1,19,16,24,13,44,17,16.5,66,8.7368949,26,17.125,137,6.7281392,26,-14,-0.7,-17,-4.75,-12,5.2,0,1.3,32.99,27.71,32.34,36.1,32.79,32.12,1.72,1.67,1.565,3,0.36,0.4,0.25180208,0.129,0.79055208,0.135,1347.5107,867.29,1.7944792,2.14,-0.9907051,-0.13602725
5103403,2024-09-29,18,24,162.4,0,development,1,5,19,26,20,46,3,14.5,58,6.4549722,19,16.875,135,6.6426651,26,13,2.1666667,27,-2,15,2.6,0,1.95,33.96,31.17,33.0375,37.93,30.4,34.0025,1.92,1.42,1.69,6,0.32098765,0.5,0.25180208,0.129,0.79055208,0.135,1347.5107,867.29,1.7944792,2.14,-0.99987151,-0.016030151
5103403,2024-10-06,1,29,162.4,0,development,1,18,5,16,15,41,6,10.75,43,9.1058589,19,15.125,121,8.7249642,26,-17,-0.89473684,-30,-3.75,-5,20.6,0,7.1,33.48,33.04,33.1475,42.47,20.09,39.5975,2.17,1.44,1.8725,1,1,1,0.25180208,0.129,0.79055208,0.135,1347.5107,867.29,1.7944792,2.14,-0.99455646,0.10419912
5103403,2024-10-13,6,27,162.4,0,development,1,1,18,19,12,41,8,7.5,30,7.3257537,18,14.375,115,9.2726557,26,5,2.5,22,-3.25,-2,19.6,0,12,31.41,32.16,32.96,50.61,41.89,41.7775,1.77,1.68,1.895,3,0.5,0.66666667,0.25180208,0.129,0.79055208,0.135,1347.5107,867.29,1.7944792,2.14,-0.97483692,0.22291924
5103403,2024-10-20,13,22,162.4,0,development,1,6,1,5,24,19,2,9.5,38,7.5055535,18,13,104,8.4176685,26,7,1,2,2,11,1,5.2,10.95,31.86,32.99,32.6775,48.9,36.1,44.9775,2.27,1.72,2.0325,5,0.27810651,0.38461538,0.25180208,0.129,0.79055208,0.135,1347.5107,867.29,1.7944792,2.14,-0.9409985,0.33841075
5103403,2024-10-27,4,23,162.4,0,development,1,13,6,18,26,13,5,6,24,5.0990195,13,10.25,82,7.0457687,19,-9,-0.64285714,-16,-3.5,-1,1.8,2.6,10.75,30.26,33.96,31.7525,59.88,37.93,50.465,2.09,1.92,2.075,4,0.25,0.25,0.25180208,0.129,0.79055208,0.135,1347.5107,867.29,1.7944792,2.14,-0.89353128,0.44900094
5103403,2024-11-03,6,38,162.4,0,development,1,4,13,1,16,20,7,7.25,29,3.9475731,13,9,72,6.761234,19,2,0.4,11,1.25,-1,34.8,20.6,14.3,28.61,33.48,30.535,67.17,42.47,56.64,1.84,2.17,1.9925,3,0.5,0.66666667,0.25180208,0.129,0.79055208,0.135,1347.5107,867.29,1.7944792,2.14,-0.83312277,0.55308811
5103403,2024-11-10,4,71,162.4,0,development,1,6,4,6,19,15,6,6.75,27,4.2720019,13,7.125,57,5.5661605,18,-2,-0.28571429,-4,-0.5,-2,7.6,19.6,11.3,29.48,31.41,30.0525,59.64,50.61,58.8975,1.78,1.77,1.995,3,0.375,0.5,0.25180208,0.129,0.79055208,0.135,1347.5107,867.29,1.7944792,2.14,-0.76064786,0.64916472
5103403,2024-11-17,8,113,162.4,0,development,1,4,6,13,5,12,6,5.5,22,1.9148542,8,7.5,60,5.5032458,18,4,0.8,6,-1.25,2,9.2,1,13.35,29.69,31.86,29.51,61.51,48.9,62.05,1.77,2.27,1.87,7,0.15625,0.25,0.25180208,0.129,0.79055208,0.135,1347.5107,867.29,1.7944792,2.14,-0.67715625,0.73583926
5103403,2024-11-24,5,129,162.4,0,development,1,8,4,4,18,24,17,5.75,23,1.7078251,8,5.875,47,3.5228844,13,-3,-0.33333333,-7,0.25,-12,24,1.8,18.9,30.08,30.26,29.465,60.64,59.88,62.24,2.22,2.09,1.9025,4,0.28,0.4,0.25180208,0.129,0.79055208,0.135,1347.5107,867.29,1.7944792,2.14,-0.58385715,0.81185641
5103403,2024-12-01,21,156,162.4,0,development,1,5,8,6,1,26,6,9.5,38,7.8528127,21,8.375,67,5.8782286,21,16,2.6666667,19,3.75,15,,34.8,,,28.61,,,67.17,,,1.84,,10,0.12018141,0.19047619,0.25180208,0.129,0.79055208,0.135,1347.5107,867.29,1.7944792,2.14,-0.48210187,0.87611517
5103403,2024-12-08,37,295,162.4,1,purged,1,21,5,4,6,16,4,17.75,71,14.591664,37,12.25,98,11.5604,37,16,0.72727273,0,8.25,33,,7.6,,,29.48,,,59.64,,,1.78,,10,0.1687363,0.24324324,0.25180208,0.129,0.79055208,0.135,1347.5107,867.29,1.7944792,2.14,-0.37336414,0.92768487
5103403,2024-12-15,50,585,162.4,1,purged,1,37,21,8,13,19,6,28.25,113,19.517087,50,16.875,135,17.683224,50,13,0.34210526,-3,10.5,44,,9.2,,,29.69,,,61.51,,,1.77,,10,0.1632,0.26,0.25180208,0.129,0.79055208,0.135,1347.5107,867.29,1.7944792,2.14,-0.25921886,0.96581861
5103403,2024-12-22,21,737,162.4,1,purged,1,50,37,5,4,5,8,32.25,129,14.0327,50,19,152,16.91998,50,-29,-0.56862745,-42,4,13,,24,,,30.08,,,60.64,,,2.22,,9,0.16099773,0.23809524,0.25180208,0.129,0.79055208,0.135,1347.5107,867.29,1.7944792,2.14,-0.14131923,0.98996408
5103403,2024-12-29,48,856,162.4,1,purged,1,21,50,21,6,18,12,39,156,13.291601,50,24.25,194,18.729274,50,27,1.2272727,56,6.75,36,34.4,,,29.38,,,63.97,,,2.04,,,10,0.20746528,0.33333333,0.25180208,0.129,0.79055208,0.135,1347.5107,867.29,1.7944792,2.14,-0.021372823,0.99977158
5103403,2025-01-05,176,812,162.4,1,evaluation,1,48,21,37,4,1,35,73.75,295,69.437622,176,45.75,366,55.259776,176,128,2.6122449,101,34.75,141,134.8,,,28.1,,,76.06,,,1.6,,,39,0.06566374,0.125,0.25180208,0.129,0.79055208,0.135,1347.5107,867.29,1.7944792,2.14,0.085907864,0.99630309
5103403,2025-01-12,340,601,162.4,1,evaluation,1,176,48,50,8,6,28,146.25,585,145.79066,340,87.25,698,115.11206,340,164,0.92655367,36,72.5,312,102,,,28.19,,,72.32,,,1.67,,,61,0.038096886,0.094117647,0.25180208,0.129,0.79055208,0.135,1347.5107,867.29,1.7944792,2.14,0.20497026,0.9787682
5103403,2025-01-19,173,485,162.4,1,evaluation,1,340,176,21,5,13,42,184.25,737,119.74522,340,108.25,866,113.27306,340,-167,-0.48973607,-331,38,131,32,,75.8,29.05,,28.68,65.37,,69.43,1.77,,1.77,59,0.040529253,0.14450867,0.25180208,0.129,0.79055208,0.135,1347.5107,867.29,1.7944792,2.14,0.32106401,0.9470575
5103403,2025-01-26,167,394,162.4,1,evaluation,1,173,340,48,21,4,31,214,856,84.083292,340,126.5,1012,108.88395,340,-6,-0.034482759,161,29.75,136,32,34.4,75.2,29.74,29.38,28.77,64.55,63.97,69.575,1.75,2.04,1.6975,50,0.043422138,0.13173653,0.25180208,0.129,0.79055208,0.135,1347.5107,867.29,1.7944792,2.14,0.43250768,0.90163025
5103403,2025-02-02,132,297,162.4,1,evaluation,1,167,173,176,37,6,43,203,812,93.105675,340,138.375,1107,102.73536,340,-35,-0.20833333,-29,-11,89,4.4,134.8,42.6,28.95,28.1,28.9825,64.09,76.06,66.5825,1.92,1.6,1.7775,37,0.055440771,0.11363636,0.25180208,0.129,0.79055208,0.135,1347.5107,867.29,1.7944792,2.14,0.53768721,0.84314439
5103403,2025-02-09,129,208,162.4,1,evaluation,1,132,167,340,50,4,30,150.25,601,22.969182,173,148.25,1186,96.643306,340,-3,-0.022556391,32,-52.75,99,66.4,102,33.7,28.39,28.19,29.0325,66.88,72.32,65.2225,1.57,1.67,1.7525,41,0.05294153,0.11627907,0.25180208,0.129,0.79055208,0.135,1347.5107,867.29,1.7944792,2.14,0.63507923,0.772447
5103403,2025-02-16,57,166,162.4,1,evaluation,1,129,132,173,21,8,111,121.25,485,46.176293,167,152.75,1222,90.515587,340,-72,-0.55384615,-69,-29,-54,47.2,32,37.5,28.94,29.05,29.005,64.91,65.37,65.1075,1.42,1.77,1.665,28,0.055709449,0.12280702,0.25180208,0.129,0.79055208,0.135,1347.5107,867.29,1.7944792,2.14,0.72327319,0.69056201
5103403,2025-02-23,76,100,162.4,0,evaluation,1,57,129,167,48,5,123,98.5,394,37.775654,132,156.25,1250,86.331173,340,19,0.32758621,91,-22.75,-47,16,32,33.5,28.9,29.74,28.795,69.41,64.55,66.3225,1.46,1.75,1.5925,32,0.046052632,0.092105263,0.25180208,0.129,0.79055208,0.135,1347.5107,867.29,1.7944792,2.14,0.80099175,0.59867538
5103403,2025-03-02,35,83,162.4,0,evaluation,1,76,57,132,176,21,100,74.25,297,40.161134,129,138.625,1109,95.616701,340,-41,-0.53246753,-60,-24.25,-65,49.2,4.4,44.7,27.84,28.95,28.5175,72.3,64.09,68.375,1.42,1.92,1.4675,19,0.092244898,0.22857143,0.25180208,0.129,0.79055208,0.135,1347.5107,867.29,1.7944792,2.14,0.86710929,0.49811794
5103403,2025-03-09,40,59,162.4,0,evaluation,1,35,76,129,340,37,104,52,208,18.5652,76,101.125,809,55.962838,173,5,0.13888889,46,-22.25,-64,22.4,66.4,33.7,28.11,28.39,28.4475,70.31,66.88,69.2325,1.17,1.57,1.3675,20,0.07,0.15,0.25180208,0.129,0.79055208,0.135,1347.5107,867.29,1.7944792,2.14,0.92066819,0.3903461
5103403,2025-03-16,15,54,162.4,0,evaluation,1,40,35,57,173,50,112,41.5,166,25.409972,76,81.375,651,54.842469,167,-25,-0.6097561,-30,-10.5,-97,80.8,47.2,42.1,29.73,28.94,28.645,65.78,64.91,69.45,1.38,1.42,1.3575,11,0.10222222,0.13333333,0.25180208,0.129,0.79055208,0.135,1347.5107,867.29,1.7944792,2.14,0.96089276,0.27692075
5103403,2025-03-23,10,53,162.4,0,evaluation,1,15,40,76,167,21,76,25,100,14.719601,40,61.75,494,47.412325,132,-5,-0.3125,20,-16.5,-66,59.2,16,52.9,29.32,28.9,28.75,65.78,69.41,68.5425,1.54,1.46,1.3775,10,0.1,0.1,0.25180208,0.129,0.79055208,0.135,1347.5107,867.29,1.7944792,2.14,0.98720041,0.15948466
5103403,2025-03-30,18,52,162.4,0,evaluation,1,10,15,35,132,48,135,20.75,83,13.250786,40,47.5,380,39.803087,129,8,0.72727273,13,-4.25,-117,82,49.2,61.1,28.11,27.84,28.8175,73.18,72.3,68.7625,1.5,1.42,1.3975,11,0.12345679,0.22222222,0.25180208,0.129,0.79055208,0.135,1347.5107,867.29,1.7944792,2.14,0.99921011,0.0397387
5103403,2025-04-06,16,49,162.4,0,evaluation,1,18,10,40,129,176,132,14.75,59,3.4034296,18,33.375,267,23.433416,76,-2,-0.10526316,-10,-6,-116,38,22.4,65,27.38,28.11,28.635,73.71,70.31,69.6125,1.1,1.17,1.38,10,0.140625,0.25,0.25180208,0.129,0.79055208,0.135,1347.5107,867.29,1.7944792,2.14,0.99674792,-0.080582805
5103403,2025-04-13,10,51,162.4,0,evaluation,1,16,18,15,57,340,126,13.5,54,4.1231056,18,27.5,220,22.538855,76,-6,-0.35294118,-4,-1.25,-116,50.8,80.8,57.5,28.85,29.73,28.415,71.73,65.78,71.1,1.34,1.38,1.37,7,0.16,0.2,0.25180208,0.129,0.79055208,0.135,1347.5107,867.29,1.7944792,2.14,0.9798495,-0.1997372
5103403,2025-04-20,9,55,162.4,0,evaluation,1,10,16,10,76,173,141,13.25,53,4.425306,18,19.125,153,11.861553,40,-1,-0.090909091,5,-0.25,-132,118,59.2,72.2,28.88,29.32,28.305,70.08,65.78,72.175,1.31,1.54,1.3125,5,0.25925926,0.33333333,0.25180208,0.129,0.79055208,0.135,1347.5107,867.29,1.7944792,2.14,0.94875961,-0.31599874
5103403,2025-04-27,17,44,162.4,0,evaluation,1,9,10,18,35,167,130,13,52,4.0824829,17,16.875,135,9.9776536,40,8,0.8,9,-0.25,-113,71.6,82,69.6,27.21,28.11,28.08,71.14,73.18,71.665,1.1,1.5,1.2125,9,0.25951557,0.47058824,0.25180208,0.129,0.79055208,0.135,1347.5107,867.29,1.7944792,2.14,0.90392852,-0.42768357
5103403,2025-05-04,13,39,162.4,0,evaluation,1,17,9,16,40,132,172,12.25,49,3.5939764,17,13.5,108,3.5050983,18,-4,-0.22222222,-12,-0.75,-159,4,38,61.1,29.24,27.38,28.545,64.33,73.71,69.32,1.19,1.1,1.235,11,0.10059172,0.15384615,0.25180208,0.129,0.79055208,0.135,1347.5107,867.29,1.7944792,2.14,0.84600553,-0.53317411
5103403,2025-05-11,12,31,162.4,0,evaluation,1,13,17,10,15,129,118,12.75,51,3.3040379,17,13.125,105,3.4820971,18,-1,-0.071428571,3,0.5,-106,20.8,50.8,53.6,27.79,28.85,28.28,66.36,71.73,67.9775,1.25,1.34,1.2125,7,0.20833333,0.33333333,0.25180208,0.129,0.79055208,0.135,1347.5107,867.29,1.7944792,2.14,0.77582958,-0.63094252
5103403,2025-05-18,13,25,162.4,0,evaluation,1,12,13,9,10,57,113,13.75,55,2.2173558,17,13.5,108,3.2513733,18,1,0.076923077,2,1,-100,0,118,24.1,27.98,28.88,28.055,57.25,70.08,64.77,1.06,1.31,1.15,6,0.20710059,0.30769231,0.25180208,0.129,0.79055208,0.135,1347.5107,867.29,1.7944792,2.14,0.69441703,-0.71957279
5103403,2025-05-25,6,25,162.4,0,evaluation,1,13,12,17,18,76,68,11,44,3.3665016,13,12,96,3.6253079,17,-7,-0.5,-8,-2.75,-62,0.8,71.6,6.4,23.96,27.21,27.2425,62.24,71.14,62.545,1.41,1.1,1.2275,3,0.38888889,0.5,0.25180208,0.129,0.79055208,0.135,1347.5107,867.29,1.7944792,2.14,0.60294701,-0.79778124
5103403,2025-06-01,8,24,162.4,0,evaluation,1,6,13,13,16,35,67,9.75,39,3.3040379,13,11,88,3.4641016,17,2,0.28571429,9,-1.25,-59,0,4,5.4,26.99,29.24,26.68,60.1,64.33,61.4875,1.1,1.19,1.205,5,0.3125,0.5,0.25180208,0.129,0.79055208,0.135,1347.5107,867.29,1.7944792,2.14,0.50274431,-0.86443517
5103403,2025-06-08,4,26,162.4,0,evaluation,1,8,6,12,10,40,118,7.75,31,3.8622101,13,10.25,82,4.2678198,17,-4,-0.44444444,-6,-2,-114,0,20.8,0.2,26.03,27.79,26.24,62.1,66.36,60.4225,1.43,1.25,1.25,3,0.375,0.5,0.25180208,0.129,0.79055208,0.135,1347.5107,867.29,1.7944792,2.14,0.3952602,-0.9185692
5103403,2025-06-15,7,25,162.4,0,evaluation,1,4,8,13,9,15,65,6.25,25,1.7078251,8,10,80,4.4077853,17,3,0.6,7,-1.5,-58,0,0,0.2,26.74,27.98,25.93,57.03,57.25,60.3675,1.34,1.06,1.32,3,0.3877551,0.42857143,0.25180208,0.129,0.79055208,0.135,1347.5107,867.29,1.7944792,2.14,0.28205141,-0.95939929
5103403,2025-06-22,6,27,162.4,0,evaluation,1,7,4,6,17,10,44,6.25,25,1.7078251,8,8.625,69,3.543102,13,-1,-0.125,-4,0,-38,2.8,0.8,0.7,25.69,23.96,26.3625,63.63,62.24,60.715,1.32,1.41,1.2975,4,0.27777778,0.33333333,0.25180208,0.129,0.79055208,0.135,1347.5107,867.29,1.7944792,2.14,0.16475757,-0.98633409
5103403,2025-06-29,7,24,162.4,0,evaluation,1,6,7,8,13,18,46,6,24,1.4142136,7,7.875,63,3.0908852,13,1,0.14285714,2,-0.25,-39,1.2,0,1,19.44,26.99,24.475,74.23,60.1,64.2475,1.9,1.1,1.4975,4,0.30612245,0.42857143,0.25180208,0.129,0.79055208,0.135,1347.5107,867.29,1.7944792,2.14,0.045077499,-0.99898349
5103403,2025-07-06,6,22,162.4,0,evaluation,1,7,6,4,12,16,41,6.5,26,0.57735027,7,7.125,57,2.6423745,13,-1,-0.125,-2,0.5,-35,0,0,1,25.77,26.03,24.41,44.8,62.1,59.9225,0.89,1.43,1.3625,3,0.33333333,0.33333333,0.25180208,0.129,0.79055208,0.135,1347.5107,867.29,1.7944792,2.14,-0.075255445,-0.99716429
5103403,2025-07-13,6,24,162.4,0,evaluation,1,6,7,7,13,10,41,6.25,25,0.5,7,6.25,50,1.1649647,8,0,0,1,-0.25,-35,0,0,1,24.6,26.74,23.875,50.85,57.03,58.3775,1.15,1.34,1.315,4,0.33333333,0.5,0.25180208,0.129,0.79055208,0.135,1347.5107,867.29,1.7944792,2.14,-0.19449844,-0.98090283
5103403,2025-07-20,8,26,162.4,0,evaluation,1,6,6,6,6,9,19,6.75,27,0.95742711,8,6.5,52,1.3093073,8,2,0.28571429,2,0.5,-11,0,2.8,0.3,27.59,25.69,24.35,43.6,63.63,53.37,0.96,1.32,1.225,5,0.25,0.375,0.25180208,0.129,0.79055208,0.135,1347.5107,867.29,1.7944792,2.14,-0.31092445,-0.95043463
5103403,2025-07-27,4,27,162.4,0,evaluation,1,8,6,7,8,17,13,6,24,1.6329932,8,6,48,1.4142136,8,-4,-0.44444444,-6,-0.75,-9,0,1.2,0,26.97,19.44,26.2325,47.95,74.23,46.8,1.38,1.9,1.095,2,0.5,0.5,0.25180208,0.129,0.79055208,0.135,1347.5107,867.29,1.7944792,2.14,-0.42284724,-0.90620098
5103403,2025-08-03,4,24,162.4,0,evaluation,1,4,8,6,4,13,20,5.5,22,1.9148542,8,6,48,1.4142136,8,0,0,4,-0.5,-16,6,0,1.5,25.16,25.77,26.08,59.5,44.8,50.475,1.5,0.89,1.2475,3,0.375,0.5,0.25180208,0.129,0.79055208,0.135,1347.5107,867.29,1.7944792,2.14,-0.5286458,-0.84884252
5103403,2025-08-10,8,26,162.4,0,evaluation,1,4,4,6,7,12,15,6,24,2.3094011,8,6.125,49,1.5526475,8,4,0.8,4,0.5,-7,0,0,1.5,24.26,24.6,25.995,38.3,50.85,47.3375,1.09,1.15,1.2325,6,0.1875,0.25,0.25180208,0.129,0.79055208,0.135,1347.5107,867.29,1.7944792,2.14,-0.6267878,-0.77919
5103403,2025-08-17,10,23,162.4,0,evaluation,1,8,4,8,6,13,12,6.5,26,3,10,6.625,53,2.0658793,10,2,0.22222222,-2,0.5,-2,0.4,0,1.6,32.14,27.59,27.1325,27.34,43.6,43.2725,1.78,0.96,1.4375,4,0.28,0.3,0.25180208,0.129,0.79055208,0.135,1347.5107,867.29,1.7944792,2.14,-0.71585183,-0.69825221
5103403,2025-08-24,5,23,162.4,0,evaluation,1,10,8,4,7,6,24,6.75,27,2.7537853,10,6.375,51,2.1339099,10,-5,-0.45454545,-7,0.25,-19,0,0,1.6,26.34,26.97,26.975,46.39,47.95,42.8825,1.58,1.38,1.4875,4,0.28,0.4,0.25180208,0.129,0.79055208,0.135,1347.5107,867.29,1.7944792,2.14,-0.79454795,-0.60720141
5103403,2025-08-31,1,31,162.4,0,evaluation,1,5,10,4,6,8,26,6,24,3.91578,10,5.75,46,2.8660575,10,-4,-0.66666667,1,-0.75,-25,0,6,0.1,32.98,25.16,28.93,27.48,59.5,34.8775,1.4,1.5,1.4625,1,1,1,0.25180208,0.129,0.79055208,0.135,1347.5107,867.29,1.7944792,2.14,-0.86173637,-0.50735631
5103403,2025-09-07,10,32,162.4,0,evaluation,1,1,5,8,6,4,16,6.5,26,4.3588989,10,6.25,50,3.2403703,10,9,4.5,13,0.5,-6,,0,,,24.26,,,38.3,,,1.09,,6,0.2,0.3,0.25180208,0.129,0.79055208,0.135,1347.5107,867.29,1.7944792,2.14,-0.91644398,-0.40016301
5103403,2025-09-14,7,40,162.4,0,evaluation,1,10,1,10,8,7,19,5.75,23,3.7749172,10,6.125,49,3.1819805,10,-3,-0.27272727,-12,-0.75,-12,,0.4,,,32.14,,,27.34,,,1.78,,5,0.2244898,0.28571429,0.25180208,0.129,0.79055208,0.135,1347.5107,867.29,1.7944792,2.14,-0.95787843,-0.28717401
5103403,2025-09-21,5,47,162.4,0,evaluation,1,7,10,5,4,6,5,5.75,23,3.7749172,10,6.25,50,3.105295,10,-2,-0.25,1,0,0,,0,,,26.34,,,46.39,,,1.58,,5,0.2,0.2,0.25180208,0.129,0.79055208,0.135,1347.5107,867.29,1.7944792,2.14,-0.98543961,-0.17002578
5103403,2025-09-28,9,50,162.4,0,evaluation,1,5,7,1,4,7,18,7.75,31,2.2173558,10,6.875,55,3.0908852,10,4,0.66666667,6,2,-9,,0,,,32.98,,,27.48,,,1.4,,6,0.18518519,0.22222222,0.25180208,0.129,0.79055208,0.135,1347.5107,867.29,1.7944792,2.14,-0.99872835,-0.050415011
5103403,2025-10-05,11,50,162.4,0,evaluation,1,9,5,10,8,6,1,8,32,2.5819889,11,7.25,58,3.4121631,11,2,0.2,-2,0.25,10,,,,,,,,,,,,,6,0.27272727,0.45454545,0.25180208,0.129,0.79055208,0.135,1347.5107,867.29,1.7944792,2.14,-0.99755219,0.069925936
5103403,2025-10-12,15,44,162.4,0,evaluation,1,11,9,7,10,6,6,10,40,4.163332,15,7.875,63,4.3239367,15,4,0.33333333,2,2,9,,,,,,,,,,,,,9,0.18222222,0.33333333,0.25180208,0.129,0.79055208,0.135,1347.5107,867.29,1.7944792,2.14,-0.98192814,0.18925412
5103403,2025-10-19,12,46,162.4,0,evaluation,1,15,11,5,5,8,13,11.75,47,2.5,15,8.75,70,4.3670847,15,-3,-0.1875,-7,1.75,-1,1.2,,,32.77,,,37.97,,,1.91,,,7,0.19444444,0.33333333,0.25180208,0.129,0.79055208,0.135,1347.5107,867.29,1.7944792,2.14,-0.95208251,0.30584128
5103403,2025-10-26,12,39,162.4,0,evaluation,1,12,15,9,1,4,4,12.5,50,1.7320508,15,10.125,81,3.1367636,15,0,0,3,0.75,8,0.4,,,28.29,,,58.19,,,1.74,,,8,0.15277778,0.25,0.25180208,0.129,0.79055208,0.135,1347.5107,867.29,1.7944792,2.14,-0.90844756,0.41799884
5103403,2025-11-02,11,33,162.4,0,evaluation,1,12,12,11,10,4,6,12.5,50,1.7320508,15,10.25,82,3.1509636,15,-1,-0.076923077,-1,0,5,26.8,,,31.56,,,53.51,,,2.2,,,4,0.32231405,0.45454545,0.25180208,0.129,0.79055208,0.135,1347.5107,867.29,1.7944792,2.14,-0.85165526,0.52410239
5103403,2025-11-09,9,33,162.4,0,evaluation,1,11,12,15,7,8,4,11,44,1.4142136,12,10.5,84,2.9277002,15,-2,-0.16666667,-1,-1.5,5,22,,12.6,29.69,,30.5775,57.88,,51.8875,1.63,,1.87,6,0.20987654,0.33333333,0.25180208,0.129,0.79055208,0.135,1347.5107,867.29,1.7944792,2.14,-0.78252817,0.62261518
5103403,2025-11-16,14,27,162.4,0,evaluation,1,9,11,12,5,10,8,11.5,46,2.081666,14,11.625,93,2.1339099,15,5,0.5,7,0.5,6,7.6,1.2,14.2,28.63,32.77,29.5425,57.66,37.97,56.81,1.48,1.91,1.7625,9,0.18367347,0.35714286,0.25180208,0.129,0.79055208,0.135,1347.5107,867.29,1.7944792,2.14,-0.70206746,0.71211044
5103403,2025-11-23,5,28,162.4,0,evaluation,1,14,9,12,9,5,5,9.75,39,3.7749172,14,11.125,89,3.0908852,15,-9,-0.6,-14,-1.75,0,34.8,0.4,22.8,30.53,28.29,30.1025,56.53,58.19,56.395,1.62,1.74,1.7325,4,0.28,0.4,0.25180208,0.129,0.79055208,0.135,1347.5107,867.29,1.7944792,2.14,-0.61143848,0.79129197
5103403,2025-11-30,5,24,162.4,0,evaluation,1,5,14,11,11,1,21,8.25,33,4.2720019,14,10.375,83,3.7772817,15,0,0,9,-1.5,-16,23.2,26.8,21.9,29.51,31.56,29.59,62.92,53.51,58.7475,2.11,2.2,1.71,4,0.28,0.4,0.25180208,0.129,0.79055208,0.135,1347.5107,867.29,1.7944792,2.14,-0.51195383,0.85901296
5103403,2025-12-07,9,31,162.4,0,evaluation,1,5,5,9,15,10,37,8.25,33,4.2720019,14,9.625,77,3.2923071,14,4,0.66666667,4,0,-28,23.6,22,22.3,28.21,29.69,29.22,64.92,57.88,60.5075,2.52,1.63,1.9325,5,0.28395062,0.44444444,0.25180208,0.129,0.79055208,0.135,1347.5107,867.29,1.7944792,2.14,-0.40505439,0.91429259
5103403,2025-12-14,8,47,162.4,0,evaluation,1,9,5,14,12,7,50,6.75,27,2.0615528,9,9.125,73,3.1819805,14,-1,-0.1,-5,-1.5,-42,12,7.6,23.4,29.29,28.63,29.385,67.02,57.66,62.8475,2.04,1.48,2.0725,5,0.25,0.375,0.25180208,0.129,0.79055208,0.135,1347.5107,867.29,1.7944792,2.14,-0.29228842,0.95633021
5103403,2025-12-21,6,49,162.4,0,evaluation,1,8,9,5,12,5,21,7,28,1.8257419,9,8.375,67,3.1139089,14,-2,-0.22222222,-1,0.25,-15,23,34.8,20.45,28.51,30.53,28.88,68.84,56.53,65.925,1.64,1.62,2.0775,3,0.5,0.66666667,0.25180208,0.129,0.79055208,0.135,1347.5107,867.29,1.7944792,2.14,-0.17528914,0.984517
5103403,2025-12-28,1,72,162.4,0,evaluation,1,6,8,5,11,9,48,6,24,3.5590261,9,7.125,57,3.8335921,14,-5,-0.71428571,-3,-1,-47,7.2,23.2,16.45,29.76,29.51,28.9425,60.74,62.92,65.38,1.99,2.11,2.0475,1,1,1,0.25180208,0.129,0.79055208,0.135,1347.5107,867.29,1.7944792,2.14,-0.055751083,0.9984447
5103403,2026-01-04,16,87,162.4,0,outside_evaluation,1,1,6,9,9,11,176,7.75,31,6.2383224,16,8,64,4.9569576,16,15,7.5,20,1.75,-160,20.6,23.6,15.7,29.39,28.21,29.2375,62.1,64.92,64.675,1.87,2.52,1.885,8,0.21875,0.3125,0.25180208,0.129,0.79055208,0.135,1347.5107,867.29,1.7944792,2.14,0.068756818,0.99763345
5103403,2026-01-11,24,82,162.4,0,outside_evaluation,1,16,1,8,14,15,340,11.75,47,10.275375,24,9.25,74,7.3630351,24,8,0.47058824,-7,4,-316,22.8,12,18.4,29.24,29.29,29.225,61.51,67.02,63.2975,1.54,2.04,1.76,14,0.12152778,0.25,0.25180208,0.129,0.79055208,0.135,1347.5107,867.29,1.7944792,2.14,0.18810323,0.98214926
5103403,2026-01-18,8,97,162.4,0,outside_evaluation,1,24,16,6,5,12,173,12.25,49,9.9456858,24,9.625,77,7.1900228,24,-16,-0.64,-24,0.5,-165,6.6,23,14.3,30.39,28.51,29.695,57.02,68.84,60.3425,1.6,1.64,1.75,8,0.125,0.125,0.25180208,0.129,0.79055208,0.135,1347.5107,867.29,1.7944792,2.14,0.30472529,0.95244029
5103403,2026-01-25,24,109,162.4,0,outside_evaluation,1,8,24,1,5,12,167,18,72,7.6594169,24,12,96,8.4684288,24,16,1.7777778,32,5.75,-143,28,7.2,19.5,29.01,29.76,29.5075,64.53,60.74,61.29,1.89,1.99,1.725,9,0.40972222,0.625,0.25180208,0.129,0.79055208,0.135,1347.5107,867.29,1.7944792,2.14,0.41693391,0.90893681
5103403,2026-02-01,31,104,162.4,0,outside_evaluation,1,24,8,16,9,11,132,21.75,87,9.7425185,31,14.75,118,10.646931,31,7,0.28,-9,3.75,-101,45.2,20.6,25.65,26.29,29.39,28.7325,79.33,62.1,65.5975,1.59,1.87,1.655,16,0.08012487,0.12903226,0.25180208,0.129,0.79055208,0.135,1347.5107,867.29,1.7944792,2.14,0.52310394,0.8522689
5103403,2026-02-08,19,113,162.4,0,outside_evaluation,1,31,24,24,8,9,129,20.5,82,9.6781541,31,16.125,129,10.35702,31,-12,-0.375,-19,-1.25,-110,71.3,22.8,37.775,25.6,29.24,27.8225,81.83,61.51,70.6775,1.87,1.54,1.7375,9,0.15235457,0.26315789,0.25180208,0.129,0.79055208,0.135,1347.5107,867.29,1.7944792,2.14,0.62169768,0.7832573
5103403,2026-02-15,23,129,162.4,0,outside_evaluation,1,19,31,8,6,14,57,24.25,97,4.9916597,31,18.25,146,9.7064044,31,4,0.2,16,3.75,-34,31.6,6.6,44.025,27.03,30.39,26.9825,74.72,57.02,75.1025,1.17,1.6,1.63,13,0.11909263,0.2173913,0.25180208,0.129,0.79055208,0.135,1347.5107,867.29,1.7944792,2.14,0.71128717,0.70290153
5103403,2026-02-22,36,122,162.4,0,outside_evaluation,1,23,19,24,1,5,76,27.25,109,7.6757193,36,22.625,181,8.6509702,36,13,0.54166667,9,3,-40,45.2,28,48.325,25.79,29.01,26.1775,82.31,64.53,79.5475,1.42,1.89,1.5125,13,0.12654321,0.22222222,0.25180208,0.129,0.79055208,0.135,1347.5107,867.29,1.7944792,2.14,0.79057486,0.6123654
5103403,2026-03-01,26,121,162.4,0,outside_evaluation,1,36,23,31,16,5,35,26,104,7.2571804,36,23.875,191,8.271077,36,-10,-0.27027027,-23,-1.25,-9,,45.2,,,26.29,,,79.33,,,1.59,,15,0.091715976,0.19230769,0.25180208,0.129,0.79055208,0.135,1347.5107,867.29,1.7944792,2.14,0.8584124,0.51296019
5103403,2026-03-08,28,116,162.4,0,outside_evaluation,1,26,36,19,24,9,40,28.25,113,5.5602758,36,24.375,195,8.3996173,36,2,0.074074074,12,2.25,-12,,71.3,,,25.6,,,81.83,,,1.87,,15,0.086734694,0.14285714,0.25180208,0.129,0.79055208,0.135,1347.5107,867.29,1.7944792,2.14,0.91381726,0.40612561
5103403,2026-03-15,39,115,162.4,0,outside_evaluation,1,28,26,23,8,8,15,32.25,129,6.2383224,39,28.25,226,6.7559498,39,11,0.37931034,9,4,24,,31.6,,,27.03,,,74.72,,,1.17,,17,0.21499014,0.43589744,0.25180208,0.129,0.79055208,0.135,1347.5107,867.29,1.7944792,2.14,0.95598701,0.29340898
5103403,2026-03-22,29,121,162.4,0,outside_evaluation,1,39,28,36,24,6,10,30.5,122,5.8022984,39,28.875,231,6.5342504,39,-10,-0.25,-21,-1.75,19,,45.2,,,25.79,,,82.31,,,1.42,,10,0.18192628,0.27586207,0.25180208,0.129,0.79055208,0.135,1347.5107,867.29,1.7944792,2.14,0.98431089,0.17644281
5103403,2026-03-29,25,156,162.4,0,outside_evaluation,1,29,39,26,31,1,18,30.25,121,6.0759087,39,28.125,225,6.599513,39,-4,-0.13333333,6,-0.25,7,,,,,,,,,,,,,12,0.1264,0.24,0.25180208,0.129,0.79055208,0.135,1347.5107,867.29,1.7944792,2.14,0.99837868,0.056921161
5103403,2026-04-05,23,188,162.4,1,outside_evaluation,1,25,29,28,19,16,16,29,116,7.1180522,39,28.625,229,5.9266348,39,-2,-0.076923077,2,-1.25,7,,,,,,,,,,,,,12,0.11531191,0.17391304,0.25180208,0.129,0.79055208,0.135,1347.5107,867.29,1.7944792,2.14,0.99798661,-0.063424895
5103403,2026-04-12,38,201,162.4,1,outside_evaluation,1,23,25,39,23,24,10,28.75,115,6.6520673,38,30.5,244,6.2564253,39,15,0.625,17,-0.25,28,,,,,,,,,,,,,15,0.094182825,0.15789474,0.25180208,0.129,0.79055208,0.135,1347.5107,867.29,1.7944792,2.14,0.98314039,-0.18285235
5103403,2026-04-19,35,200,162.4,1,outside_evaluation,1,38,23,29,36,8,9,30.25,121,7.3654599,38,30.375,243,6.1397417,39,-3,-0.076923077,-18,1.5,26,,,,,,,,,,,,,13,0.12,0.25714286,0.25180208,0.129,0.79055208,0.135,1347.5107,867.29,1.7944792,2.14,0.95405501,-0.29963149
5103403,2026-04-26,60,162,162.4,0,outside_evaluation,1,35,38,25,26,24,17,39,156,15.427249,60,34.625,277,11.819324,60,25,0.69444444,28,8.75,43,,,,,,,,,,,,,12,0.12777778,0.18333333,0.25180208,0.129,0.79055208,0.135,1347.5107,867.29,1.7944792,2.14,0.91115175,-0.41207097
5103403,2026-05-03,55,113,162.4,0,outside_evaluation,1,60,35,23,28,31,13,47,188,12.355835,60,38,304,13.405756,60,-5,-0.081967213,-30,8,42,,,,,,,,,,,,,16,0.10942149,0.18181818,0.25180208,0.129,0.79055208,0.135,1347.5107,867.29,1.7944792,2.14,0.85505198,-0.5185423
5103403,2026-05-10,51,68,162.4,0,outside_evaluation,1,55,60,38,39,19,12,50.25,201,10.812801,60,39.5,316,14.182484,60,-4,-0.071428571,1,3.25,39,,,,,,,,,,,,,12,0.12264514,0.19607843,0.25180208,0.129,0.79055208,0.135,1347.5107,867.29,1.7944792,2.14,0.78656821,-0.6175034
5103403,2026-05-17,34,42,162.4,0,outside_evaluation,1,51,55,35,29,23,13,50,200,11.284207,60,40.125,321,13.757466,60,-17,-0.32692308,-13,-0.25,21,,,,,,,,,,,,,9,0.17128028,0.26470588,0.25180208,0.129,0.79055208,0.135,1347.5107,867.29,1.7944792,2.14,0.70669232,-0.707521
5103403,2026-05-24,22,26,162.4,0,outside_evaluation,1,34,51,60,25,36,6,40.5,162,15.32971,55,39.75,318,14.260335,60,-12,-0.34285714,5,-9.5,16,,,,,,,,,,,,,9,0.18181818,0.31818182,0.25180208,0.129,0.79055208,0.135,1347.5107,867.29,1.7944792,2.14,0.61658117,-0.78729135
5103403,2026-05-31,6,,162.4,,incomplete_horizon,1,22,34,55,23,26,8,28.25,113,19.015345,51,37.625,301,17.911987,60,-16,-0.69565217,-4,-12.25,-2,,,,,,,,,,,,,3,0.38888889,0.5,0.25180208,0.129,0.79055208,0.135,1347.5107,867.29,1.7944792,2.14,0.51753987,-0.85565909
5103403,2026-06-07,6,,162.4,,incomplete_horizon,1,6,22,51,38,28,4,17,68,13.613719,34,33.625,269,21.104756,60,0,0,16,-11.25,2,,,,,,,,,,,,,3,0.38888889,0.5,0.25180208,0.129,0.79055208,0.135,1347.5107,867.29,1.7944792,2.14,0.41100288,-0.91163405
5103403,2026-06-14,8,,162.4,,incomplete_horizon,1,6,6,34,35,39,7,10.5,42,7.7244202,22,30.25,242,22.933133,60,2,0.28571429,2,-6.5,1,,,,,,,,,,,,,2,0.78125,0.875,0.25180208,0.129,0.79055208,0.135,1347.5107,867.29,1.7944792,2.14,0.29851319,-0.95440551
5103403,2026-06-21,6,,162.4,,incomplete_horizon,1,8,6,22,60,29,6,6.5,26,1,8,23.5,188,20.770859,55,-2,-0.22222222,-4,-4,0,,,,,,,,,,,,,2,0.55555556,0.66666667,0.25180208,0.129,0.79055208,0.135,1347.5107,867.29,1.7944792,2.14,0.18170004,-0.983354
